ISO-10303-21;
HEADER;
/* Generated by software containing ST-Developer
 * from STEP Tools, Inc. (www.steptools.com) 
 */
/* OPTION: strings as raw bytes, not using required /X/ escapes */

FILE_DESCRIPTION(
/* description */ ('Unknown'),
/* implementation_level */ '2;1');

FILE_NAME(
/* name */ 'E48SC12030NRFH',
/* time_stamp */ '2024-05-27T13:41:46+02:00',
/* author */ ('Unknown'),
/* organization */ ('Unknown'),
/* preprocessor_version */ 'ST-DEVELOPER v19.4',
/* originating_system */ 'Solid Edge',
/* authorisation */ 'Unknown');

FILE_SCHEMA (('AUTOMOTIVE_DESIGN {1 0 10303 214 3 1 1}'));
ENDSEC;

DATA;
#10=PROPERTY_DEFINITION_REPRESENTATION(#14,#12);
#11=PROPERTY_DEFINITION_REPRESENTATION(#15,#13);
#12=REPRESENTATION('',(#16),#11374);
#13=REPRESENTATION('',(#17),#11374);
#14=PROPERTY_DEFINITION('pmi validation property','',#11379);
#15=PROPERTY_DEFINITION('pmi validation property','',#11379);
#16=VALUE_REPRESENTATION_ITEM('number of annotations',COUNT_MEASURE(0.));
#17=VALUE_REPRESENTATION_ITEM('number of views',COUNT_MEASURE(0.));
#18=SHAPE_REPRESENTATION_RELATIONSHIP('','',#2746,#19);
#19=ADVANCED_BREP_SHAPE_REPRESENTATION('',(#2744),#11374);
#20=(
BOUNDED_SURFACE()
B_SPLINE_SURFACE(1,2,((#6221,#6222,#6223,#6224,#6225,#6226,#6227,#6228,
#6229,#6230,#6231,#6232,#6233,#6234,#6235,#6236,#6237,#6238,#6239,#6240,
#6241,#6242,#6243,#6244,#6245,#6246,#6247,#6248,#6249,#6250,#6251,#6252,
#6253,#6254,#6255,#6256,#6257,#6258,#6259,#6260,#6261,#6262,#6263,#6264,
#6265,#6266,#6267,#6268,#6269,#6270,#6271,#6272,#6273,#6274,#6275,#6276,
#6277,#6278,#6279,#6280,#6281,#6282,#6283,#6284,#6285,#6286,#6287,#6288,
#6289,#6290,#6291,#6292,#6293,#6294,#6295,#6296,#6297,#6298,#6299,#6300,
#6301,#6302,#6303,#6304,#6305,#6306,#6307,#6308,#6309,#6310,#6311,#6312,
#6313,#6314,#6315,#6316,#6317,#6318,#6319,#6320,#6321,#6322,#6323,#6324,
#6325,#6326,#6327,#6328,#6329,#6330,#6331,#6332,#6333,#6334,#6335,#6336,
#6337,#6338,#6339,#6340,#6341,#6342,#6343,#6344,#6345,#6346,#6347,#6348,
#6349,#6350,#6351,#6352,#6353,#6354,#6355,#6356,#6357,#6358,#6359,#6360,
#6361,#6362,#6363,#6364,#6365,#6366,#6367,#6368,#6369,#6370,#6371,#6372,
#6373,#6374,#6375,#6376,#6377,#6378,#6379,#6380,#6381,#6382,#6383,#6384,
#6385,#6386,#6387,#6388,#6389,#6390,#6391,#6392,#6393,#6394,#6395,#6396,
#6397,#6398,#6399,#6400,#6401,#6402,#6403),(#6404,#6405,#6406,#6407,#6408,
#6409,#6410,#6411,#6412,#6413,#6414,#6415,#6416,#6417,#6418,#6419,#6420,
#6421,#6422,#6423,#6424,#6425,#6426,#6427,#6428,#6429,#6430,#6431,#6432,
#6433,#6434,#6435,#6436,#6437,#6438,#6439,#6440,#6441,#6442,#6443,#6444,
#6445,#6446,#6447,#6448,#6449,#6450,#6451,#6452,#6453,#6454,#6455,#6456,
#6457,#6458,#6459,#6460,#6461,#6462,#6463,#6464,#6465,#6466,#6467,#6468,
#6469,#6470,#6471,#6472,#6473,#6474,#6475,#6476,#6477,#6478,#6479,#6480,
#6481,#6482,#6483,#6484,#6485,#6486,#6487,#6488,#6489,#6490,#6491,#6492,
#6493,#6494,#6495,#6496,#6497,#6498,#6499,#6500,#6501,#6502,#6503,#6504,
#6505,#6506,#6507,#6508,#6509,#6510,#6511,#6512,#6513,#6514,#6515,#6516,
#6517,#6518,#6519,#6520,#6521,#6522,#6523,#6524,#6525,#6526,#6527,#6528,
#6529,#6530,#6531,#6532,#6533,#6534,#6535,#6536,#6537,#6538,#6539,#6540,
#6541,#6542,#6543,#6544,#6545,#6546,#6547,#6548,#6549,#6550,#6551,#6552,
#6553,#6554,#6555,#6556,#6557,#6558,#6559,#6560,#6561,#6562,#6563,#6564,
#6565,#6566,#6567,#6568,#6569,#6570,#6571,#6572,#6573,#6574,#6575,#6576,
#6577,#6578,#6579,#6580,#6581,#6582,#6583,#6584,#6585,#6586)),
 .UNSPECIFIED.,.F.,.F.,.F.)
B_SPLINE_SURFACE_WITH_KNOTS((2,2),(3,2,2,2,2,2,2,2,2,2,2,2,2,2,2,2,2,2,
2,2,2,2,2,2,2,2,2,2,2,2,2,2,2,2,2,2,2,2,2,2,2,2,2,2,2,2,2,2,2,2,2,2,2,2,
2,2,2,2,2,2,2,2,2,2,2,2,2,2,2,2,2,2,2,2,2,2,2,2,2,2,2,2,2,2,2,2,2,2,2,2,
2,3),(0.,1.),(0.0399774896320549,0.0428571428571429,0.05,0.0571428571428571,
0.0642857142857143,0.0714285714285714,0.0785714285714286,0.0857142857142857,
0.0928571428571429,0.1,0.107142857142857,0.114285714285714,0.121428571428571,
0.128571428571429,0.135714285714286,0.142857142857143,0.15,0.157142857142857,
0.164285714285714,0.171428571428571,0.178571428571429,0.185714285714286,
0.192857142857143,0.2,0.207142857142857,0.214285714285714,0.221428571428571,
0.228571428571429,0.235714285714286,0.242857142857143,0.25,0.257142857142857,
0.264285714285714,0.271428571428571,0.278571428571429,0.285714285714286,
0.292857142857143,0.3,0.307142857142857,0.314285714285714,0.321428571428571,
0.328571428571429,0.335714285714286,0.342857142857143,0.35,0.357142857142857,
0.364285714285714,0.371428571428571,0.378571428571429,0.385714285714286,
0.392857142857143,0.4,0.407142857142857,0.414285714285714,0.421428571428571,
0.428571428571429,0.435714285714286,0.442857142857143,0.45,0.457142857142857,
0.464285714285714,0.471428571428571,0.478571428571429,0.485714285714286,
0.492857142857143,0.5,0.507142857142857,0.514285714285714,0.521428571428571,
0.528571428571429,0.535714285714286,0.542857142857143,0.55,0.557142857142857,
0.564285714285714,0.571428571428571,0.578571428571429,0.585714285714286,
0.592857142857143,0.6,0.607142857142857,0.614285714285714,0.621428571428571,
0.628571428571429,0.635714285714286,0.642857142857143,0.65,0.657142857142857,
0.664285714285714,0.671428571428571,0.678571428571429,0.678787410598616),
 .PIECEWISE_BEZIER_KNOTS.)
GEOMETRIC_REPRESENTATION_ITEM()
RATIONAL_B_SPLINE_SURFACE(((0.98793429047388,0.989892151403658,1.,0.974927912181824,
1.,0.974927912181824,1.,0.974927912181824,1.,0.974927912181824,1.,0.974927912181824,
1.,0.974927912181824,1.,0.974927912181824,1.,0.974927912181824,1.,0.974927912181824,
1.,0.974927912181824,1.,0.974927912181824,1.,0.974927912181824,1.,0.974927912181824,
1.,0.974927912181824,1.,0.974927912181824,1.,0.974927912181824,1.,0.974927912181824,
1.,0.974927912181824,1.,0.974927912181824,1.,0.974927912181824,1.,0.974927912181824,
1.,0.974927912181824,1.,0.974927912181824,1.,0.974927912181824,1.,0.974927912181824,
1.,0.974927912181824,1.,0.974927912181824,1.,0.974927912181824,1.,0.974927912181824,
1.,0.974927912181824,1.,0.974927912181824,1.,0.974927912181824,1.,0.974927912181824,
1.,0.974927912181824,1.,0.974927912181824,1.,0.974927912181824,1.,0.974927912181824,
1.,0.974927912181824,1.,0.974927912181824,1.,0.974927912181824,1.,0.974927912181824,
1.,0.974927912181824,1.,0.974927912181824,1.,0.974927912181824,1.,0.974927912181824,
1.,0.974927912181824,1.,0.974927912181824,1.,0.974927912181824,1.,0.974927912181824,
1.,0.974927912181824,1.,0.974927912181824,1.,0.974927912181824,1.,0.974927912181824,
1.,0.974927912181824,1.,0.974927912181824,1.,0.974927912181824,1.,0.974927912181824,
1.,0.974927912181824,1.,0.974927912181824,1.,0.974927912181824,1.,0.974927912181824,
1.,0.974927912181824,1.,0.974927912181824,1.,0.974927912181824,1.,0.974927912181824,
1.,0.974927912181824,1.,0.974927912181824,1.,0.974927912181824,1.,0.974927912181824,
1.,0.974927912181824,1.,0.974927912181824,1.,0.974927912181824,1.,0.974927912181824,
1.,0.974927912181824,1.,0.974927912181824,1.,0.974927912181824,1.,0.974927912181824,
1.,0.974927912181824,1.,0.974927912181824,1.,0.974927912181824,1.,0.974927912181824,
1.,0.974927912181824,1.,0.974927912181824,1.,0.974927912181824,1.,0.974927912181824,
1.,0.974927912181824,1.,0.974927912181824,1.,0.974927912181824,1.,0.974927912181824,
1.,0.999241883150608,0.998529613393131),(0.98793429047388,0.989892151403658,
1.,0.974927912181824,1.,0.974927912181824,1.,0.974927912181824,1.,0.974927912181824,
1.,0.974927912181824,1.,0.974927912181824,1.,0.974927912181824,1.,0.974927912181824,
1.,0.974927912181824,1.,0.974927912181824,1.,0.974927912181824,1.,0.974927912181824,
1.,0.974927912181824,1.,0.974927912181824,1.,0.974927912181824,1.,0.974927912181824,
1.,0.974927912181824,1.,0.974927912181824,1.,0.974927912181824,1.,0.974927912181824,
1.,0.974927912181824,1.,0.974927912181824,1.,0.974927912181824,1.,0.974927912181824,
1.,0.974927912181824,1.,0.974927912181824,1.,0.974927912181824,1.,0.974927912181824,
1.,0.974927912181824,1.,0.974927912181824,1.,0.974927912181824,1.,0.974927912181824,
1.,0.974927912181824,1.,0.974927912181824,1.,0.974927912181824,1.,0.974927912181824,
1.,0.974927912181824,1.,0.974927912181824,1.,0.974927912181824,1.,0.974927912181824,
1.,0.974927912181824,1.,0.974927912181824,1.,0.974927912181824,1.,0.974927912181824,
1.,0.974927912181824,1.,0.974927912181824,1.,0.974927912181824,1.,0.974927912181824,
1.,0.974927912181824,1.,0.974927912181824,1.,0.974927912181824,1.,0.974927912181824,
1.,0.974927912181824,1.,0.974927912181824,1.,0.974927912181824,1.,0.974927912181824,
1.,0.974927912181824,1.,0.974927912181824,1.,0.974927912181824,1.,0.974927912181824,
1.,0.974927912181824,1.,0.974927912181824,1.,0.974927912181824,1.,0.974927912181824,
1.,0.974927912181824,1.,0.974927912181824,1.,0.974927912181824,1.,0.974927912181824,
1.,0.974927912181824,1.,0.974927912181824,1.,0.974927912181824,1.,0.974927912181824,
1.,0.974927912181824,1.,0.974927912181824,1.,0.974927912181824,1.,0.974927912181824,
1.,0.974927912181824,1.,0.974927912181824,1.,0.974927912181824,1.,0.974927912181824,
1.,0.974927912181824,1.,0.974927912181824,1.,0.974927912181824,1.,0.974927912181824,
1.,0.974927912181824,1.,0.974927912181824,1.,0.974927912181824,1.,0.974927912181824,
1.,0.974927912181824,1.,0.999241883150608,0.998529613393131)))
REPRESENTATION_ITEM('')
SURFACE()
);
#21=(
BOUNDED_SURFACE()
B_SPLINE_SURFACE(1,2,((#7150,#7151,#7152,#7153,#7154,#7155,#7156,#7157,
#7158,#7159,#7160,#7161,#7162,#7163,#7164,#7165,#7166,#7167,#7168,#7169,
#7170,#7171,#7172,#7173,#7174,#7175,#7176,#7177,#7178,#7179,#7180,#7181,
#7182,#7183,#7184,#7185,#7186,#7187,#7188,#7189,#7190,#7191,#7192,#7193,
#7194,#7195,#7196,#7197,#7198,#7199,#7200,#7201,#7202,#7203,#7204,#7205,
#7206,#7207,#7208,#7209,#7210,#7211,#7212,#7213,#7214,#7215,#7216,#7217,
#7218,#7219,#7220,#7221,#7222,#7223,#7224,#7225,#7226,#7227,#7228,#7229,
#7230,#7231,#7232,#7233,#7234,#7235,#7236,#7237,#7238,#7239,#7240,#7241,
#7242,#7243,#7244,#7245,#7246,#7247,#7248,#7249,#7250,#7251,#7252,#7253,
#7254,#7255,#7256,#7257,#7258,#7259,#7260,#7261,#7262,#7263,#7264,#7265,
#7266,#7267,#7268,#7269,#7270,#7271,#7272,#7273,#7274,#7275,#7276,#7277,
#7278,#7279,#7280,#7281,#7282,#7283,#7284,#7285,#7286,#7287,#7288,#7289,
#7290,#7291,#7292,#7293,#7294,#7295,#7296,#7297,#7298,#7299,#7300,#7301,
#7302,#7303,#7304,#7305,#7306,#7307,#7308,#7309,#7310,#7311,#7312,#7313,
#7314,#7315,#7316,#7317,#7318,#7319,#7320,#7321,#7322,#7323,#7324,#7325,
#7326,#7327,#7328),(#7329,#7330,#7331,#7332,#7333,#7334,#7335,#7336,#7337,
#7338,#7339,#7340,#7341,#7342,#7343,#7344,#7345,#7346,#7347,#7348,#7349,
#7350,#7351,#7352,#7353,#7354,#7355,#7356,#7357,#7358,#7359,#7360,#7361,
#7362,#7363,#7364,#7365,#7366,#7367,#7368,#7369,#7370,#7371,#7372,#7373,
#7374,#7375,#7376,#7377,#7378,#7379,#7380,#7381,#7382,#7383,#7384,#7385,
#7386,#7387,#7388,#7389,#7390,#7391,#7392,#7393,#7394,#7395,#7396,#7397,
#7398,#7399,#7400,#7401,#7402,#7403,#7404,#7405,#7406,#7407,#7408,#7409,
#7410,#7411,#7412,#7413,#7414,#7415,#7416,#7417,#7418,#7419,#7420,#7421,
#7422,#7423,#7424,#7425,#7426,#7427,#7428,#7429,#7430,#7431,#7432,#7433,
#7434,#7435,#7436,#7437,#7438,#7439,#7440,#7441,#7442,#7443,#7444,#7445,
#7446,#7447,#7448,#7449,#7450,#7451,#7452,#7453,#7454,#7455,#7456,#7457,
#7458,#7459,#7460,#7461,#7462,#7463,#7464,#7465,#7466,#7467,#7468,#7469,
#7470,#7471,#7472,#7473,#7474,#7475,#7476,#7477,#7478,#7479,#7480,#7481,
#7482,#7483,#7484,#7485,#7486,#7487,#7488,#7489,#7490,#7491,#7492,#7493,
#7494,#7495,#7496,#7497,#7498,#7499,#7500,#7501,#7502,#7503,#7504,#7505,
#7506,#7507)),.UNSPECIFIED.,.F.,.F.,.F.)
B_SPLINE_SURFACE_WITH_KNOTS((2,2),(3,2,2,2,2,2,2,2,2,2,2,2,2,2,2,2,2,2,
2,2,2,2,2,2,2,2,2,2,2,2,2,2,2,2,2,2,2,2,2,2,2,2,2,2,2,2,2,2,2,2,2,2,2,2,
2,2,2,2,2,2,2,2,2,2,2,2,2,2,2,2,2,2,2,2,2,2,2,2,2,2,2,2,2,2,2,2,2,2,2,3),
(0.,1.),(0.,0.00714285714285714,0.0142857142857143,0.0214285714285714,0.0285714285714286,
0.0357142857142857,0.0428571428571429,0.05,0.0571428571428571,0.0642857142857143,
0.0714285714285714,0.0785714285714286,0.0857142857142857,0.0928571428571429,
0.1,0.107142857142857,0.114285714285714,0.121428571428571,0.128571428571429,
0.135714285714286,0.142857142857143,0.15,0.157142857142857,0.164285714285714,
0.171428571428571,0.178571428571429,0.185714285714286,0.192857142857143,
0.2,0.207142857142857,0.214285714285714,0.221428571428571,0.228571428571429,
0.235714285714286,0.242857142857143,0.25,0.257142857142857,0.264285714285714,
0.271428571428571,0.278571428571429,0.285714285714286,0.292857142857143,
0.3,0.307142857142857,0.314285714285714,0.321428571428571,0.328571428571429,
0.335714285714286,0.342857142857143,0.35,0.357142857142857,0.364285714285714,
0.371428571428571,0.378571428571429,0.385714285714286,0.392857142857143,
0.4,0.407142857142857,0.414285714285714,0.421428571428571,0.428571428571429,
0.435714285714286,0.442857142857143,0.45,0.457142857142857,0.464285714285714,
0.471428571428571,0.478571428571429,0.485714285714286,0.492857142857143,
0.5,0.507142857142857,0.514285714285714,0.521428571428571,0.528571428571429,
0.535714285714286,0.542857142857143,0.55,0.557142857142857,0.564285714285714,
0.571428571428571,0.578571428571429,0.585714285714286,0.592857142857143,
0.6,0.607142857142857,0.614285714285714,0.621428571428571,0.628571428571429,
0.63504807277045),.PIECEWISE_BEZIER_KNOTS.)
GEOMETRIC_REPRESENTATION_ITEM()
RATIONAL_B_SPLINE_SURFACE(((1.,0.974927912181824,1.,0.974927912181824,1.,
0.974927912181824,1.,0.974927912181824,1.,0.974927912181824,1.,0.974927912181824,
1.,0.974927912181824,1.,0.974927912181824,1.,0.974927912181824,1.,0.974927912181824,
1.,0.974927912181824,1.,0.974927912181824,1.,0.974927912181824,1.,0.974927912181824,
1.,0.974927912181824,1.,0.974927912181824,1.,0.974927912181824,1.,0.974927912181824,
1.,0.974927912181824,1.,0.974927912181824,1.,0.974927912181824,1.,0.974927912181824,
1.,0.974927912181824,1.,0.974927912181824,1.,0.974927912181824,1.,0.974927912181824,
1.,0.974927912181824,1.,0.974927912181824,1.,0.974927912181824,1.,0.974927912181824,
1.,0.974927912181824,1.,0.974927912181824,1.,0.974927912181824,1.,0.974927912181824,
1.,0.974927912181824,1.,0.974927912181824,1.,0.974927912181824,1.,0.974927912181824,
1.,0.974927912181824,1.,0.974927912181824,1.,0.974927912181824,1.,0.974927912181824,
1.,0.974927912181824,1.,0.974927912181824,1.,0.974927912181824,1.,0.974927912181824,
1.,0.974927912181824,1.,0.974927912181824,1.,0.974927912181824,1.,0.974927912181824,
1.,0.974927912181824,1.,0.974927912181824,1.,0.974927912181824,1.,0.974927912181824,
1.,0.974927912181824,1.,0.974927912181824,1.,0.974927912181824,1.,0.974927912181824,
1.,0.974927912181824,1.,0.974927912181824,1.,0.974927912181824,1.,0.974927912181824,
1.,0.974927912181824,1.,0.974927912181824,1.,0.974927912181824,1.,0.974927912181824,
1.,0.974927912181824,1.,0.974927912181824,1.,0.974927912181824,1.,0.974927912181824,
1.,0.974927912181824,1.,0.974927912181824,1.,0.974927912181824,1.,0.974927912181824,
1.,0.974927912181824,1.,0.974927912181824,1.,0.974927912181824,1.,0.974927912181824,
1.,0.974927912181824,1.,0.974927912181824,1.,0.974927912181824,1.,0.974927912181824,
1.,0.974927912181824,1.,0.974927912181824,1.,0.974927912181824,1.,0.974927912181824,
1.,0.974927912181824,1.,0.974927912181824,1.,0.977266381102508,0.995759279272472),
(1.,0.974927912181824,1.,0.974927912181824,1.,0.974927912181824,1.,0.974927912181824,
1.,0.974927912181824,1.,0.974927912181824,1.,0.974927912181824,1.,0.974927912181824,
1.,0.974927912181824,1.,0.974927912181824,1.,0.974927912181824,1.,0.974927912181824,
1.,0.974927912181824,1.,0.974927912181824,1.,0.974927912181824,1.,0.974927912181824,
1.,0.974927912181824,1.,0.974927912181824,1.,0.974927912181824,1.,0.974927912181824,
1.,0.974927912181824,1.,0.974927912181824,1.,0.974927912181824,1.,0.974927912181824,
1.,0.974927912181824,1.,0.974927912181824,1.,0.974927912181824,1.,0.974927912181824,
1.,0.974927912181824,1.,0.974927912181824,1.,0.974927912181824,1.,0.974927912181824,
1.,0.974927912181824,1.,0.974927912181824,1.,0.974927912181824,1.,0.974927912181824,
1.,0.974927912181824,1.,0.974927912181824,1.,0.974927912181824,1.,0.974927912181824,
1.,0.974927912181824,1.,0.974927912181824,1.,0.974927912181824,1.,0.974927912181824,
1.,0.974927912181824,1.,0.974927912181824,1.,0.974927912181824,1.,0.974927912181824,
1.,0.974927912181824,1.,0.974927912181824,1.,0.974927912181824,1.,0.974927912181824,
1.,0.974927912181824,1.,0.974927912181824,1.,0.974927912181824,1.,0.974927912181824,
1.,0.974927912181824,1.,0.974927912181824,1.,0.974927912181824,1.,0.974927912181824,
1.,0.974927912181824,1.,0.974927912181824,1.,0.974927912181824,1.,0.974927912181824,
1.,0.974927912181824,1.,0.974927912181824,1.,0.974927912181824,1.,0.974927912181824,
1.,0.974927912181824,1.,0.974927912181824,1.,0.974927912181824,1.,0.974927912181824,
1.,0.974927912181824,1.,0.974927912181824,1.,0.974927912181824,1.,0.974927912181824,
1.,0.974927912181824,1.,0.974927912181824,1.,0.974927912181824,1.,0.974927912181824,
1.,0.974927912181824,1.,0.974927912181824,1.,0.974927912181824,1.,0.974927912181824,
1.,0.974927912181824,1.,0.974927912181824,1.,0.974927912181824,1.,0.974927912181824,
1.,0.977266381102508,0.995759279272472)))
REPRESENTATION_ITEM('')
SURFACE()
);
#22=(
BOUNDED_SURFACE()
B_SPLINE_SURFACE(1,2,((#7508,#7509,#7510,#7511,#7512,#7513,#7514,#7515,
#7516,#7517,#7518,#7519,#7520,#7521,#7522,#7523,#7524,#7525,#7526,#7527,
#7528,#7529,#7530,#7531,#7532,#7533,#7534,#7535,#7536,#7537,#7538,#7539,
#7540,#7541,#7542,#7543,#7544,#7545,#7546,#7547,#7548,#7549,#7550,#7551,
#7552,#7553,#7554,#7555,#7556,#7557,#7558,#7559,#7560,#7561,#7562,#7563,
#7564,#7565,#7566,#7567,#7568,#7569,#7570,#7571,#7572,#7573,#7574,#7575,
#7576,#7577,#7578,#7579,#7580,#7581,#7582,#7583,#7584,#7585,#7586,#7587,
#7588,#7589,#7590,#7591,#7592,#7593,#7594,#7595,#7596,#7597,#7598,#7599,
#7600,#7601,#7602,#7603,#7604,#7605,#7606,#7607,#7608,#7609,#7610,#7611,
#7612,#7613,#7614,#7615,#7616,#7617,#7618,#7619,#7620,#7621,#7622,#7623,
#7624,#7625,#7626,#7627,#7628,#7629,#7630,#7631,#7632,#7633,#7634,#7635,
#7636,#7637,#7638,#7639,#7640,#7641,#7642,#7643,#7644,#7645,#7646,#7647,
#7648,#7649,#7650,#7651,#7652,#7653,#7654,#7655,#7656,#7657,#7658,#7659,
#7660,#7661,#7662,#7663,#7664,#7665,#7666,#7667,#7668,#7669,#7670,#7671,
#7672,#7673,#7674,#7675,#7676,#7677,#7678,#7679,#7680,#7681,#7682,#7683,
#7684,#7685,#7686,#7687,#7688,#7689,#7690),(#7691,#7692,#7693,#7694,#7695,
#7696,#7697,#7698,#7699,#7700,#7701,#7702,#7703,#7704,#7705,#7706,#7707,
#7708,#7709,#7710,#7711,#7712,#7713,#7714,#7715,#7716,#7717,#7718,#7719,
#7720,#7721,#7722,#7723,#7724,#7725,#7726,#7727,#7728,#7729,#7730,#7731,
#7732,#7733,#7734,#7735,#7736,#7737,#7738,#7739,#7740,#7741,#7742,#7743,
#7744,#7745,#7746,#7747,#7748,#7749,#7750,#7751,#7752,#7753,#7754,#7755,
#7756,#7757,#7758,#7759,#7760,#7761,#7762,#7763,#7764,#7765,#7766,#7767,
#7768,#7769,#7770,#7771,#7772,#7773,#7774,#7775,#7776,#7777,#7778,#7779,
#7780,#7781,#7782,#7783,#7784,#7785,#7786,#7787,#7788,#7789,#7790,#7791,
#7792,#7793,#7794,#7795,#7796,#7797,#7798,#7799,#7800,#7801,#7802,#7803,
#7804,#7805,#7806,#7807,#7808,#7809,#7810,#7811,#7812,#7813,#7814,#7815,
#7816,#7817,#7818,#7819,#7820,#7821,#7822,#7823,#7824,#7825,#7826,#7827,
#7828,#7829,#7830,#7831,#7832,#7833,#7834,#7835,#7836,#7837,#7838,#7839,
#7840,#7841,#7842,#7843,#7844,#7845,#7846,#7847,#7848,#7849,#7850,#7851,
#7852,#7853,#7854,#7855,#7856,#7857,#7858,#7859,#7860,#7861,#7862,#7863,
#7864,#7865,#7866,#7867,#7868,#7869,#7870,#7871,#7872,#7873)),
 .UNSPECIFIED.,.F.,.F.,.F.)
B_SPLINE_SURFACE_WITH_KNOTS((2,2),(3,2,2,2,2,2,2,2,2,2,2,2,2,2,2,2,2,2,
2,2,2,2,2,2,2,2,2,2,2,2,2,2,2,2,2,2,2,2,2,2,2,2,2,2,2,2,2,2,2,2,2,2,2,2,
2,2,2,2,2,2,2,2,2,2,2,2,2,2,2,2,2,2,2,2,2,2,2,2,2,2,2,2,2,2,2,2,2,2,2,2,
2,3),(0.,1.),(0.0399774896320549,0.0428571428571429,0.05,0.0571428571428571,
0.0642857142857143,0.0714285714285714,0.0785714285714286,0.0857142857142857,
0.0928571428571429,0.1,0.107142857142857,0.114285714285714,0.121428571428571,
0.128571428571429,0.135714285714286,0.142857142857143,0.15,0.157142857142857,
0.164285714285714,0.171428571428571,0.178571428571429,0.185714285714286,
0.192857142857143,0.2,0.207142857142857,0.214285714285714,0.221428571428571,
0.228571428571429,0.235714285714286,0.242857142857143,0.25,0.257142857142857,
0.264285714285714,0.271428571428571,0.278571428571429,0.285714285714286,
0.292857142857143,0.3,0.307142857142857,0.314285714285714,0.321428571428571,
0.328571428571429,0.335714285714286,0.342857142857143,0.35,0.357142857142857,
0.364285714285714,0.371428571428571,0.378571428571429,0.385714285714286,
0.392857142857143,0.4,0.407142857142857,0.414285714285714,0.421428571428571,
0.428571428571429,0.435714285714286,0.442857142857143,0.45,0.457142857142857,
0.464285714285714,0.471428571428571,0.478571428571429,0.485714285714286,
0.492857142857143,0.5,0.507142857142857,0.514285714285714,0.521428571428571,
0.528571428571429,0.535714285714286,0.542857142857143,0.55,0.557142857142857,
0.564285714285714,0.571428571428571,0.578571428571429,0.585714285714286,
0.592857142857143,0.6,0.607142857142857,0.614285714285714,0.621428571428571,
0.628571428571429,0.635714285714286,0.642857142857143,0.65,0.657142857142857,
0.664285714285714,0.671428571428571,0.678571428571429,0.678787410598616),
 .PIECEWISE_BEZIER_KNOTS.)
GEOMETRIC_REPRESENTATION_ITEM()
RATIONAL_B_SPLINE_SURFACE(((0.98793429047388,0.989892151403658,1.,0.974927912181824,
1.,0.974927912181824,1.,0.974927912181824,1.,0.974927912181824,1.,0.974927912181824,
1.,0.974927912181824,1.,0.974927912181824,1.,0.974927912181824,1.,0.974927912181824,
1.,0.974927912181824,1.,0.974927912181824,1.,0.974927912181824,1.,0.974927912181824,
1.,0.974927912181824,1.,0.974927912181824,1.,0.974927912181824,1.,0.974927912181824,
1.,0.974927912181824,1.,0.974927912181824,1.,0.974927912181824,1.,0.974927912181824,
1.,0.974927912181824,1.,0.974927912181824,1.,0.974927912181824,1.,0.974927912181824,
1.,0.974927912181824,1.,0.974927912181824,1.,0.974927912181824,1.,0.974927912181824,
1.,0.974927912181824,1.,0.974927912181824,1.,0.974927912181824,1.,0.974927912181824,
1.,0.974927912181824,1.,0.974927912181824,1.,0.974927912181824,1.,0.974927912181824,
1.,0.974927912181824,1.,0.974927912181824,1.,0.974927912181824,1.,0.974927912181824,
1.,0.974927912181824,1.,0.974927912181824,1.,0.974927912181824,1.,0.974927912181824,
1.,0.974927912181824,1.,0.974927912181824,1.,0.974927912181824,1.,0.974927912181824,
1.,0.974927912181824,1.,0.974927912181824,1.,0.974927912181824,1.,0.974927912181824,
1.,0.974927912181824,1.,0.974927912181824,1.,0.974927912181824,1.,0.974927912181824,
1.,0.974927912181824,1.,0.974927912181824,1.,0.974927912181824,1.,0.974927912181824,
1.,0.974927912181824,1.,0.974927912181824,1.,0.974927912181824,1.,0.974927912181824,
1.,0.974927912181824,1.,0.974927912181824,1.,0.974927912181824,1.,0.974927912181824,
1.,0.974927912181824,1.,0.974927912181824,1.,0.974927912181824,1.,0.974927912181824,
1.,0.974927912181824,1.,0.974927912181824,1.,0.974927912181824,1.,0.974927912181824,
1.,0.974927912181824,1.,0.974927912181824,1.,0.974927912181824,1.,0.974927912181824,
1.,0.974927912181824,1.,0.974927912181824,1.,0.974927912181824,1.,0.974927912181824,
1.,0.974927912181824,1.,0.974927912181824,1.,0.974927912181824,1.,0.974927912181824,
1.,0.999241883150608,0.998529613393131),(0.98793429047388,0.989892151403658,
1.,0.974927912181824,1.,0.974927912181824,1.,0.974927912181824,1.,0.974927912181824,
1.,0.974927912181824,1.,0.974927912181824,1.,0.974927912181824,1.,0.974927912181824,
1.,0.974927912181824,1.,0.974927912181824,1.,0.974927912181824,1.,0.974927912181824,
1.,0.974927912181824,1.,0.974927912181824,1.,0.974927912181824,1.,0.974927912181824,
1.,0.974927912181824,1.,0.974927912181824,1.,0.974927912181824,1.,0.974927912181824,
1.,0.974927912181824,1.,0.974927912181824,1.,0.974927912181824,1.,0.974927912181824,
1.,0.974927912181824,1.,0.974927912181824,1.,0.974927912181824,1.,0.974927912181824,
1.,0.974927912181824,1.,0.974927912181824,1.,0.974927912181824,1.,0.974927912181824,
1.,0.974927912181824,1.,0.974927912181824,1.,0.974927912181824,1.,0.974927912181824,
1.,0.974927912181824,1.,0.974927912181824,1.,0.974927912181824,1.,0.974927912181824,
1.,0.974927912181824,1.,0.974927912181824,1.,0.974927912181824,1.,0.974927912181824,
1.,0.974927912181824,1.,0.974927912181824,1.,0.974927912181824,1.,0.974927912181824,
1.,0.974927912181824,1.,0.974927912181824,1.,0.974927912181824,1.,0.974927912181824,
1.,0.974927912181824,1.,0.974927912181824,1.,0.974927912181824,1.,0.974927912181824,
1.,0.974927912181824,1.,0.974927912181824,1.,0.974927912181824,1.,0.974927912181824,
1.,0.974927912181824,1.,0.974927912181824,1.,0.974927912181824,1.,0.974927912181824,
1.,0.974927912181824,1.,0.974927912181824,1.,0.974927912181824,1.,0.974927912181824,
1.,0.974927912181824,1.,0.974927912181824,1.,0.974927912181824,1.,0.974927912181824,
1.,0.974927912181824,1.,0.974927912181824,1.,0.974927912181824,1.,0.974927912181824,
1.,0.974927912181824,1.,0.974927912181824,1.,0.974927912181824,1.,0.974927912181824,
1.,0.974927912181824,1.,0.974927912181824,1.,0.974927912181824,1.,0.974927912181824,
1.,0.974927912181824,1.,0.974927912181824,1.,0.974927912181824,1.,0.974927912181824,
1.,0.974927912181824,1.,0.999241883150608,0.998529613393131)))
REPRESENTATION_ITEM('')
SURFACE()
);
#23=(
BOUNDED_SURFACE()
B_SPLINE_SURFACE(1,2,((#8437,#8438,#8439,#8440,#8441,#8442,#8443,#8444,
#8445,#8446,#8447,#8448,#8449,#8450,#8451,#8452,#8453,#8454,#8455,#8456,
#8457,#8458,#8459,#8460,#8461,#8462,#8463,#8464,#8465,#8466,#8467,#8468,
#8469,#8470,#8471,#8472,#8473,#8474,#8475,#8476,#8477,#8478,#8479,#8480,
#8481,#8482,#8483,#8484,#8485,#8486,#8487,#8488,#8489,#8490,#8491,#8492,
#8493,#8494,#8495,#8496,#8497,#8498,#8499,#8500,#8501,#8502,#8503,#8504,
#8505,#8506,#8507,#8508,#8509,#8510,#8511,#8512,#8513,#8514,#8515,#8516,
#8517,#8518,#8519,#8520,#8521,#8522,#8523,#8524,#8525,#8526,#8527,#8528,
#8529,#8530,#8531,#8532,#8533,#8534,#8535,#8536,#8537,#8538,#8539,#8540,
#8541,#8542,#8543,#8544,#8545,#8546,#8547,#8548,#8549,#8550,#8551,#8552,
#8553,#8554,#8555,#8556,#8557,#8558,#8559,#8560,#8561,#8562,#8563,#8564,
#8565,#8566,#8567,#8568,#8569,#8570,#8571,#8572,#8573,#8574,#8575,#8576,
#8577,#8578,#8579,#8580,#8581,#8582,#8583,#8584,#8585,#8586,#8587,#8588,
#8589,#8590,#8591,#8592,#8593,#8594,#8595,#8596,#8597,#8598,#8599,#8600,
#8601,#8602,#8603,#8604,#8605,#8606,#8607,#8608,#8609,#8610,#8611,#8612,
#8613,#8614,#8615),(#8616,#8617,#8618,#8619,#8620,#8621,#8622,#8623,#8624,
#8625,#8626,#8627,#8628,#8629,#8630,#8631,#8632,#8633,#8634,#8635,#8636,
#8637,#8638,#8639,#8640,#8641,#8642,#8643,#8644,#8645,#8646,#8647,#8648,
#8649,#8650,#8651,#8652,#8653,#8654,#8655,#8656,#8657,#8658,#8659,#8660,
#8661,#8662,#8663,#8664,#8665,#8666,#8667,#8668,#8669,#8670,#8671,#8672,
#8673,#8674,#8675,#8676,#8677,#8678,#8679,#8680,#8681,#8682,#8683,#8684,
#8685,#8686,#8687,#8688,#8689,#8690,#8691,#8692,#8693,#8694,#8695,#8696,
#8697,#8698,#8699,#8700,#8701,#8702,#8703,#8704,#8705,#8706,#8707,#8708,
#8709,#8710,#8711,#8712,#8713,#8714,#8715,#8716,#8717,#8718,#8719,#8720,
#8721,#8722,#8723,#8724,#8725,#8726,#8727,#8728,#8729,#8730,#8731,#8732,
#8733,#8734,#8735,#8736,#8737,#8738,#8739,#8740,#8741,#8742,#8743,#8744,
#8745,#8746,#8747,#8748,#8749,#8750,#8751,#8752,#8753,#8754,#8755,#8756,
#8757,#8758,#8759,#8760,#8761,#8762,#8763,#8764,#8765,#8766,#8767,#8768,
#8769,#8770,#8771,#8772,#8773,#8774,#8775,#8776,#8777,#8778,#8779,#8780,
#8781,#8782,#8783,#8784,#8785,#8786,#8787,#8788,#8789,#8790,#8791,#8792,
#8793,#8794)),.UNSPECIFIED.,.F.,.F.,.F.)
B_SPLINE_SURFACE_WITH_KNOTS((2,2),(3,2,2,2,2,2,2,2,2,2,2,2,2,2,2,2,2,2,
2,2,2,2,2,2,2,2,2,2,2,2,2,2,2,2,2,2,2,2,2,2,2,2,2,2,2,2,2,2,2,2,2,2,2,2,
2,2,2,2,2,2,2,2,2,2,2,2,2,2,2,2,2,2,2,2,2,2,2,2,2,2,2,2,2,2,2,2,2,2,2,3),
(0.,1.),(0.,0.00714285714285714,0.0142857142857143,0.0214285714285714,0.0285714285714286,
0.0357142857142857,0.0428571428571429,0.05,0.0571428571428571,0.0642857142857143,
0.0714285714285714,0.0785714285714286,0.0857142857142857,0.0928571428571429,
0.1,0.107142857142857,0.114285714285714,0.121428571428571,0.128571428571429,
0.135714285714286,0.142857142857143,0.15,0.157142857142857,0.164285714285714,
0.171428571428571,0.178571428571429,0.185714285714286,0.192857142857143,
0.2,0.207142857142857,0.214285714285714,0.221428571428571,0.228571428571429,
0.235714285714286,0.242857142857143,0.25,0.257142857142857,0.264285714285714,
0.271428571428571,0.278571428571429,0.285714285714286,0.292857142857143,
0.3,0.307142857142857,0.314285714285714,0.321428571428571,0.328571428571429,
0.335714285714286,0.342857142857143,0.35,0.357142857142857,0.364285714285714,
0.371428571428571,0.378571428571429,0.385714285714286,0.392857142857143,
0.4,0.407142857142857,0.414285714285714,0.421428571428571,0.428571428571429,
0.435714285714286,0.442857142857143,0.45,0.457142857142857,0.464285714285714,
0.471428571428571,0.478571428571429,0.485714285714286,0.492857142857143,
0.5,0.507142857142857,0.514285714285714,0.521428571428571,0.528571428571429,
0.535714285714286,0.542857142857143,0.55,0.557142857142857,0.564285714285714,
0.571428571428571,0.578571428571429,0.585714285714286,0.592857142857143,
0.6,0.607142857142857,0.614285714285714,0.621428571428571,0.628571428571429,
0.63504807277045),.PIECEWISE_BEZIER_KNOTS.)
GEOMETRIC_REPRESENTATION_ITEM()
RATIONAL_B_SPLINE_SURFACE(((1.,0.974927912181824,1.,0.974927912181824,1.,
0.974927912181824,1.,0.974927912181824,1.,0.974927912181824,1.,0.974927912181824,
1.,0.974927912181824,1.,0.974927912181824,1.,0.974927912181824,1.,0.974927912181824,
1.,0.974927912181824,1.,0.974927912181824,1.,0.974927912181824,1.,0.974927912181824,
1.,0.974927912181824,1.,0.974927912181824,1.,0.974927912181824,1.,0.974927912181824,
1.,0.974927912181824,1.,0.974927912181824,1.,0.974927912181824,1.,0.974927912181824,
1.,0.974927912181824,1.,0.974927912181824,1.,0.974927912181824,1.,0.974927912181824,
1.,0.974927912181824,1.,0.974927912181824,1.,0.974927912181824,1.,0.974927912181824,
1.,0.974927912181824,1.,0.974927912181824,1.,0.974927912181824,1.,0.974927912181824,
1.,0.974927912181824,1.,0.974927912181824,1.,0.974927912181824,1.,0.974927912181824,
1.,0.974927912181824,1.,0.974927912181824,1.,0.974927912181824,1.,0.974927912181824,
1.,0.974927912181824,1.,0.974927912181824,1.,0.974927912181824,1.,0.974927912181824,
1.,0.974927912181824,1.,0.974927912181824,1.,0.974927912181824,1.,0.974927912181824,
1.,0.974927912181824,1.,0.974927912181824,1.,0.974927912181824,1.,0.974927912181824,
1.,0.974927912181824,1.,0.974927912181824,1.,0.974927912181824,1.,0.974927912181824,
1.,0.974927912181824,1.,0.974927912181824,1.,0.974927912181824,1.,0.974927912181824,
1.,0.974927912181824,1.,0.974927912181824,1.,0.974927912181824,1.,0.974927912181824,
1.,0.974927912181824,1.,0.974927912181824,1.,0.974927912181824,1.,0.974927912181824,
1.,0.974927912181824,1.,0.974927912181824,1.,0.974927912181824,1.,0.974927912181824,
1.,0.974927912181824,1.,0.974927912181824,1.,0.974927912181824,1.,0.974927912181824,
1.,0.974927912181824,1.,0.974927912181824,1.,0.974927912181824,1.,0.974927912181824,
1.,0.974927912181824,1.,0.974927912181824,1.,0.974927912181824,1.,0.974927912181824,
1.,0.974927912181824,1.,0.974927912181824,1.,0.977266381102508,0.995759279272472),
(1.,0.974927912181824,1.,0.974927912181824,1.,0.974927912181824,1.,0.974927912181824,
1.,0.974927912181824,1.,0.974927912181824,1.,0.974927912181824,1.,0.974927912181824,
1.,0.974927912181824,1.,0.974927912181824,1.,0.974927912181824,1.,0.974927912181824,
1.,0.974927912181824,1.,0.974927912181824,1.,0.974927912181824,1.,0.974927912181824,
1.,0.974927912181824,1.,0.974927912181824,1.,0.974927912181824,1.,0.974927912181824,
1.,0.974927912181824,1.,0.974927912181824,1.,0.974927912181824,1.,0.974927912181824,
1.,0.974927912181824,1.,0.974927912181824,1.,0.974927912181824,1.,0.974927912181824,
1.,0.974927912181824,1.,0.974927912181824,1.,0.974927912181824,1.,0.974927912181824,
1.,0.974927912181824,1.,0.974927912181824,1.,0.974927912181824,1.,0.974927912181824,
1.,0.974927912181824,1.,0.974927912181824,1.,0.974927912181824,1.,0.974927912181824,
1.,0.974927912181824,1.,0.974927912181824,1.,0.974927912181824,1.,0.974927912181824,
1.,0.974927912181824,1.,0.974927912181824,1.,0.974927912181824,1.,0.974927912181824,
1.,0.974927912181824,1.,0.974927912181824,1.,0.974927912181824,1.,0.974927912181824,
1.,0.974927912181824,1.,0.974927912181824,1.,0.974927912181824,1.,0.974927912181824,
1.,0.974927912181824,1.,0.974927912181824,1.,0.974927912181824,1.,0.974927912181824,
1.,0.974927912181824,1.,0.974927912181824,1.,0.974927912181824,1.,0.974927912181824,
1.,0.974927912181824,1.,0.974927912181824,1.,0.974927912181824,1.,0.974927912181824,
1.,0.974927912181824,1.,0.974927912181824,1.,0.974927912181824,1.,0.974927912181824,
1.,0.974927912181824,1.,0.974927912181824,1.,0.974927912181824,1.,0.974927912181824,
1.,0.974927912181824,1.,0.974927912181824,1.,0.974927912181824,1.,0.974927912181824,
1.,0.974927912181824,1.,0.974927912181824,1.,0.974927912181824,1.,0.974927912181824,
1.,0.974927912181824,1.,0.974927912181824,1.,0.974927912181824,1.,0.974927912181824,
1.,0.977266381102508,0.995759279272472)))
REPRESENTATION_ITEM('')
SURFACE()
);
#24=(
BOUNDED_SURFACE()
B_SPLINE_SURFACE(1,2,((#8795,#8796,#8797,#8798,#8799,#8800,#8801,#8802,
#8803,#8804,#8805,#8806,#8807,#8808,#8809,#8810,#8811,#8812,#8813,#8814,
#8815,#8816,#8817,#8818,#8819,#8820,#8821,#8822,#8823,#8824,#8825,#8826,
#8827,#8828,#8829,#8830,#8831,#8832,#8833,#8834,#8835,#8836,#8837,#8838,
#8839,#8840,#8841,#8842,#8843,#8844,#8845,#8846,#8847,#8848,#8849,#8850,
#8851,#8852,#8853,#8854,#8855,#8856,#8857,#8858,#8859,#8860,#8861,#8862,
#8863,#8864,#8865,#8866,#8867,#8868,#8869,#8870,#8871,#8872,#8873,#8874,
#8875,#8876,#8877,#8878,#8879,#8880,#8881,#8882,#8883,#8884,#8885,#8886,
#8887,#8888,#8889,#8890,#8891,#8892,#8893,#8894,#8895,#8896,#8897,#8898,
#8899,#8900,#8901,#8902,#8903,#8904,#8905,#8906,#8907,#8908,#8909,#8910,
#8911,#8912,#8913,#8914,#8915,#8916,#8917,#8918,#8919,#8920,#8921,#8922,
#8923,#8924,#8925,#8926,#8927,#8928,#8929,#8930,#8931,#8932,#8933,#8934,
#8935,#8936,#8937,#8938,#8939,#8940,#8941,#8942,#8943,#8944,#8945,#8946,
#8947,#8948,#8949,#8950,#8951,#8952,#8953,#8954,#8955,#8956,#8957,#8958,
#8959,#8960,#8961,#8962,#8963,#8964,#8965,#8966,#8967,#8968,#8969,#8970,
#8971,#8972,#8973,#8974,#8975,#8976,#8977),(#8978,#8979,#8980,#8981,#8982,
#8983,#8984,#8985,#8986,#8987,#8988,#8989,#8990,#8991,#8992,#8993,#8994,
#8995,#8996,#8997,#8998,#8999,#9000,#9001,#9002,#9003,#9004,#9005,#9006,
#9007,#9008,#9009,#9010,#9011,#9012,#9013,#9014,#9015,#9016,#9017,#9018,
#9019,#9020,#9021,#9022,#9023,#9024,#9025,#9026,#9027,#9028,#9029,#9030,
#9031,#9032,#9033,#9034,#9035,#9036,#9037,#9038,#9039,#9040,#9041,#9042,
#9043,#9044,#9045,#9046,#9047,#9048,#9049,#9050,#9051,#9052,#9053,#9054,
#9055,#9056,#9057,#9058,#9059,#9060,#9061,#9062,#9063,#9064,#9065,#9066,
#9067,#9068,#9069,#9070,#9071,#9072,#9073,#9074,#9075,#9076,#9077,#9078,
#9079,#9080,#9081,#9082,#9083,#9084,#9085,#9086,#9087,#9088,#9089,#9090,
#9091,#9092,#9093,#9094,#9095,#9096,#9097,#9098,#9099,#9100,#9101,#9102,
#9103,#9104,#9105,#9106,#9107,#9108,#9109,#9110,#9111,#9112,#9113,#9114,
#9115,#9116,#9117,#9118,#9119,#9120,#9121,#9122,#9123,#9124,#9125,#9126,
#9127,#9128,#9129,#9130,#9131,#9132,#9133,#9134,#9135,#9136,#9137,#9138,
#9139,#9140,#9141,#9142,#9143,#9144,#9145,#9146,#9147,#9148,#9149,#9150,
#9151,#9152,#9153,#9154,#9155,#9156,#9157,#9158,#9159,#9160)),
 .UNSPECIFIED.,.F.,.F.,.F.)
B_SPLINE_SURFACE_WITH_KNOTS((2,2),(3,2,2,2,2,2,2,2,2,2,2,2,2,2,2,2,2,2,
2,2,2,2,2,2,2,2,2,2,2,2,2,2,2,2,2,2,2,2,2,2,2,2,2,2,2,2,2,2,2,2,2,2,2,2,
2,2,2,2,2,2,2,2,2,2,2,2,2,2,2,2,2,2,2,2,2,2,2,2,2,2,2,2,2,2,2,2,2,2,2,2,
2,3),(0.,1.),(0.0399774896320546,0.0428571428571429,0.05,0.0571428571428571,
0.0642857142857143,0.0714285714285714,0.0785714285714286,0.0857142857142857,
0.0928571428571429,0.1,0.107142857142857,0.114285714285714,0.121428571428571,
0.128571428571429,0.135714285714286,0.142857142857143,0.15,0.157142857142857,
0.164285714285714,0.171428571428571,0.178571428571429,0.185714285714286,
0.192857142857143,0.2,0.207142857142857,0.214285714285714,0.221428571428571,
0.228571428571429,0.235714285714286,0.242857142857143,0.25,0.257142857142857,
0.264285714285714,0.271428571428571,0.278571428571429,0.285714285714286,
0.292857142857143,0.3,0.307142857142857,0.314285714285714,0.321428571428571,
0.328571428571429,0.335714285714286,0.342857142857143,0.35,0.357142857142857,
0.364285714285714,0.371428571428571,0.378571428571429,0.385714285714286,
0.392857142857143,0.4,0.407142857142857,0.414285714285714,0.421428571428571,
0.428571428571429,0.435714285714286,0.442857142857143,0.45,0.457142857142857,
0.464285714285714,0.471428571428571,0.478571428571429,0.485714285714286,
0.492857142857143,0.5,0.507142857142857,0.514285714285714,0.521428571428571,
0.528571428571429,0.535714285714286,0.542857142857143,0.55,0.557142857142857,
0.564285714285714,0.571428571428571,0.578571428571429,0.585714285714286,
0.592857142857143,0.6,0.607142857142857,0.614285714285714,0.621428571428571,
0.628571428571429,0.635714285714286,0.642857142857143,0.65,0.657142857142857,
0.664285714285714,0.671428571428571,0.678571428571429,0.678787410598616),
 .PIECEWISE_BEZIER_KNOTS.)
GEOMETRIC_REPRESENTATION_ITEM()
RATIONAL_B_SPLINE_SURFACE(((0.987934290473879,0.989892151403657,1.,0.974927912181824,
1.,0.974927912181824,1.,0.974927912181824,1.,0.974927912181824,1.,0.974927912181824,
1.,0.974927912181824,1.,0.974927912181824,1.,0.974927912181824,1.,0.974927912181824,
1.,0.974927912181824,1.,0.974927912181824,1.,0.974927912181824,1.,0.974927912181824,
1.,0.974927912181824,1.,0.974927912181824,1.,0.974927912181824,1.,0.974927912181824,
1.,0.974927912181824,1.,0.974927912181824,1.,0.974927912181824,1.,0.974927912181824,
1.,0.974927912181824,1.,0.974927912181824,1.,0.974927912181824,1.,0.974927912181824,
1.,0.974927912181824,1.,0.974927912181824,1.,0.974927912181824,1.,0.974927912181824,
1.,0.974927912181824,1.,0.974927912181824,1.,0.974927912181824,1.,0.974927912181824,
1.,0.974927912181824,1.,0.974927912181824,1.,0.974927912181824,1.,0.974927912181824,
1.,0.974927912181824,1.,0.974927912181824,1.,0.974927912181824,1.,0.974927912181824,
1.,0.974927912181824,1.,0.974927912181824,1.,0.974927912181824,1.,0.974927912181824,
1.,0.974927912181824,1.,0.974927912181824,1.,0.974927912181824,1.,0.974927912181824,
1.,0.974927912181824,1.,0.974927912181824,1.,0.974927912181824,1.,0.974927912181824,
1.,0.974927912181824,1.,0.974927912181824,1.,0.974927912181824,1.,0.974927912181824,
1.,0.974927912181824,1.,0.974927912181824,1.,0.974927912181824,1.,0.974927912181824,
1.,0.974927912181824,1.,0.974927912181824,1.,0.974927912181824,1.,0.974927912181824,
1.,0.974927912181824,1.,0.974927912181824,1.,0.974927912181824,1.,0.974927912181824,
1.,0.974927912181824,1.,0.974927912181824,1.,0.974927912181824,1.,0.974927912181824,
1.,0.974927912181824,1.,0.974927912181824,1.,0.974927912181824,1.,0.974927912181824,
1.,0.974927912181824,1.,0.974927912181824,1.,0.974927912181824,1.,0.974927912181824,
1.,0.974927912181824,1.,0.974927912181824,1.,0.974927912181824,1.,0.974927912181824,
1.,0.974927912181824,1.,0.974927912181824,1.,0.974927912181824,1.,0.974927912181824,
1.,0.999241883150608,0.99852961339313),(0.987934290473879,0.989892151403657,
1.,0.974927912181824,1.,0.974927912181824,1.,0.974927912181824,1.,0.974927912181824,
1.,0.974927912181824,1.,0.974927912181824,1.,0.974927912181824,1.,0.974927912181824,
1.,0.974927912181824,1.,0.974927912181824,1.,0.974927912181824,1.,0.974927912181824,
1.,0.974927912181824,1.,0.974927912181824,1.,0.974927912181824,1.,0.974927912181824,
1.,0.974927912181824,1.,0.974927912181824,1.,0.974927912181824,1.,0.974927912181824,
1.,0.974927912181824,1.,0.974927912181824,1.,0.974927912181824,1.,0.974927912181824,
1.,0.974927912181824,1.,0.974927912181824,1.,0.974927912181824,1.,0.974927912181824,
1.,0.974927912181824,1.,0.974927912181824,1.,0.974927912181824,1.,0.974927912181824,
1.,0.974927912181824,1.,0.974927912181824,1.,0.974927912181824,1.,0.974927912181824,
1.,0.974927912181824,1.,0.974927912181824,1.,0.974927912181824,1.,0.974927912181824,
1.,0.974927912181824,1.,0.974927912181824,1.,0.974927912181824,1.,0.974927912181824,
1.,0.974927912181824,1.,0.974927912181824,1.,0.974927912181824,1.,0.974927912181824,
1.,0.974927912181824,1.,0.974927912181824,1.,0.974927912181824,1.,0.974927912181824,
1.,0.974927912181824,1.,0.974927912181824,1.,0.974927912181824,1.,0.974927912181824,
1.,0.974927912181824,1.,0.974927912181824,1.,0.974927912181824,1.,0.974927912181824,
1.,0.974927912181824,1.,0.974927912181824,1.,0.974927912181824,1.,0.974927912181824,
1.,0.974927912181824,1.,0.974927912181824,1.,0.974927912181824,1.,0.974927912181824,
1.,0.974927912181824,1.,0.974927912181824,1.,0.974927912181824,1.,0.974927912181824,
1.,0.974927912181824,1.,0.974927912181824,1.,0.974927912181824,1.,0.974927912181824,
1.,0.974927912181824,1.,0.974927912181824,1.,0.974927912181824,1.,0.974927912181824,
1.,0.974927912181824,1.,0.974927912181824,1.,0.974927912181824,1.,0.974927912181824,
1.,0.974927912181824,1.,0.974927912181824,1.,0.974927912181824,1.,0.974927912181824,
1.,0.974927912181824,1.,0.999241883150608,0.99852961339313)))
REPRESENTATION_ITEM('')
SURFACE()
);
#25=(
BOUNDED_SURFACE()
B_SPLINE_SURFACE(1,2,((#9724,#9725,#9726,#9727,#9728,#9729,#9730,#9731,
#9732,#9733,#9734,#9735,#9736,#9737,#9738,#9739,#9740,#9741,#9742,#9743,
#9744,#9745,#9746,#9747,#9748,#9749,#9750,#9751,#9752,#9753,#9754,#9755,
#9756,#9757,#9758,#9759,#9760,#9761,#9762,#9763,#9764,#9765,#9766,#9767,
#9768,#9769,#9770,#9771,#9772,#9773,#9774,#9775,#9776,#9777,#9778,#9779,
#9780,#9781,#9782,#9783,#9784,#9785,#9786,#9787,#9788,#9789,#9790,#9791,
#9792,#9793,#9794,#9795,#9796,#9797,#9798,#9799,#9800,#9801,#9802,#9803,
#9804,#9805,#9806,#9807,#9808,#9809,#9810,#9811,#9812,#9813,#9814,#9815,
#9816,#9817,#9818,#9819,#9820,#9821,#9822,#9823,#9824,#9825,#9826,#9827,
#9828,#9829,#9830,#9831,#9832,#9833,#9834,#9835,#9836,#9837,#9838,#9839,
#9840,#9841,#9842,#9843,#9844,#9845,#9846,#9847,#9848,#9849,#9850,#9851,
#9852,#9853,#9854,#9855,#9856,#9857,#9858,#9859,#9860,#9861,#9862,#9863,
#9864,#9865,#9866,#9867,#9868,#9869,#9870,#9871,#9872,#9873,#9874,#9875,
#9876,#9877,#9878,#9879,#9880,#9881,#9882,#9883,#9884,#9885,#9886,#9887,
#9888,#9889,#9890,#9891,#9892,#9893,#9894,#9895,#9896,#9897,#9898,#9899,
#9900,#9901,#9902),(#9903,#9904,#9905,#9906,#9907,#9908,#9909,#9910,#9911,
#9912,#9913,#9914,#9915,#9916,#9917,#9918,#9919,#9920,#9921,#9922,#9923,
#9924,#9925,#9926,#9927,#9928,#9929,#9930,#9931,#9932,#9933,#9934,#9935,
#9936,#9937,#9938,#9939,#9940,#9941,#9942,#9943,#9944,#9945,#9946,#9947,
#9948,#9949,#9950,#9951,#9952,#9953,#9954,#9955,#9956,#9957,#9958,#9959,
#9960,#9961,#9962,#9963,#9964,#9965,#9966,#9967,#9968,#9969,#9970,#9971,
#9972,#9973,#9974,#9975,#9976,#9977,#9978,#9979,#9980,#9981,#9982,#9983,
#9984,#9985,#9986,#9987,#9988,#9989,#9990,#9991,#9992,#9993,#9994,#9995,
#9996,#9997,#9998,#9999,#10000,#10001,#10002,#10003,#10004,#10005,#10006,
#10007,#10008,#10009,#10010,#10011,#10012,#10013,#10014,#10015,#10016,#10017,
#10018,#10019,#10020,#10021,#10022,#10023,#10024,#10025,#10026,#10027,#10028,
#10029,#10030,#10031,#10032,#10033,#10034,#10035,#10036,#10037,#10038,#10039,
#10040,#10041,#10042,#10043,#10044,#10045,#10046,#10047,#10048,#10049,#10050,
#10051,#10052,#10053,#10054,#10055,#10056,#10057,#10058,#10059,#10060,#10061,
#10062,#10063,#10064,#10065,#10066,#10067,#10068,#10069,#10070,#10071,#10072,
#10073,#10074,#10075,#10076,#10077,#10078,#10079,#10080,#10081)),
 .UNSPECIFIED.,.F.,.F.,.F.)
B_SPLINE_SURFACE_WITH_KNOTS((2,2),(3,2,2,2,2,2,2,2,2,2,2,2,2,2,2,2,2,2,
2,2,2,2,2,2,2,2,2,2,2,2,2,2,2,2,2,2,2,2,2,2,2,2,2,2,2,2,2,2,2,2,2,2,2,2,
2,2,2,2,2,2,2,2,2,2,2,2,2,2,2,2,2,2,2,2,2,2,2,2,2,2,2,2,2,2,2,2,2,2,2,3),
(0.,1.),(0.,0.00714285714285714,0.0142857142857143,0.0214285714285714,0.0285714285714286,
0.0357142857142857,0.0428571428571429,0.05,0.0571428571428571,0.0642857142857143,
0.0714285714285714,0.0785714285714286,0.0857142857142857,0.0928571428571429,
0.1,0.107142857142857,0.114285714285714,0.121428571428571,0.128571428571429,
0.135714285714286,0.142857142857143,0.15,0.157142857142857,0.164285714285714,
0.171428571428571,0.178571428571429,0.185714285714286,0.192857142857143,
0.2,0.207142857142857,0.214285714285714,0.221428571428571,0.228571428571429,
0.235714285714286,0.242857142857143,0.25,0.257142857142857,0.264285714285714,
0.271428571428571,0.278571428571429,0.285714285714286,0.292857142857143,
0.3,0.307142857142857,0.314285714285714,0.321428571428571,0.328571428571429,
0.335714285714286,0.342857142857143,0.35,0.357142857142857,0.364285714285714,
0.371428571428571,0.378571428571429,0.385714285714286,0.392857142857143,
0.4,0.407142857142857,0.414285714285714,0.421428571428571,0.428571428571429,
0.435714285714286,0.442857142857143,0.45,0.457142857142857,0.464285714285714,
0.471428571428571,0.478571428571429,0.485714285714286,0.492857142857143,
0.5,0.507142857142857,0.514285714285714,0.521428571428571,0.528571428571429,
0.535714285714286,0.542857142857143,0.55,0.557142857142857,0.564285714285714,
0.571428571428571,0.578571428571429,0.585714285714286,0.592857142857143,
0.6,0.607142857142857,0.614285714285714,0.621428571428571,0.628571428571429,
0.63504807277045),.PIECEWISE_BEZIER_KNOTS.)
GEOMETRIC_REPRESENTATION_ITEM()
RATIONAL_B_SPLINE_SURFACE(((1.,0.974927912181824,1.,0.974927912181824,1.,
0.974927912181824,1.,0.974927912181824,1.,0.974927912181824,1.,0.974927912181824,
1.,0.974927912181824,1.,0.974927912181824,1.,0.974927912181824,1.,0.974927912181824,
1.,0.974927912181824,1.,0.974927912181824,1.,0.974927912181824,1.,0.974927912181824,
1.,0.974927912181824,1.,0.974927912181824,1.,0.974927912181824,1.,0.974927912181824,
1.,0.974927912181824,1.,0.974927912181824,1.,0.974927912181824,1.,0.974927912181824,
1.,0.974927912181824,1.,0.974927912181824,1.,0.974927912181824,1.,0.974927912181824,
1.,0.974927912181824,1.,0.974927912181824,1.,0.974927912181824,1.,0.974927912181824,
1.,0.974927912181824,1.,0.974927912181824,1.,0.974927912181824,1.,0.974927912181824,
1.,0.974927912181824,1.,0.974927912181824,1.,0.974927912181824,1.,0.974927912181824,
1.,0.974927912181824,1.,0.974927912181824,1.,0.974927912181824,1.,0.974927912181824,
1.,0.974927912181824,1.,0.974927912181824,1.,0.974927912181824,1.,0.974927912181824,
1.,0.974927912181824,1.,0.974927912181824,1.,0.974927912181824,1.,0.974927912181824,
1.,0.974927912181824,1.,0.974927912181824,1.,0.974927912181824,1.,0.974927912181824,
1.,0.974927912181824,1.,0.974927912181824,1.,0.974927912181824,1.,0.974927912181824,
1.,0.974927912181824,1.,0.974927912181824,1.,0.974927912181824,1.,0.974927912181824,
1.,0.974927912181824,1.,0.974927912181824,1.,0.974927912181824,1.,0.974927912181824,
1.,0.974927912181824,1.,0.974927912181824,1.,0.974927912181824,1.,0.974927912181824,
1.,0.974927912181824,1.,0.974927912181824,1.,0.974927912181824,1.,0.974927912181824,
1.,0.974927912181824,1.,0.974927912181824,1.,0.974927912181824,1.,0.974927912181824,
1.,0.974927912181824,1.,0.974927912181824,1.,0.974927912181824,1.,0.974927912181824,
1.,0.974927912181824,1.,0.974927912181824,1.,0.974927912181824,1.,0.974927912181824,
1.,0.974927912181824,1.,0.974927912181824,1.,0.977266381102508,0.995759279272473),
(1.,0.974927912181824,1.,0.974927912181824,1.,0.974927912181824,1.,0.974927912181824,
1.,0.974927912181824,1.,0.974927912181824,1.,0.974927912181824,1.,0.974927912181824,
1.,0.974927912181824,1.,0.974927912181824,1.,0.974927912181824,1.,0.974927912181824,
1.,0.974927912181824,1.,0.974927912181824,1.,0.974927912181824,1.,0.974927912181824,
1.,0.974927912181824,1.,0.974927912181824,1.,0.974927912181824,1.,0.974927912181824,
1.,0.974927912181824,1.,0.974927912181824,1.,0.974927912181824,1.,0.974927912181824,
1.,0.974927912181824,1.,0.974927912181824,1.,0.974927912181824,1.,0.974927912181824,
1.,0.974927912181824,1.,0.974927912181824,1.,0.974927912181824,1.,0.974927912181824,
1.,0.974927912181824,1.,0.974927912181824,1.,0.974927912181824,1.,0.974927912181824,
1.,0.974927912181824,1.,0.974927912181824,1.,0.974927912181824,1.,0.974927912181824,
1.,0.974927912181824,1.,0.974927912181824,1.,0.974927912181824,1.,0.974927912181824,
1.,0.974927912181824,1.,0.974927912181824,1.,0.974927912181824,1.,0.974927912181824,
1.,0.974927912181824,1.,0.974927912181824,1.,0.974927912181824,1.,0.974927912181824,
1.,0.974927912181824,1.,0.974927912181824,1.,0.974927912181824,1.,0.974927912181824,
1.,0.974927912181824,1.,0.974927912181824,1.,0.974927912181824,1.,0.974927912181824,
1.,0.974927912181824,1.,0.974927912181824,1.,0.974927912181824,1.,0.974927912181824,
1.,0.974927912181824,1.,0.974927912181824,1.,0.974927912181824,1.,0.974927912181824,
1.,0.974927912181824,1.,0.974927912181824,1.,0.974927912181824,1.,0.974927912181824,
1.,0.974927912181824,1.,0.974927912181824,1.,0.974927912181824,1.,0.974927912181824,
1.,0.974927912181824,1.,0.974927912181824,1.,0.974927912181824,1.,0.974927912181824,
1.,0.974927912181824,1.,0.974927912181824,1.,0.974927912181824,1.,0.974927912181824,
1.,0.974927912181824,1.,0.974927912181824,1.,0.974927912181824,1.,0.974927912181824,
1.,0.977266381102508,0.995759279272473)))
REPRESENTATION_ITEM('')
SURFACE()
);
#26=(
BOUNDED_SURFACE()
B_SPLINE_SURFACE(1,2,((#10082,#10083,#10084,#10085,#10086,#10087,#10088,
#10089,#10090,#10091,#10092,#10093,#10094,#10095,#10096,#10097,#10098,#10099,
#10100,#10101,#10102,#10103,#10104,#10105,#10106,#10107,#10108,#10109,#10110,
#10111,#10112,#10113,#10114,#10115,#10116,#10117,#10118,#10119,#10120,#10121,
#10122,#10123,#10124,#10125,#10126,#10127,#10128,#10129,#10130,#10131,#10132,
#10133,#10134,#10135,#10136,#10137,#10138,#10139,#10140,#10141,#10142,#10143,
#10144,#10145,#10146,#10147,#10148,#10149,#10150,#10151,#10152,#10153,#10154,
#10155,#10156,#10157,#10158,#10159,#10160,#10161,#10162,#10163,#10164,#10165,
#10166,#10167,#10168,#10169,#10170,#10171,#10172,#10173,#10174,#10175,#10176,
#10177,#10178,#10179,#10180,#10181,#10182,#10183,#10184,#10185,#10186,#10187,
#10188,#10189,#10190,#10191,#10192,#10193,#10194,#10195,#10196,#10197,#10198,
#10199,#10200,#10201,#10202,#10203,#10204,#10205,#10206,#10207,#10208,#10209,
#10210,#10211,#10212,#10213,#10214,#10215,#10216,#10217,#10218,#10219,#10220,
#10221,#10222,#10223,#10224,#10225,#10226,#10227,#10228,#10229,#10230,#10231,
#10232,#10233,#10234,#10235,#10236,#10237,#10238,#10239,#10240,#10241,#10242,
#10243,#10244,#10245,#10246,#10247,#10248,#10249,#10250,#10251,#10252,#10253,
#10254,#10255,#10256,#10257,#10258,#10259,#10260,#10261,#10262,#10263,#10264),
(#10265,#10266,#10267,#10268,#10269,#10270,#10271,#10272,#10273,#10274,
#10275,#10276,#10277,#10278,#10279,#10280,#10281,#10282,#10283,#10284,#10285,
#10286,#10287,#10288,#10289,#10290,#10291,#10292,#10293,#10294,#10295,#10296,
#10297,#10298,#10299,#10300,#10301,#10302,#10303,#10304,#10305,#10306,#10307,
#10308,#10309,#10310,#10311,#10312,#10313,#10314,#10315,#10316,#10317,#10318,
#10319,#10320,#10321,#10322,#10323,#10324,#10325,#10326,#10327,#10328,#10329,
#10330,#10331,#10332,#10333,#10334,#10335,#10336,#10337,#10338,#10339,#10340,
#10341,#10342,#10343,#10344,#10345,#10346,#10347,#10348,#10349,#10350,#10351,
#10352,#10353,#10354,#10355,#10356,#10357,#10358,#10359,#10360,#10361,#10362,
#10363,#10364,#10365,#10366,#10367,#10368,#10369,#10370,#10371,#10372,#10373,
#10374,#10375,#10376,#10377,#10378,#10379,#10380,#10381,#10382,#10383,#10384,
#10385,#10386,#10387,#10388,#10389,#10390,#10391,#10392,#10393,#10394,#10395,
#10396,#10397,#10398,#10399,#10400,#10401,#10402,#10403,#10404,#10405,#10406,
#10407,#10408,#10409,#10410,#10411,#10412,#10413,#10414,#10415,#10416,#10417,
#10418,#10419,#10420,#10421,#10422,#10423,#10424,#10425,#10426,#10427,#10428,
#10429,#10430,#10431,#10432,#10433,#10434,#10435,#10436,#10437,#10438,#10439,
#10440,#10441,#10442,#10443,#10444,#10445,#10446,#10447)),.UNSPECIFIED.,
 .F.,.F.,.F.)
B_SPLINE_SURFACE_WITH_KNOTS((2,2),(3,2,2,2,2,2,2,2,2,2,2,2,2,2,2,2,2,2,
2,2,2,2,2,2,2,2,2,2,2,2,2,2,2,2,2,2,2,2,2,2,2,2,2,2,2,2,2,2,2,2,2,2,2,2,
2,2,2,2,2,2,2,2,2,2,2,2,2,2,2,2,2,2,2,2,2,2,2,2,2,2,2,2,2,2,2,2,2,2,2,2,
2,3),(0.,1.),(0.0399774896320551,0.0428571428571429,0.05,0.0571428571428571,
0.0642857142857143,0.0714285714285714,0.0785714285714286,0.0857142857142857,
0.0928571428571429,0.1,0.107142857142857,0.114285714285714,0.121428571428571,
0.128571428571429,0.135714285714286,0.142857142857143,0.15,0.157142857142857,
0.164285714285714,0.171428571428571,0.178571428571429,0.185714285714286,
0.192857142857143,0.2,0.207142857142857,0.214285714285714,0.221428571428571,
0.228571428571429,0.235714285714286,0.242857142857143,0.25,0.257142857142857,
0.264285714285714,0.271428571428571,0.278571428571429,0.285714285714286,
0.292857142857143,0.3,0.307142857142857,0.314285714285714,0.321428571428571,
0.328571428571429,0.335714285714286,0.342857142857143,0.35,0.357142857142857,
0.364285714285714,0.371428571428571,0.378571428571429,0.385714285714286,
0.392857142857143,0.4,0.407142857142857,0.414285714285714,0.421428571428571,
0.428571428571429,0.435714285714286,0.442857142857143,0.45,0.457142857142857,
0.464285714285714,0.471428571428571,0.478571428571429,0.485714285714286,
0.492857142857143,0.5,0.507142857142857,0.514285714285714,0.521428571428571,
0.528571428571429,0.535714285714286,0.542857142857143,0.55,0.557142857142857,
0.564285714285714,0.571428571428571,0.578571428571429,0.585714285714286,
0.592857142857143,0.6,0.607142857142857,0.614285714285714,0.621428571428571,
0.628571428571429,0.635714285714286,0.642857142857143,0.65,0.657142857142857,
0.664285714285714,0.671428571428571,0.678571428571429,0.678787410598616),
 .PIECEWISE_BEZIER_KNOTS.)
GEOMETRIC_REPRESENTATION_ITEM()
RATIONAL_B_SPLINE_SURFACE(((0.98793429047388,0.989892151403659,1.,0.974927912181824,
1.,0.974927912181824,1.,0.974927912181824,1.,0.974927912181824,1.,0.974927912181824,
1.,0.974927912181824,1.,0.974927912181824,1.,0.974927912181824,1.,0.974927912181824,
1.,0.974927912181824,1.,0.974927912181824,1.,0.974927912181824,1.,0.974927912181824,
1.,0.974927912181824,1.,0.974927912181824,1.,0.974927912181824,1.,0.974927912181824,
1.,0.974927912181824,1.,0.974927912181824,1.,0.974927912181824,1.,0.974927912181824,
1.,0.974927912181824,1.,0.974927912181824,1.,0.974927912181824,1.,0.974927912181824,
1.,0.974927912181824,1.,0.974927912181824,1.,0.974927912181824,1.,0.974927912181824,
1.,0.974927912181824,1.,0.974927912181824,1.,0.974927912181824,1.,0.974927912181824,
1.,0.974927912181824,1.,0.974927912181824,1.,0.974927912181824,1.,0.974927912181824,
1.,0.974927912181824,1.,0.974927912181824,1.,0.974927912181824,1.,0.974927912181824,
1.,0.974927912181824,1.,0.974927912181824,1.,0.974927912181824,1.,0.974927912181824,
1.,0.974927912181824,1.,0.974927912181824,1.,0.974927912181824,1.,0.974927912181824,
1.,0.974927912181824,1.,0.974927912181824,1.,0.974927912181824,1.,0.974927912181824,
1.,0.974927912181824,1.,0.974927912181824,1.,0.974927912181824,1.,0.974927912181824,
1.,0.974927912181824,1.,0.974927912181824,1.,0.974927912181824,1.,0.974927912181824,
1.,0.974927912181824,1.,0.974927912181824,1.,0.974927912181824,1.,0.974927912181824,
1.,0.974927912181824,1.,0.974927912181824,1.,0.974927912181824,1.,0.974927912181824,
1.,0.974927912181824,1.,0.974927912181824,1.,0.974927912181824,1.,0.974927912181824,
1.,0.974927912181824,1.,0.974927912181824,1.,0.974927912181824,1.,0.974927912181824,
1.,0.974927912181824,1.,0.974927912181824,1.,0.974927912181824,1.,0.974927912181824,
1.,0.974927912181824,1.,0.974927912181824,1.,0.974927912181824,1.,0.974927912181824,
1.,0.974927912181824,1.,0.974927912181824,1.,0.974927912181824,1.,0.974927912181824,
1.,0.999241883150608,0.99852961339313),(0.98793429047388,0.989892151403659,
1.,0.974927912181824,1.,0.974927912181824,1.,0.974927912181824,1.,0.974927912181824,
1.,0.974927912181824,1.,0.974927912181824,1.,0.974927912181824,1.,0.974927912181824,
1.,0.974927912181824,1.,0.974927912181824,1.,0.974927912181824,1.,0.974927912181824,
1.,0.974927912181824,1.,0.974927912181824,1.,0.974927912181824,1.,0.974927912181824,
1.,0.974927912181824,1.,0.974927912181824,1.,0.974927912181824,1.,0.974927912181824,
1.,0.974927912181824,1.,0.974927912181824,1.,0.974927912181824,1.,0.974927912181824,
1.,0.974927912181824,1.,0.974927912181824,1.,0.974927912181824,1.,0.974927912181824,
1.,0.974927912181824,1.,0.974927912181824,1.,0.974927912181824,1.,0.974927912181824,
1.,0.974927912181824,1.,0.974927912181824,1.,0.974927912181824,1.,0.974927912181824,
1.,0.974927912181824,1.,0.974927912181824,1.,0.974927912181824,1.,0.974927912181824,
1.,0.974927912181824,1.,0.974927912181824,1.,0.974927912181824,1.,0.974927912181824,
1.,0.974927912181824,1.,0.974927912181824,1.,0.974927912181824,1.,0.974927912181824,
1.,0.974927912181824,1.,0.974927912181824,1.,0.974927912181824,1.,0.974927912181824,
1.,0.974927912181824,1.,0.974927912181824,1.,0.974927912181824,1.,0.974927912181824,
1.,0.974927912181824,1.,0.974927912181824,1.,0.974927912181824,1.,0.974927912181824,
1.,0.974927912181824,1.,0.974927912181824,1.,0.974927912181824,1.,0.974927912181824,
1.,0.974927912181824,1.,0.974927912181824,1.,0.974927912181824,1.,0.974927912181824,
1.,0.974927912181824,1.,0.974927912181824,1.,0.974927912181824,1.,0.974927912181824,
1.,0.974927912181824,1.,0.974927912181824,1.,0.974927912181824,1.,0.974927912181824,
1.,0.974927912181824,1.,0.974927912181824,1.,0.974927912181824,1.,0.974927912181824,
1.,0.974927912181824,1.,0.974927912181824,1.,0.974927912181824,1.,0.974927912181824,
1.,0.974927912181824,1.,0.974927912181824,1.,0.974927912181824,1.,0.974927912181824,
1.,0.974927912181824,1.,0.999241883150608,0.99852961339313)))
REPRESENTATION_ITEM('')
SURFACE()
);
#27=(
BOUNDED_SURFACE()
B_SPLINE_SURFACE(1,2,((#11011,#11012,#11013,#11014,#11015,#11016,#11017,
#11018,#11019,#11020,#11021,#11022,#11023,#11024,#11025,#11026,#11027,#11028,
#11029,#11030,#11031,#11032,#11033,#11034,#11035,#11036,#11037,#11038,#11039,
#11040,#11041,#11042,#11043,#11044,#11045,#11046,#11047,#11048,#11049,#11050,
#11051,#11052,#11053,#11054,#11055,#11056,#11057,#11058,#11059,#11060,#11061,
#11062,#11063,#11064,#11065,#11066,#11067,#11068,#11069,#11070,#11071,#11072,
#11073,#11074,#11075,#11076,#11077,#11078,#11079,#11080,#11081,#11082,#11083,
#11084,#11085,#11086,#11087,#11088,#11089,#11090,#11091,#11092,#11093,#11094,
#11095,#11096,#11097,#11098,#11099,#11100,#11101,#11102,#11103,#11104,#11105,
#11106,#11107,#11108,#11109,#11110,#11111,#11112,#11113,#11114,#11115,#11116,
#11117,#11118,#11119,#11120,#11121,#11122,#11123,#11124,#11125,#11126,#11127,
#11128,#11129,#11130,#11131,#11132,#11133,#11134,#11135,#11136,#11137,#11138,
#11139,#11140,#11141,#11142,#11143,#11144,#11145,#11146,#11147,#11148,#11149,
#11150,#11151,#11152,#11153,#11154,#11155,#11156,#11157,#11158,#11159,#11160,
#11161,#11162,#11163,#11164,#11165,#11166,#11167,#11168,#11169,#11170,#11171,
#11172,#11173,#11174,#11175,#11176,#11177,#11178,#11179,#11180,#11181,#11182,
#11183,#11184,#11185,#11186,#11187,#11188,#11189),(#11190,#11191,#11192,
#11193,#11194,#11195,#11196,#11197,#11198,#11199,#11200,#11201,#11202,#11203,
#11204,#11205,#11206,#11207,#11208,#11209,#11210,#11211,#11212,#11213,#11214,
#11215,#11216,#11217,#11218,#11219,#11220,#11221,#11222,#11223,#11224,#11225,
#11226,#11227,#11228,#11229,#11230,#11231,#11232,#11233,#11234,#11235,#11236,
#11237,#11238,#11239,#11240,#11241,#11242,#11243,#11244,#11245,#11246,#11247,
#11248,#11249,#11250,#11251,#11252,#11253,#11254,#11255,#11256,#11257,#11258,
#11259,#11260,#11261,#11262,#11263,#11264,#11265,#11266,#11267,#11268,#11269,
#11270,#11271,#11272,#11273,#11274,#11275,#11276,#11277,#11278,#11279,#11280,
#11281,#11282,#11283,#11284,#11285,#11286,#11287,#11288,#11289,#11290,#11291,
#11292,#11293,#11294,#11295,#11296,#11297,#11298,#11299,#11300,#11301,#11302,
#11303,#11304,#11305,#11306,#11307,#11308,#11309,#11310,#11311,#11312,#11313,
#11314,#11315,#11316,#11317,#11318,#11319,#11320,#11321,#11322,#11323,#11324,
#11325,#11326,#11327,#11328,#11329,#11330,#11331,#11332,#11333,#11334,#11335,
#11336,#11337,#11338,#11339,#11340,#11341,#11342,#11343,#11344,#11345,#11346,
#11347,#11348,#11349,#11350,#11351,#11352,#11353,#11354,#11355,#11356,#11357,
#11358,#11359,#11360,#11361,#11362,#11363,#11364,#11365,#11366,#11367,#11368)),
 .UNSPECIFIED.,.F.,.F.,.F.)
B_SPLINE_SURFACE_WITH_KNOTS((2,2),(3,2,2,2,2,2,2,2,2,2,2,2,2,2,2,2,2,2,
2,2,2,2,2,2,2,2,2,2,2,2,2,2,2,2,2,2,2,2,2,2,2,2,2,2,2,2,2,2,2,2,2,2,2,2,
2,2,2,2,2,2,2,2,2,2,2,2,2,2,2,2,2,2,2,2,2,2,2,2,2,2,2,2,2,2,2,2,2,2,2,3),
(0.,1.),(0.,0.00714285714285714,0.0142857142857143,0.0214285714285714,0.0285714285714286,
0.0357142857142857,0.0428571428571429,0.05,0.0571428571428571,0.0642857142857143,
0.0714285714285714,0.0785714285714286,0.0857142857142857,0.0928571428571429,
0.1,0.107142857142857,0.114285714285714,0.121428571428571,0.128571428571429,
0.135714285714286,0.142857142857143,0.15,0.157142857142857,0.164285714285714,
0.171428571428571,0.178571428571429,0.185714285714286,0.192857142857143,
0.2,0.207142857142857,0.214285714285714,0.221428571428571,0.228571428571429,
0.235714285714286,0.242857142857143,0.25,0.257142857142857,0.264285714285714,
0.271428571428571,0.278571428571429,0.285714285714286,0.292857142857143,
0.3,0.307142857142857,0.314285714285714,0.321428571428571,0.328571428571429,
0.335714285714286,0.342857142857143,0.35,0.357142857142857,0.364285714285714,
0.371428571428571,0.378571428571429,0.385714285714286,0.392857142857143,
0.4,0.407142857142857,0.414285714285714,0.421428571428571,0.428571428571429,
0.435714285714286,0.442857142857143,0.45,0.457142857142857,0.464285714285714,
0.471428571428571,0.478571428571429,0.485714285714286,0.492857142857143,
0.5,0.507142857142857,0.514285714285714,0.521428571428571,0.528571428571429,
0.535714285714286,0.542857142857143,0.55,0.557142857142857,0.564285714285714,
0.571428571428571,0.578571428571429,0.585714285714286,0.592857142857143,
0.6,0.607142857142857,0.614285714285714,0.621428571428571,0.628571428571429,
0.63504807277045),.PIECEWISE_BEZIER_KNOTS.)
GEOMETRIC_REPRESENTATION_ITEM()
RATIONAL_B_SPLINE_SURFACE(((1.,0.974927912181824,1.,0.974927912181824,1.,
0.974927912181824,1.,0.974927912181824,1.,0.974927912181824,1.,0.974927912181824,
1.,0.974927912181824,1.,0.974927912181824,1.,0.974927912181824,1.,0.974927912181824,
1.,0.974927912181824,1.,0.974927912181824,1.,0.974927912181824,1.,0.974927912181824,
1.,0.974927912181824,1.,0.974927912181824,1.,0.974927912181824,1.,0.974927912181824,
1.,0.974927912181824,1.,0.974927912181824,1.,0.974927912181824,1.,0.974927912181824,
1.,0.974927912181824,1.,0.974927912181824,1.,0.974927912181824,1.,0.974927912181824,
1.,0.974927912181824,1.,0.974927912181824,1.,0.974927912181824,1.,0.974927912181824,
1.,0.974927912181824,1.,0.974927912181824,1.,0.974927912181824,1.,0.974927912181824,
1.,0.974927912181824,1.,0.974927912181824,1.,0.974927912181824,1.,0.974927912181824,
1.,0.974927912181824,1.,0.974927912181824,1.,0.974927912181824,1.,0.974927912181824,
1.,0.974927912181824,1.,0.974927912181824,1.,0.974927912181824,1.,0.974927912181824,
1.,0.974927912181824,1.,0.974927912181824,1.,0.974927912181824,1.,0.974927912181824,
1.,0.974927912181824,1.,0.974927912181824,1.,0.974927912181824,1.,0.974927912181824,
1.,0.974927912181824,1.,0.974927912181824,1.,0.974927912181824,1.,0.974927912181824,
1.,0.974927912181824,1.,0.974927912181824,1.,0.974927912181824,1.,0.974927912181824,
1.,0.974927912181824,1.,0.974927912181824,1.,0.974927912181824,1.,0.974927912181824,
1.,0.974927912181824,1.,0.974927912181824,1.,0.974927912181824,1.,0.974927912181824,
1.,0.974927912181824,1.,0.974927912181824,1.,0.974927912181824,1.,0.974927912181824,
1.,0.974927912181824,1.,0.974927912181824,1.,0.974927912181824,1.,0.974927912181824,
1.,0.974927912181824,1.,0.974927912181824,1.,0.974927912181824,1.,0.974927912181824,
1.,0.974927912181824,1.,0.974927912181824,1.,0.974927912181824,1.,0.974927912181824,
1.,0.974927912181824,1.,0.974927912181824,1.,0.977266381102508,0.995759279272473),
(1.,0.974927912181824,1.,0.974927912181824,1.,0.974927912181824,1.,0.974927912181824,
1.,0.974927912181824,1.,0.974927912181824,1.,0.974927912181824,1.,0.974927912181824,
1.,0.974927912181824,1.,0.974927912181824,1.,0.974927912181824,1.,0.974927912181824,
1.,0.974927912181824,1.,0.974927912181824,1.,0.974927912181824,1.,0.974927912181824,
1.,0.974927912181824,1.,0.974927912181824,1.,0.974927912181824,1.,0.974927912181824,
1.,0.974927912181824,1.,0.974927912181824,1.,0.974927912181824,1.,0.974927912181824,
1.,0.974927912181824,1.,0.974927912181824,1.,0.974927912181824,1.,0.974927912181824,
1.,0.974927912181824,1.,0.974927912181824,1.,0.974927912181824,1.,0.974927912181824,
1.,0.974927912181824,1.,0.974927912181824,1.,0.974927912181824,1.,0.974927912181824,
1.,0.974927912181824,1.,0.974927912181824,1.,0.974927912181824,1.,0.974927912181824,
1.,0.974927912181824,1.,0.974927912181824,1.,0.974927912181824,1.,0.974927912181824,
1.,0.974927912181824,1.,0.974927912181824,1.,0.974927912181824,1.,0.974927912181824,
1.,0.974927912181824,1.,0.974927912181824,1.,0.974927912181824,1.,0.974927912181824,
1.,0.974927912181824,1.,0.974927912181824,1.,0.974927912181824,1.,0.974927912181824,
1.,0.974927912181824,1.,0.974927912181824,1.,0.974927912181824,1.,0.974927912181824,
1.,0.974927912181824,1.,0.974927912181824,1.,0.974927912181824,1.,0.974927912181824,
1.,0.974927912181824,1.,0.974927912181824,1.,0.974927912181824,1.,0.974927912181824,
1.,0.974927912181824,1.,0.974927912181824,1.,0.974927912181824,1.,0.974927912181824,
1.,0.974927912181824,1.,0.974927912181824,1.,0.974927912181824,1.,0.974927912181824,
1.,0.974927912181824,1.,0.974927912181824,1.,0.974927912181824,1.,0.974927912181824,
1.,0.974927912181824,1.,0.974927912181824,1.,0.974927912181824,1.,0.974927912181824,
1.,0.974927912181824,1.,0.974927912181824,1.,0.974927912181824,1.,0.974927912181824,
1.,0.977266381102508,0.995759279272473)))
REPRESENTATION_ITEM('')
SURFACE()
);
#28=TOROIDAL_SURFACE('',#2876,0.450000000000002,0.299999999999999);
#29=TOROIDAL_SURFACE('',#2878,0.450000000000002,0.299999999999999);
#30=DEGENERATE_TOROIDAL_SURFACE('',#2875,0.200000000000002,0.299999999999999,
 .T.);
#31=DEGENERATE_TOROIDAL_SURFACE('',#2877,0.200000000000002,0.299999999999999,
 .T.);
#32=DEGENERATE_TOROIDAL_SURFACE('',#2879,0.200000000000002,0.299999999999999,
 .T.);
#33=DEGENERATE_TOROIDAL_SURFACE('',#2880,0.200000000000002,0.299999999999999,
 .T.);
#34=(
BOUNDED_CURVE()
B_SPLINE_CURVE(2,(#3488,#3489,#3490,#3491,#3492,#3493,#3494,#3495,#3496,
#3497,#3498,#3499,#3500,#3501,#3502,#3503,#3504,#3505,#3506,#3507,#3508,
#3509,#3510,#3511,#3512,#3513,#3514,#3515,#3516,#3517,#3518,#3519,#3520,
#3521,#3522,#3523,#3524,#3525,#3526,#3527,#3528,#3529,#3530,#3531,#3532,
#3533,#3534,#3535,#3536,#3537,#3538,#3539,#3540,#3541,#3542,#3543,#3544,
#3545,#3546,#3547,#3548,#3549,#3550,#3551,#3552,#3553,#3554,#3555,#3556,
#3557,#3558,#3559,#3560,#3561,#3562,#3563,#3564,#3565,#3566,#3567,#3568,
#3569,#3570,#3571,#3572,#3573,#3574,#3575,#3576,#3577,#3578,#3579,#3580,
#3581,#3582,#3583,#3584,#3585,#3586,#3587,#3588,#3589,#3590,#3591,#3592,
#3593,#3594,#3595,#3596,#3597,#3598,#3599,#3600,#3601,#3602,#3603,#3604,
#3605,#3606,#3607,#3608,#3609,#3610,#3611,#3612,#3613,#3614,#3615,#3616,
#3617,#3618,#3619,#3620,#3621,#3622,#3623,#3624,#3625,#3626,#3627,#3628,
#3629,#3630,#3631,#3632,#3633,#3634,#3635,#3636,#3637,#3638,#3639,#3640,
#3641,#3642,#3643,#3644,#3645,#3646,#3647,#3648,#3649,#3650,#3651,#3652,
#3653,#3654,#3655,#3656,#3657,#3658,#3659,#3660,#3661,#3662,#3663,#3664,
#3665,#3666,#3667,#3668,#3669,#3670,#3671,#3672,#3673,#3674,#3675,#3676,
#3677,#3678,#3679,#3680,#3681,#3682,#3683,#3684,#3685,#3686,#3687,#3688,
#3689,#3690,#3691,#3692,#3693,#3694,#3695,#3696,#3697,#3698,#3699,#3700,
#3701,#3702,#3703,#3704,#3705,#3706,#3707,#3708,#3709,#3710,#3711,#3712,
#3713,#3714,#3715,#3716,#3717,#3718,#3719,#3720,#3721,#3722,#3723,#3724,
#3725,#3726,#3727,#3728,#3729,#3730,#3731,#3732,#3733,#3734,#3735,#3736,
#3737,#3738,#3739,#3740,#3741,#3742,#3743,#3744,#3745,#3746,#3747,#3748,
#3749,#3750,#3751,#3752,#3753,#3754,#3755,#3756,#3757,#3758,#3759,#3760,
#3761,#3762,#3763,#3764,#3765,#3766,#3767,#3768),.UNSPECIFIED.,.F.,.F.)
B_SPLINE_CURVE_WITH_KNOTS((3,2,2,2,2,2,2,2,2,2,2,2,2,2,2,2,2,2,2,2,2,2,
2,2,2,2,2,2,2,2,2,2,2,2,2,2,2,2,2,2,2,2,2,2,2,2,2,2,2,2,2,2,2,2,2,2,2,2,
2,2,2,2,2,2,2,2,2,2,2,2,2,2,2,2,2,2,2,2,2,2,2,2,2,2,2,2,2,2,2,2,2,2,2,2,
2,2,2,2,2,2,2,2,2,2,2,2,2,2,2,2,2,2,2,2,2,2,2,2,2,2,2,2,2,2,2,2,2,2,2,2,
2,2,2,2,2,2,2,2,2,2,3),(0.,0.00714285714285714,0.0142857142857143,0.0214285714285714,
0.0285714285714286,0.0357142857142857,0.0428571428571429,0.05,0.0571428571428571,
0.0642857142857143,0.0714285714285714,0.0785714285714286,0.0857142857142857,
0.0928571428571429,0.1,0.107142857142857,0.114285714285714,0.121428571428571,
0.128571428571429,0.135714285714286,0.142857142857143,0.15,0.157142857142857,
0.164285714285714,0.171428571428571,0.178571428571429,0.185714285714286,
0.192857142857143,0.2,0.207142857142857,0.214285714285714,0.221428571428571,
0.228571428571429,0.235714285714286,0.242857142857143,0.25,0.257142857142857,
0.264285714285714,0.271428571428571,0.278571428571429,0.285714285714286,
0.292857142857143,0.3,0.307142857142857,0.314285714285714,0.321428571428571,
0.328571428571429,0.335714285714286,0.342857142857143,0.35,0.357142857142857,
0.364285714285714,0.371428571428571,0.378571428571429,0.385714285714286,
0.392857142857143,0.4,0.407142857142857,0.414285714285714,0.421428571428571,
0.428571428571429,0.435714285714286,0.442857142857143,0.45,0.457142857142857,
0.464285714285714,0.471428571428571,0.478571428571429,0.485714285714286,
0.492857142857143,0.5,0.507142857142857,0.514285714285714,0.521428571428571,
0.528571428571429,0.535714285714286,0.542857142857143,0.55,0.557142857142857,
0.564285714285714,0.571428571428571,0.578571428571429,0.585714285714286,
0.592857142857143,0.6,0.607142857142857,0.614285714285714,0.621428571428571,
0.628571428571429,0.635714285714286,0.642857142857143,0.65,0.657142857142857,
0.664285714285714,0.671428571428571,0.678571428571429,0.685714285714286,
0.692857142857143,0.7,0.707142857142857,0.714285714285714,0.721428571428571,
0.728571428571429,0.735714285714286,0.742857142857143,0.75,0.757142857142857,
0.764285714285714,0.771428571428571,0.778571428571429,0.785714285714286,
0.792857142857143,0.8,0.807142857142857,0.814285714285714,0.821428571428571,
0.828571428571429,0.835714285714286,0.842857142857143,0.85,0.857142857142857,
0.864285714285714,0.871428571428571,0.878571428571429,0.885714285714286,
0.892857142857143,0.9,0.907142857142857,0.914285714285714,0.921428571428571,
0.928571428571429,0.935714285714286,0.942857142857143,0.95,0.957142857142857,
0.964285714285714,0.971428571428571,0.978571428571429,0.985714285714286,
0.992857142857143,1.),.UNSPECIFIED.)
CURVE()
GEOMETRIC_REPRESENTATION_ITEM()
RATIONAL_B_SPLINE_CURVE((1.,0.974927912181824,1.,0.974927912181824,1.,0.974927912181824,
1.,0.974927912181824,1.,0.974927912181824,1.,0.974927912181824,1.,0.974927912181824,
1.,0.974927912181824,1.,0.974927912181824,1.,0.974927912181824,1.,0.974927912181824,
1.,0.974927912181824,1.,0.974927912181824,1.,0.974927912181824,1.,0.974927912181824,
1.,0.974927912181824,1.,0.974927912181824,1.,0.974927912181824,1.,0.974927912181824,
1.,0.974927912181824,1.,0.974927912181824,1.,0.974927912181824,1.,0.974927912181824,
1.,0.974927912181824,1.,0.974927912181824,1.,0.974927912181824,1.,0.974927912181824,
1.,0.974927912181824,1.,0.974927912181824,1.,0.974927912181824,1.,0.974927912181824,
1.,0.974927912181824,1.,0.974927912181824,1.,0.974927912181824,1.,0.974927912181824,
1.,0.974927912181824,1.,0.974927912181824,1.,0.974927912181824,1.,0.974927912181824,
1.,0.974927912181824,1.,0.974927912181824,1.,0.974927912181824,1.,0.974927912181824,
1.,0.974927912181824,1.,0.974927912181824,1.,0.974927912181824,1.,0.974927912181824,
1.,0.974927912181824,1.,0.974927912181824,1.,0.974927912181824,1.,0.974927912181824,
1.,0.974927912181824,1.,0.974927912181824,1.,0.974927912181824,1.,0.974927912181824,
1.,0.974927912181824,1.,0.974927912181824,1.,0.974927912181824,1.,0.974927912181824,
1.,0.974927912181824,1.,0.974927912181824,1.,0.974927912181824,1.,0.974927912181824,
1.,0.974927912181824,1.,0.974927912181824,1.,0.974927912181824,1.,0.974927912181824,
1.,0.974927912181824,1.,0.974927912181824,1.,0.974927912181824,1.,0.974927912181824,
1.,0.974927912181824,1.,0.974927912181824,1.,0.974927912181824,1.,0.974927912181824,
1.,0.974927912181824,1.,0.974927912181824,1.,0.974927912181824,1.,0.974927912181824,
1.,0.974927912181824,1.,0.974927912181824,1.,0.974927912181824,1.,0.974927912181824,
1.,0.974927912181824,1.,0.974927912181824,1.,0.974927912181824,1.,0.974927912181824,
1.,0.974927912181824,1.,0.974927912181824,1.,0.974927912181824,1.,0.974927912181824,
1.,0.974927912181824,1.,0.974927912181824,1.,0.974927912181824,1.,0.974927912181824,
1.,0.974927912181824,1.,0.974927912181824,1.,0.974927912181824,1.,0.974927912181824,
1.,0.974927912181824,1.,0.974927912181824,1.,0.974927912181824,1.,0.974927912181824,
1.,0.974927912181824,1.,0.974927912181824,1.,0.974927912181824,1.,0.974927912181824,
1.,0.974927912181824,1.,0.974927912181824,1.,0.974927912181824,1.,0.974927912181824,
1.,0.974927912181824,1.,0.974927912181824,1.,0.974927912181824,1.,0.974927912181824,
1.,0.974927912181824,1.,0.974927912181824,1.,0.974927912181824,1.,0.974927912181824,
1.,0.974927912181824,1.,0.974927912181824,1.,0.974927912181824,1.,0.974927912181824,
1.,0.974927912181824,1.,0.974927912181824,1.,0.974927912181824,1.,0.974927912181824,
1.,0.974927912181824,1.,0.974927912181824,1.,0.974927912181824,1.,0.974927912181824,
1.,0.974927912181824,1.,0.974927912181824,1.,0.974927912181824,1.,0.974927912181824,
1.,0.974927912181824,1.,0.974927912181824,1.,0.974927912181824,1.,0.974927912181824,
1.,0.974927912181824,1.))
REPRESENTATION_ITEM('')
);
#35=(
BOUNDED_CURVE()
B_SPLINE_CURVE(2,(#3772,#3773,#3774,#3775,#3776,#3777,#3778,#3779,#3780,
#3781,#3782,#3783,#3784,#3785,#3786,#3787,#3788,#3789,#3790,#3791,#3792,
#3793,#3794,#3795,#3796,#3797,#3798,#3799,#3800,#3801,#3802,#3803,#3804,
#3805,#3806,#3807,#3808,#3809,#3810,#3811,#3812,#3813,#3814,#3815,#3816,
#3817,#3818,#3819,#3820,#3821,#3822,#3823,#3824,#3825,#3826,#3827,#3828,
#3829,#3830,#3831,#3832,#3833,#3834,#3835,#3836,#3837,#3838,#3839,#3840,
#3841,#3842,#3843,#3844,#3845,#3846,#3847,#3848,#3849,#3850,#3851,#3852,
#3853,#3854,#3855,#3856,#3857,#3858,#3859,#3860,#3861,#3862,#3863,#3864,
#3865,#3866,#3867,#3868,#3869,#3870,#3871,#3872,#3873,#3874,#3875,#3876,
#3877,#3878,#3879,#3880,#3881,#3882,#3883,#3884,#3885,#3886,#3887,#3888,
#3889,#3890,#3891,#3892,#3893,#3894,#3895,#3896,#3897,#3898,#3899,#3900,
#3901,#3902,#3903,#3904,#3905,#3906,#3907,#3908,#3909,#3910,#3911,#3912,
#3913,#3914,#3915,#3916,#3917,#3918,#3919,#3920,#3921,#3922,#3923,#3924,
#3925,#3926,#3927,#3928,#3929,#3930,#3931,#3932,#3933,#3934,#3935,#3936,
#3937,#3938,#3939,#3940,#3941,#3942,#3943,#3944,#3945,#3946,#3947,#3948,
#3949,#3950,#3951,#3952,#3953,#3954,#3955,#3956,#3957,#3958,#3959,#3960,
#3961,#3962,#3963,#3964,#3965,#3966,#3967,#3968,#3969,#3970,#3971,#3972,
#3973,#3974,#3975,#3976,#3977,#3978,#3979,#3980,#3981,#3982,#3983,#3984,
#3985,#3986,#3987,#3988,#3989,#3990,#3991,#3992,#3993,#3994,#3995,#3996,
#3997,#3998,#3999,#4000,#4001,#4002,#4003,#4004,#4005,#4006,#4007,#4008,
#4009,#4010,#4011,#4012,#4013,#4014,#4015,#4016,#4017,#4018,#4019,#4020,
#4021,#4022,#4023,#4024,#4025,#4026,#4027,#4028,#4029,#4030,#4031,#4032,
#4033,#4034,#4035,#4036,#4037,#4038,#4039,#4040,#4041,#4042,#4043,#4044,
#4045,#4046,#4047,#4048,#4049,#4050,#4051,#4052),.UNSPECIFIED.,.F.,.F.)
B_SPLINE_CURVE_WITH_KNOTS((3,2,2,2,2,2,2,2,2,2,2,2,2,2,2,2,2,2,2,2,2,2,
2,2,2,2,2,2,2,2,2,2,2,2,2,2,2,2,2,2,2,2,2,2,2,2,2,2,2,2,2,2,2,2,2,2,2,2,
2,2,2,2,2,2,2,2,2,2,2,2,2,2,2,2,2,2,2,2,2,2,2,2,2,2,2,2,2,2,2,2,2,2,2,2,
2,2,2,2,2,2,2,2,2,2,2,2,2,2,2,2,2,2,2,2,2,2,2,2,2,2,2,2,2,2,2,2,2,2,2,2,
2,2,2,2,2,2,2,2,2,2,3),(0.,0.00714285714285714,0.0142857142857143,0.0214285714285714,
0.0285714285714286,0.0357142857142857,0.0428571428571429,0.05,0.0571428571428571,
0.0642857142857143,0.0714285714285714,0.0785714285714286,0.0857142857142857,
0.0928571428571429,0.1,0.107142857142857,0.114285714285714,0.121428571428571,
0.128571428571429,0.135714285714286,0.142857142857143,0.15,0.157142857142857,
0.164285714285714,0.171428571428571,0.178571428571429,0.185714285714286,
0.192857142857143,0.2,0.207142857142857,0.214285714285714,0.221428571428571,
0.228571428571429,0.235714285714286,0.242857142857143,0.25,0.257142857142857,
0.264285714285714,0.271428571428571,0.278571428571429,0.285714285714286,
0.292857142857143,0.3,0.307142857142857,0.314285714285714,0.321428571428571,
0.328571428571429,0.335714285714286,0.342857142857143,0.35,0.357142857142857,
0.364285714285714,0.371428571428571,0.378571428571429,0.385714285714286,
0.392857142857143,0.4,0.407142857142857,0.414285714285714,0.421428571428571,
0.428571428571429,0.435714285714286,0.442857142857143,0.45,0.457142857142857,
0.464285714285714,0.471428571428571,0.478571428571429,0.485714285714286,
0.492857142857143,0.5,0.507142857142857,0.514285714285714,0.521428571428571,
0.528571428571429,0.535714285714286,0.542857142857143,0.55,0.557142857142857,
0.564285714285714,0.571428571428571,0.578571428571429,0.585714285714286,
0.592857142857143,0.6,0.607142857142857,0.614285714285714,0.621428571428571,
0.628571428571429,0.635714285714286,0.642857142857143,0.65,0.657142857142857,
0.664285714285714,0.671428571428571,0.678571428571429,0.685714285714286,
0.692857142857143,0.7,0.707142857142857,0.714285714285714,0.721428571428571,
0.728571428571429,0.735714285714286,0.742857142857143,0.75,0.757142857142857,
0.764285714285714,0.771428571428571,0.778571428571429,0.785714285714286,
0.792857142857143,0.8,0.807142857142857,0.814285714285714,0.821428571428571,
0.828571428571429,0.835714285714286,0.842857142857143,0.85,0.857142857142857,
0.864285714285714,0.871428571428571,0.878571428571429,0.885714285714286,
0.892857142857143,0.9,0.907142857142857,0.914285714285714,0.921428571428571,
0.928571428571429,0.935714285714286,0.942857142857143,0.95,0.957142857142857,
0.964285714285714,0.971428571428571,0.978571428571429,0.985714285714286,
0.992857142857143,1.),.UNSPECIFIED.)
CURVE()
GEOMETRIC_REPRESENTATION_ITEM()
RATIONAL_B_SPLINE_CURVE((1.,0.974927912181824,1.,0.974927912181824,1.,0.974927912181824,
1.,0.974927912181824,1.,0.974927912181824,1.,0.974927912181824,1.,0.974927912181824,
1.,0.974927912181824,1.,0.974927912181824,1.,0.974927912181824,1.,0.974927912181824,
1.,0.974927912181824,1.,0.974927912181824,1.,0.974927912181824,1.,0.974927912181824,
1.,0.974927912181824,1.,0.974927912181824,1.,0.974927912181824,1.,0.974927912181824,
1.,0.974927912181824,1.,0.974927912181824,1.,0.974927912181824,1.,0.974927912181824,
1.,0.974927912181824,1.,0.974927912181824,1.,0.974927912181824,1.,0.974927912181824,
1.,0.974927912181824,1.,0.974927912181824,1.,0.974927912181824,1.,0.974927912181824,
1.,0.974927912181824,1.,0.974927912181824,1.,0.974927912181824,1.,0.974927912181824,
1.,0.974927912181824,1.,0.974927912181824,1.,0.974927912181824,1.,0.974927912181824,
1.,0.974927912181824,1.,0.974927912181824,1.,0.974927912181824,1.,0.974927912181824,
1.,0.974927912181824,1.,0.974927912181824,1.,0.974927912181824,1.,0.974927912181824,
1.,0.974927912181824,1.,0.974927912181824,1.,0.974927912181824,1.,0.974927912181824,
1.,0.974927912181824,1.,0.974927912181824,1.,0.974927912181824,1.,0.974927912181824,
1.,0.974927912181824,1.,0.974927912181824,1.,0.974927912181824,1.,0.974927912181824,
1.,0.974927912181824,1.,0.974927912181824,1.,0.974927912181824,1.,0.974927912181824,
1.,0.974927912181824,1.,0.974927912181824,1.,0.974927912181824,1.,0.974927912181824,
1.,0.974927912181824,1.,0.974927912181824,1.,0.974927912181824,1.,0.974927912181824,
1.,0.974927912181824,1.,0.974927912181824,1.,0.974927912181824,1.,0.974927912181824,
1.,0.974927912181824,1.,0.974927912181824,1.,0.974927912181824,1.,0.974927912181824,
1.,0.974927912181824,1.,0.974927912181824,1.,0.974927912181824,1.,0.974927912181824,
1.,0.974927912181824,1.,0.974927912181824,1.,0.974927912181824,1.,0.974927912181824,
1.,0.974927912181824,1.,0.974927912181824,1.,0.974927912181824,1.,0.974927912181824,
1.,0.974927912181824,1.,0.974927912181824,1.,0.974927912181824,1.,0.974927912181824,
1.,0.974927912181824,1.,0.974927912181824,1.,0.974927912181824,1.,0.974927912181824,
1.,0.974927912181824,1.,0.974927912181824,1.,0.974927912181824,1.,0.974927912181824,
1.,0.974927912181824,1.,0.974927912181824,1.,0.974927912181824,1.,0.974927912181824,
1.,0.974927912181824,1.,0.974927912181824,1.,0.974927912181824,1.,0.974927912181824,
1.,0.974927912181824,1.,0.974927912181824,1.,0.974927912181824,1.,0.974927912181824,
1.,0.974927912181824,1.,0.974927912181824,1.,0.974927912181824,1.,0.974927912181824,
1.,0.974927912181824,1.,0.974927912181824,1.,0.974927912181824,1.,0.974927912181824,
1.,0.974927912181824,1.,0.974927912181824,1.,0.974927912181824,1.,0.974927912181824,
1.,0.974927912181824,1.,0.974927912181824,1.,0.974927912181824,1.,0.974927912181824,
1.,0.974927912181824,1.,0.974927912181824,1.,0.974927912181824,1.,0.974927912181824,
1.,0.974927912181824,1.,0.974927912181824,1.,0.974927912181824,1.,0.974927912181824,
1.,0.974927912181824,1.))
REPRESENTATION_ITEM('')
);
#36=(
BOUNDED_CURVE()
B_SPLINE_CURVE(2,(#4054,#4055,#4056,#4057,#4058,#4059,#4060,#4061,#4062,
#4063,#4064,#4065,#4066,#4067,#4068,#4069,#4070,#4071,#4072,#4073,#4074,
#4075,#4076,#4077,#4078,#4079,#4080,#4081,#4082,#4083,#4084,#4085,#4086,
#4087,#4088,#4089,#4090,#4091,#4092,#4093,#4094,#4095,#4096,#4097,#4098,
#4099,#4100,#4101,#4102,#4103,#4104,#4105,#4106,#4107,#4108,#4109,#4110,
#4111,#4112,#4113,#4114,#4115,#4116,#4117,#4118,#4119,#4120,#4121,#4122,
#4123,#4124,#4125,#4126,#4127,#4128,#4129,#4130,#4131,#4132,#4133,#4134,
#4135,#4136,#4137,#4138,#4139,#4140,#4141,#4142,#4143,#4144,#4145,#4146,
#4147,#4148,#4149,#4150,#4151,#4152,#4153,#4154,#4155,#4156,#4157,#4158,
#4159,#4160,#4161,#4162,#4163,#4164,#4165,#4166,#4167,#4168,#4169,#4170,
#4171,#4172,#4173,#4174,#4175,#4176,#4177,#4178,#4179,#4180,#4181,#4182,
#4183,#4184,#4185,#4186,#4187,#4188,#4189,#4190,#4191,#4192,#4193,#4194,
#4195,#4196,#4197,#4198,#4199,#4200,#4201,#4202,#4203,#4204,#4205,#4206,
#4207,#4208,#4209,#4210,#4211,#4212,#4213,#4214,#4215,#4216,#4217,#4218,
#4219,#4220,#4221,#4222,#4223,#4224,#4225,#4226,#4227,#4228,#4229,#4230,
#4231,#4232,#4233,#4234,#4235,#4236,#4237,#4238,#4239,#4240,#4241,#4242,
#4243,#4244,#4245,#4246,#4247,#4248,#4249,#4250,#4251,#4252,#4253,#4254,
#4255,#4256,#4257,#4258,#4259,#4260,#4261,#4262,#4263,#4264,#4265,#4266,
#4267,#4268,#4269,#4270,#4271,#4272,#4273,#4274,#4275,#4276,#4277,#4278,
#4279,#4280,#4281,#4282,#4283,#4284,#4285,#4286,#4287,#4288,#4289,#4290,
#4291,#4292,#4293,#4294,#4295,#4296,#4297,#4298,#4299,#4300,#4301,#4302,
#4303,#4304,#4305,#4306,#4307,#4308,#4309,#4310,#4311,#4312,#4313,#4314,
#4315,#4316,#4317,#4318,#4319,#4320,#4321,#4322,#4323,#4324,#4325,#4326,
#4327,#4328,#4329,#4330,#4331,#4332,#4333,#4334),.UNSPECIFIED.,.F.,.F.)
B_SPLINE_CURVE_WITH_KNOTS((3,2,2,2,2,2,2,2,2,2,2,2,2,2,2,2,2,2,2,2,2,2,
2,2,2,2,2,2,2,2,2,2,2,2,2,2,2,2,2,2,2,2,2,2,2,2,2,2,2,2,2,2,2,2,2,2,2,2,
2,2,2,2,2,2,2,2,2,2,2,2,2,2,2,2,2,2,2,2,2,2,2,2,2,2,2,2,2,2,2,2,2,2,2,2,
2,2,2,2,2,2,2,2,2,2,2,2,2,2,2,2,2,2,2,2,2,2,2,2,2,2,2,2,2,2,2,2,2,2,2,2,
2,2,2,2,2,2,2,2,2,2,3),(0.,0.00714285714285714,0.0142857142857143,0.0214285714285714,
0.0285714285714286,0.0357142857142857,0.0428571428571429,0.05,0.0571428571428571,
0.0642857142857143,0.0714285714285714,0.0785714285714286,0.0857142857142857,
0.0928571428571429,0.1,0.107142857142857,0.114285714285714,0.121428571428571,
0.128571428571429,0.135714285714286,0.142857142857143,0.15,0.157142857142857,
0.164285714285714,0.171428571428571,0.178571428571429,0.185714285714286,
0.192857142857143,0.2,0.207142857142857,0.214285714285714,0.221428571428571,
0.228571428571429,0.235714285714286,0.242857142857143,0.25,0.257142857142857,
0.264285714285714,0.271428571428571,0.278571428571429,0.285714285714286,
0.292857142857143,0.3,0.307142857142857,0.314285714285714,0.321428571428571,
0.328571428571429,0.335714285714286,0.342857142857143,0.35,0.357142857142857,
0.364285714285714,0.371428571428571,0.378571428571429,0.385714285714286,
0.392857142857143,0.4,0.407142857142857,0.414285714285714,0.421428571428571,
0.428571428571429,0.435714285714286,0.442857142857143,0.45,0.457142857142857,
0.464285714285714,0.471428571428571,0.478571428571429,0.485714285714286,
0.492857142857143,0.5,0.507142857142857,0.514285714285714,0.521428571428571,
0.528571428571429,0.535714285714286,0.542857142857143,0.55,0.557142857142857,
0.564285714285714,0.571428571428571,0.578571428571429,0.585714285714286,
0.592857142857143,0.6,0.607142857142857,0.614285714285714,0.621428571428571,
0.628571428571429,0.635714285714286,0.642857142857143,0.65,0.657142857142857,
0.664285714285714,0.671428571428571,0.678571428571429,0.685714285714286,
0.692857142857143,0.7,0.707142857142857,0.714285714285714,0.721428571428571,
0.728571428571429,0.735714285714286,0.742857142857143,0.75,0.757142857142857,
0.764285714285714,0.771428571428571,0.778571428571429,0.785714285714286,
0.792857142857143,0.8,0.807142857142857,0.814285714285714,0.821428571428571,
0.828571428571429,0.835714285714286,0.842857142857143,0.85,0.857142857142857,
0.864285714285714,0.871428571428571,0.878571428571429,0.885714285714286,
0.892857142857143,0.9,0.907142857142857,0.914285714285714,0.921428571428571,
0.928571428571429,0.935714285714286,0.942857142857143,0.95,0.957142857142857,
0.964285714285714,0.971428571428571,0.978571428571429,0.985714285714286,
0.992857142857143,1.),.UNSPECIFIED.)
CURVE()
GEOMETRIC_REPRESENTATION_ITEM()
RATIONAL_B_SPLINE_CURVE((1.,0.974927912181824,1.,0.974927912181824,1.,0.974927912181824,
1.,0.974927912181824,1.,0.974927912181824,1.,0.974927912181824,1.,0.974927912181824,
1.,0.974927912181824,1.,0.974927912181824,1.,0.974927912181824,1.,0.974927912181824,
1.,0.974927912181824,1.,0.974927912181824,1.,0.974927912181824,1.,0.974927912181824,
1.,0.974927912181824,1.,0.974927912181824,1.,0.974927912181824,1.,0.974927912181824,
1.,0.974927912181824,1.,0.974927912181824,1.,0.974927912181824,1.,0.974927912181824,
1.,0.974927912181824,1.,0.974927912181824,1.,0.974927912181824,1.,0.974927912181824,
1.,0.974927912181824,1.,0.974927912181824,1.,0.974927912181824,1.,0.974927912181824,
1.,0.974927912181824,1.,0.974927912181824,1.,0.974927912181824,1.,0.974927912181824,
1.,0.974927912181824,1.,0.974927912181824,1.,0.974927912181824,1.,0.974927912181824,
1.,0.974927912181824,1.,0.974927912181824,1.,0.974927912181824,1.,0.974927912181824,
1.,0.974927912181824,1.,0.974927912181824,1.,0.974927912181824,1.,0.974927912181824,
1.,0.974927912181824,1.,0.974927912181824,1.,0.974927912181824,1.,0.974927912181824,
1.,0.974927912181824,1.,0.974927912181824,1.,0.974927912181824,1.,0.974927912181824,
1.,0.974927912181824,1.,0.974927912181824,1.,0.974927912181824,1.,0.974927912181824,
1.,0.974927912181824,1.,0.974927912181824,1.,0.974927912181824,1.,0.974927912181824,
1.,0.974927912181824,1.,0.974927912181824,1.,0.974927912181824,1.,0.974927912181824,
1.,0.974927912181824,1.,0.974927912181824,1.,0.974927912181824,1.,0.974927912181824,
1.,0.974927912181824,1.,0.974927912181824,1.,0.974927912181824,1.,0.974927912181824,
1.,0.974927912181824,1.,0.974927912181824,1.,0.974927912181824,1.,0.974927912181824,
1.,0.974927912181824,1.,0.974927912181824,1.,0.974927912181824,1.,0.974927912181824,
1.,0.974927912181824,1.,0.974927912181824,1.,0.974927912181824,1.,0.974927912181824,
1.,0.974927912181824,1.,0.974927912181824,1.,0.974927912181824,1.,0.974927912181824,
1.,0.974927912181824,1.,0.974927912181824,1.,0.974927912181824,1.,0.974927912181824,
1.,0.974927912181824,1.,0.974927912181824,1.,0.974927912181824,1.,0.974927912181824,
1.,0.974927912181824,1.,0.974927912181824,1.,0.974927912181824,1.,0.974927912181824,
1.,0.974927912181824,1.,0.974927912181824,1.,0.974927912181824,1.,0.974927912181824,
1.,0.974927912181824,1.,0.974927912181824,1.,0.974927912181824,1.,0.974927912181824,
1.,0.974927912181824,1.,0.974927912181824,1.,0.974927912181824,1.,0.974927912181824,
1.,0.974927912181824,1.,0.974927912181824,1.,0.974927912181824,1.,0.974927912181824,
1.,0.974927912181824,1.,0.974927912181824,1.,0.974927912181824,1.,0.974927912181824,
1.,0.974927912181824,1.,0.974927912181824,1.,0.974927912181824,1.,0.974927912181824,
1.,0.974927912181824,1.,0.974927912181824,1.,0.974927912181824,1.,0.974927912181824,
1.,0.974927912181824,1.,0.974927912181824,1.,0.974927912181824,1.,0.974927912181824,
1.,0.974927912181824,1.,0.974927912181824,1.,0.974927912181824,1.,0.974927912181824,
1.,0.974927912181824,1.))
REPRESENTATION_ITEM('')
);
#37=(
BOUNDED_CURVE()
B_SPLINE_CURVE(2,(#4338,#4339,#4340,#4341,#4342,#4343,#4344,#4345,#4346,
#4347,#4348,#4349,#4350,#4351,#4352,#4353,#4354,#4355,#4356,#4357,#4358,
#4359,#4360,#4361,#4362,#4363,#4364,#4365,#4366,#4367,#4368,#4369,#4370,
#4371,#4372,#4373,#4374,#4375,#4376,#4377,#4378,#4379,#4380,#4381,#4382,
#4383,#4384,#4385,#4386,#4387,#4388,#4389,#4390,#4391,#4392,#4393,#4394,
#4395,#4396,#4397,#4398,#4399,#4400,#4401,#4402,#4403,#4404,#4405,#4406,
#4407,#4408,#4409,#4410,#4411,#4412,#4413,#4414,#4415,#4416,#4417,#4418,
#4419,#4420,#4421,#4422,#4423,#4424,#4425,#4426,#4427,#4428,#4429,#4430,
#4431,#4432,#4433,#4434,#4435,#4436,#4437,#4438,#4439,#4440,#4441,#4442,
#4443,#4444,#4445,#4446,#4447,#4448,#4449,#4450,#4451,#4452,#4453,#4454,
#4455,#4456,#4457,#4458,#4459,#4460,#4461,#4462,#4463,#4464,#4465,#4466,
#4467,#4468,#4469,#4470,#4471,#4472,#4473,#4474,#4475,#4476,#4477,#4478,
#4479,#4480,#4481,#4482,#4483,#4484,#4485,#4486,#4487,#4488,#4489,#4490,
#4491,#4492,#4493,#4494,#4495,#4496,#4497,#4498,#4499,#4500,#4501,#4502,
#4503,#4504,#4505,#4506,#4507,#4508,#4509,#4510,#4511,#4512,#4513,#4514,
#4515,#4516,#4517,#4518,#4519,#4520,#4521,#4522,#4523,#4524,#4525,#4526,
#4527,#4528,#4529,#4530,#4531,#4532,#4533,#4534,#4535,#4536,#4537,#4538,
#4539,#4540,#4541,#4542,#4543,#4544,#4545,#4546,#4547,#4548,#4549,#4550,
#4551,#4552,#4553,#4554,#4555,#4556,#4557,#4558,#4559,#4560,#4561,#4562,
#4563,#4564,#4565,#4566,#4567,#4568,#4569,#4570,#4571,#4572,#4573,#4574,
#4575,#4576,#4577,#4578,#4579,#4580,#4581,#4582,#4583,#4584,#4585,#4586,
#4587,#4588,#4589,#4590,#4591,#4592,#4593,#4594,#4595,#4596,#4597,#4598,
#4599,#4600,#4601,#4602,#4603,#4604,#4605,#4606,#4607,#4608,#4609,#4610,
#4611,#4612,#4613,#4614,#4615,#4616,#4617,#4618),.UNSPECIFIED.,.F.,.F.)
B_SPLINE_CURVE_WITH_KNOTS((3,2,2,2,2,2,2,2,2,2,2,2,2,2,2,2,2,2,2,2,2,2,
2,2,2,2,2,2,2,2,2,2,2,2,2,2,2,2,2,2,2,2,2,2,2,2,2,2,2,2,2,2,2,2,2,2,2,2,
2,2,2,2,2,2,2,2,2,2,2,2,2,2,2,2,2,2,2,2,2,2,2,2,2,2,2,2,2,2,2,2,2,2,2,2,
2,2,2,2,2,2,2,2,2,2,2,2,2,2,2,2,2,2,2,2,2,2,2,2,2,2,2,2,2,2,2,2,2,2,2,2,
2,2,2,2,2,2,2,2,2,2,3),(0.,0.00714285714285714,0.0142857142857143,0.0214285714285714,
0.0285714285714286,0.0357142857142857,0.0428571428571429,0.05,0.0571428571428571,
0.0642857142857143,0.0714285714285714,0.0785714285714286,0.0857142857142857,
0.0928571428571429,0.1,0.107142857142857,0.114285714285714,0.121428571428571,
0.128571428571429,0.135714285714286,0.142857142857143,0.15,0.157142857142857,
0.164285714285714,0.171428571428571,0.178571428571429,0.185714285714286,
0.192857142857143,0.2,0.207142857142857,0.214285714285714,0.221428571428571,
0.228571428571429,0.235714285714286,0.242857142857143,0.25,0.257142857142857,
0.264285714285714,0.271428571428571,0.278571428571429,0.285714285714286,
0.292857142857143,0.3,0.307142857142857,0.314285714285714,0.321428571428571,
0.328571428571429,0.335714285714286,0.342857142857143,0.35,0.357142857142857,
0.364285714285714,0.371428571428571,0.378571428571429,0.385714285714286,
0.392857142857143,0.4,0.407142857142857,0.414285714285714,0.421428571428571,
0.428571428571429,0.435714285714286,0.442857142857143,0.45,0.457142857142857,
0.464285714285714,0.471428571428571,0.478571428571429,0.485714285714286,
0.492857142857143,0.5,0.507142857142857,0.514285714285714,0.521428571428571,
0.528571428571429,0.535714285714286,0.542857142857143,0.55,0.557142857142857,
0.564285714285714,0.571428571428571,0.578571428571429,0.585714285714286,
0.592857142857143,0.6,0.607142857142857,0.614285714285714,0.621428571428571,
0.628571428571429,0.635714285714286,0.642857142857143,0.65,0.657142857142857,
0.664285714285714,0.671428571428571,0.678571428571429,0.685714285714286,
0.692857142857143,0.7,0.707142857142857,0.714285714285714,0.721428571428571,
0.728571428571429,0.735714285714286,0.742857142857143,0.75,0.757142857142857,
0.764285714285714,0.771428571428571,0.778571428571429,0.785714285714286,
0.792857142857143,0.8,0.807142857142857,0.814285714285714,0.821428571428571,
0.828571428571429,0.835714285714286,0.842857142857143,0.85,0.857142857142857,
0.864285714285714,0.871428571428571,0.878571428571429,0.885714285714286,
0.892857142857143,0.9,0.907142857142857,0.914285714285714,0.921428571428571,
0.928571428571429,0.935714285714286,0.942857142857143,0.95,0.957142857142857,
0.964285714285714,0.971428571428571,0.978571428571429,0.985714285714286,
0.992857142857143,1.),.UNSPECIFIED.)
CURVE()
GEOMETRIC_REPRESENTATION_ITEM()
RATIONAL_B_SPLINE_CURVE((1.,0.974927912181824,1.,0.974927912181824,1.,0.974927912181824,
1.,0.974927912181824,1.,0.974927912181824,1.,0.974927912181824,1.,0.974927912181824,
1.,0.974927912181824,1.,0.974927912181824,1.,0.974927912181824,1.,0.974927912181824,
1.,0.974927912181824,1.,0.974927912181824,1.,0.974927912181824,1.,0.974927912181824,
1.,0.974927912181824,1.,0.974927912181824,1.,0.974927912181824,1.,0.974927912181824,
1.,0.974927912181824,1.,0.974927912181824,1.,0.974927912181824,1.,0.974927912181824,
1.,0.974927912181824,1.,0.974927912181824,1.,0.974927912181824,1.,0.974927912181824,
1.,0.974927912181824,1.,0.974927912181824,1.,0.974927912181824,1.,0.974927912181824,
1.,0.974927912181824,1.,0.974927912181824,1.,0.974927912181824,1.,0.974927912181824,
1.,0.974927912181824,1.,0.974927912181824,1.,0.974927912181824,1.,0.974927912181824,
1.,0.974927912181824,1.,0.974927912181824,1.,0.974927912181824,1.,0.974927912181824,
1.,0.974927912181824,1.,0.974927912181824,1.,0.974927912181824,1.,0.974927912181824,
1.,0.974927912181824,1.,0.974927912181824,1.,0.974927912181824,1.,0.974927912181824,
1.,0.974927912181824,1.,0.974927912181824,1.,0.974927912181824,1.,0.974927912181824,
1.,0.974927912181824,1.,0.974927912181824,1.,0.974927912181824,1.,0.974927912181824,
1.,0.974927912181824,1.,0.974927912181824,1.,0.974927912181824,1.,0.974927912181824,
1.,0.974927912181824,1.,0.974927912181824,1.,0.974927912181824,1.,0.974927912181824,
1.,0.974927912181824,1.,0.974927912181824,1.,0.974927912181824,1.,0.974927912181824,
1.,0.974927912181824,1.,0.974927912181824,1.,0.974927912181824,1.,0.974927912181824,
1.,0.974927912181824,1.,0.974927912181824,1.,0.974927912181824,1.,0.974927912181824,
1.,0.974927912181824,1.,0.974927912181824,1.,0.974927912181824,1.,0.974927912181824,
1.,0.974927912181824,1.,0.974927912181824,1.,0.974927912181824,1.,0.974927912181824,
1.,0.974927912181824,1.,0.974927912181824,1.,0.974927912181824,1.,0.974927912181824,
1.,0.974927912181824,1.,0.974927912181824,1.,0.974927912181824,1.,0.974927912181824,
1.,0.974927912181824,1.,0.974927912181824,1.,0.974927912181824,1.,0.974927912181824,
1.,0.974927912181824,1.,0.974927912181824,1.,0.974927912181824,1.,0.974927912181824,
1.,0.974927912181824,1.,0.974927912181824,1.,0.974927912181824,1.,0.974927912181824,
1.,0.974927912181824,1.,0.974927912181824,1.,0.974927912181824,1.,0.974927912181824,
1.,0.974927912181824,1.,0.974927912181824,1.,0.974927912181824,1.,0.974927912181824,
1.,0.974927912181824,1.,0.974927912181824,1.,0.974927912181824,1.,0.974927912181824,
1.,0.974927912181824,1.,0.974927912181824,1.,0.974927912181824,1.,0.974927912181824,
1.,0.974927912181824,1.,0.974927912181824,1.,0.974927912181824,1.,0.974927912181824,
1.,0.974927912181824,1.,0.974927912181824,1.,0.974927912181824,1.,0.974927912181824,
1.,0.974927912181824,1.,0.974927912181824,1.,0.974927912181824,1.,0.974927912181824,
1.,0.974927912181824,1.,0.974927912181824,1.,0.974927912181824,1.,0.974927912181824,
1.,0.974927912181824,1.))
REPRESENTATION_ITEM('')
);
#38=(
BOUNDED_CURVE()
B_SPLINE_CURVE(2,(#4770,#4771,#4772,#4773,#4774,#4775,#4776,#4777,#4778,
#4779,#4780,#4781,#4782,#4783,#4784,#4785,#4786,#4787,#4788,#4789,#4790,
#4791,#4792,#4793,#4794,#4795,#4796,#4797,#4798,#4799,#4800,#4801,#4802,
#4803,#4804,#4805,#4806,#4807,#4808,#4809,#4810,#4811,#4812,#4813,#4814,
#4815,#4816,#4817,#4818,#4819,#4820,#4821,#4822,#4823,#4824,#4825,#4826,
#4827,#4828,#4829,#4830,#4831,#4832,#4833,#4834,#4835,#4836,#4837,#4838,
#4839,#4840,#4841,#4842,#4843,#4844,#4845,#4846,#4847,#4848,#4849,#4850,
#4851,#4852,#4853,#4854,#4855,#4856,#4857,#4858,#4859,#4860,#4861,#4862,
#4863,#4864,#4865,#4866,#4867,#4868,#4869,#4870,#4871,#4872,#4873,#4874,
#4875,#4876,#4877,#4878,#4879,#4880,#4881,#4882,#4883,#4884,#4885,#4886,
#4887,#4888,#4889,#4890,#4891,#4892,#4893,#4894,#4895,#4896,#4897,#4898,
#4899,#4900,#4901,#4902,#4903,#4904,#4905,#4906,#4907,#4908,#4909,#4910,
#4911,#4912,#4913,#4914,#4915,#4916,#4917,#4918,#4919,#4920,#4921,#4922,
#4923,#4924,#4925,#4926,#4927,#4928,#4929,#4930,#4931,#4932,#4933,#4934,
#4935,#4936,#4937,#4938,#4939,#4940,#4941,#4942,#4943,#4944,#4945,#4946,
#4947,#4948,#4949,#4950,#4951,#4952,#4953,#4954,#4955,#4956,#4957,#4958,
#4959,#4960,#4961,#4962,#4963,#4964,#4965,#4966,#4967,#4968,#4969,#4970,
#4971,#4972,#4973,#4974,#4975,#4976,#4977,#4978,#4979,#4980,#4981,#4982,
#4983,#4984,#4985,#4986,#4987,#4988,#4989,#4990,#4991,#4992,#4993,#4994,
#4995,#4996,#4997,#4998,#4999,#5000,#5001,#5002,#5003,#5004,#5005,#5006,
#5007,#5008,#5009,#5010,#5011,#5012,#5013,#5014,#5015,#5016,#5017,#5018,
#5019,#5020,#5021,#5022,#5023,#5024,#5025,#5026,#5027,#5028,#5029,#5030,
#5031,#5032,#5033,#5034,#5035,#5036,#5037,#5038,#5039,#5040,#5041,#5042,
#5043,#5044,#5045,#5046,#5047,#5048,#5049,#5050),.UNSPECIFIED.,.F.,.F.)
B_SPLINE_CURVE_WITH_KNOTS((3,2,2,2,2,2,2,2,2,2,2,2,2,2,2,2,2,2,2,2,2,2,
2,2,2,2,2,2,2,2,2,2,2,2,2,2,2,2,2,2,2,2,2,2,2,2,2,2,2,2,2,2,2,2,2,2,2,2,
2,2,2,2,2,2,2,2,2,2,2,2,2,2,2,2,2,2,2,2,2,2,2,2,2,2,2,2,2,2,2,2,2,2,2,2,
2,2,2,2,2,2,2,2,2,2,2,2,2,2,2,2,2,2,2,2,2,2,2,2,2,2,2,2,2,2,2,2,2,2,2,2,
2,2,2,2,2,2,2,2,2,2,3),(0.,0.00714285714285714,0.0142857142857143,0.0214285714285714,
0.0285714285714286,0.0357142857142857,0.0428571428571429,0.05,0.0571428571428571,
0.0642857142857143,0.0714285714285714,0.0785714285714286,0.0857142857142857,
0.0928571428571429,0.1,0.107142857142857,0.114285714285714,0.121428571428571,
0.128571428571429,0.135714285714286,0.142857142857143,0.15,0.157142857142857,
0.164285714285714,0.171428571428571,0.178571428571429,0.185714285714286,
0.192857142857143,0.2,0.207142857142857,0.214285714285714,0.221428571428571,
0.228571428571429,0.235714285714286,0.242857142857143,0.25,0.257142857142857,
0.264285714285714,0.271428571428571,0.278571428571429,0.285714285714286,
0.292857142857143,0.3,0.307142857142857,0.314285714285714,0.321428571428571,
0.328571428571429,0.335714285714286,0.342857142857143,0.35,0.357142857142857,
0.364285714285714,0.371428571428571,0.378571428571429,0.385714285714286,
0.392857142857143,0.4,0.407142857142857,0.414285714285714,0.421428571428571,
0.428571428571429,0.435714285714286,0.442857142857143,0.45,0.457142857142857,
0.464285714285714,0.471428571428571,0.478571428571429,0.485714285714286,
0.492857142857143,0.5,0.507142857142857,0.514285714285714,0.521428571428571,
0.528571428571429,0.535714285714286,0.542857142857143,0.55,0.557142857142857,
0.564285714285714,0.571428571428571,0.578571428571429,0.585714285714286,
0.592857142857143,0.6,0.607142857142857,0.614285714285714,0.621428571428571,
0.628571428571429,0.635714285714286,0.642857142857143,0.65,0.657142857142857,
0.664285714285714,0.671428571428571,0.678571428571429,0.685714285714286,
0.692857142857143,0.7,0.707142857142857,0.714285714285714,0.721428571428571,
0.728571428571429,0.735714285714286,0.742857142857143,0.75,0.757142857142857,
0.764285714285714,0.771428571428571,0.778571428571429,0.785714285714286,
0.792857142857143,0.8,0.807142857142857,0.814285714285714,0.821428571428571,
0.828571428571429,0.835714285714286,0.842857142857143,0.85,0.857142857142857,
0.864285714285714,0.871428571428571,0.878571428571429,0.885714285714286,
0.892857142857143,0.9,0.907142857142857,0.914285714285714,0.921428571428571,
0.928571428571429,0.935714285714286,0.942857142857143,0.95,0.957142857142857,
0.964285714285714,0.971428571428571,0.978571428571429,0.985714285714286,
0.992857142857143,1.),.UNSPECIFIED.)
CURVE()
GEOMETRIC_REPRESENTATION_ITEM()
RATIONAL_B_SPLINE_CURVE((1.,0.974927912181824,1.,0.974927912181824,1.,0.974927912181824,
1.,0.974927912181824,1.,0.974927912181824,1.,0.974927912181824,1.,0.974927912181824,
1.,0.974927912181824,1.,0.974927912181824,1.,0.974927912181824,1.,0.974927912181824,
1.,0.974927912181824,1.,0.974927912181824,1.,0.974927912181824,1.,0.974927912181824,
1.,0.974927912181824,1.,0.974927912181824,1.,0.974927912181824,1.,0.974927912181824,
1.,0.974927912181824,1.,0.974927912181824,1.,0.974927912181824,1.,0.974927912181824,
1.,0.974927912181824,1.,0.974927912181824,1.,0.974927912181824,1.,0.974927912181824,
1.,0.974927912181824,1.,0.974927912181824,1.,0.974927912181824,1.,0.974927912181824,
1.,0.974927912181824,1.,0.974927912181824,1.,0.974927912181824,1.,0.974927912181824,
1.,0.974927912181824,1.,0.974927912181824,1.,0.974927912181824,1.,0.974927912181824,
1.,0.974927912181824,1.,0.974927912181824,1.,0.974927912181824,1.,0.974927912181824,
1.,0.974927912181824,1.,0.974927912181824,1.,0.974927912181824,1.,0.974927912181824,
1.,0.974927912181824,1.,0.974927912181824,1.,0.974927912181824,1.,0.974927912181824,
1.,0.974927912181824,1.,0.974927912181824,1.,0.974927912181824,1.,0.974927912181824,
1.,0.974927912181824,1.,0.974927912181824,1.,0.974927912181824,1.,0.974927912181824,
1.,0.974927912181824,1.,0.974927912181824,1.,0.974927912181824,1.,0.974927912181824,
1.,0.974927912181824,1.,0.974927912181824,1.,0.974927912181824,1.,0.974927912181824,
1.,0.974927912181824,1.,0.974927912181824,1.,0.974927912181824,1.,0.974927912181824,
1.,0.974927912181824,1.,0.974927912181824,1.,0.974927912181824,1.,0.974927912181824,
1.,0.974927912181824,1.,0.974927912181824,1.,0.974927912181824,1.,0.974927912181824,
1.,0.974927912181824,1.,0.974927912181824,1.,0.974927912181824,1.,0.974927912181824,
1.,0.974927912181824,1.,0.974927912181824,1.,0.974927912181824,1.,0.974927912181824,
1.,0.974927912181824,1.,0.974927912181824,1.,0.974927912181824,1.,0.974927912181824,
1.,0.974927912181824,1.,0.974927912181824,1.,0.974927912181824,1.,0.974927912181824,
1.,0.974927912181824,1.,0.974927912181824,1.,0.974927912181824,1.,0.974927912181824,
1.,0.974927912181824,1.,0.974927912181824,1.,0.974927912181824,1.,0.974927912181824,
1.,0.974927912181824,1.,0.974927912181824,1.,0.974927912181824,1.,0.974927912181824,
1.,0.974927912181824,1.,0.974927912181824,1.,0.974927912181824,1.,0.974927912181824,
1.,0.974927912181824,1.,0.974927912181824,1.,0.974927912181824,1.,0.974927912181824,
1.,0.974927912181824,1.,0.974927912181824,1.,0.974927912181824,1.,0.974927912181824,
1.,0.974927912181824,1.,0.974927912181824,1.,0.974927912181824,1.,0.974927912181824,
1.,0.974927912181824,1.,0.974927912181824,1.,0.974927912181824,1.,0.974927912181824,
1.,0.974927912181824,1.,0.974927912181824,1.,0.974927912181824,1.,0.974927912181824,
1.,0.974927912181824,1.,0.974927912181824,1.,0.974927912181824,1.,0.974927912181824,
1.,0.974927912181824,1.,0.974927912181824,1.,0.974927912181824,1.,0.974927912181824,
1.,0.974927912181824,1.))
REPRESENTATION_ITEM('')
);
#39=(
BOUNDED_CURVE()
B_SPLINE_CURVE(2,(#5051,#5052,#5053,#5054,#5055,#5056,#5057,#5058,#5059,
#5060,#5061,#5062,#5063,#5064,#5065,#5066,#5067,#5068,#5069,#5070,#5071,
#5072,#5073,#5074,#5075,#5076,#5077,#5078,#5079,#5080,#5081,#5082,#5083,
#5084,#5085,#5086,#5087,#5088,#5089,#5090,#5091,#5092,#5093,#5094,#5095,
#5096,#5097,#5098,#5099,#5100,#5101,#5102,#5103,#5104,#5105,#5106,#5107,
#5108,#5109,#5110,#5111,#5112,#5113,#5114,#5115,#5116,#5117,#5118,#5119,
#5120,#5121,#5122,#5123,#5124,#5125,#5126,#5127,#5128,#5129,#5130,#5131,
#5132,#5133,#5134,#5135,#5136,#5137,#5138,#5139,#5140,#5141,#5142,#5143,
#5144,#5145,#5146,#5147,#5148,#5149,#5150,#5151,#5152,#5153,#5154,#5155,
#5156,#5157,#5158,#5159,#5160,#5161,#5162,#5163,#5164,#5165,#5166,#5167,
#5168,#5169,#5170,#5171,#5172,#5173,#5174,#5175,#5176,#5177,#5178,#5179,
#5180,#5181,#5182,#5183,#5184,#5185,#5186,#5187,#5188,#5189,#5190,#5191,
#5192,#5193,#5194,#5195,#5196,#5197,#5198,#5199,#5200,#5201,#5202,#5203,
#5204,#5205,#5206,#5207,#5208,#5209,#5210,#5211,#5212,#5213,#5214,#5215,
#5216,#5217,#5218,#5219,#5220,#5221,#5222,#5223,#5224,#5225,#5226,#5227,
#5228,#5229,#5230,#5231,#5232,#5233,#5234,#5235,#5236,#5237,#5238,#5239,
#5240,#5241,#5242,#5243,#5244,#5245,#5246,#5247,#5248,#5249,#5250,#5251,
#5252,#5253,#5254,#5255,#5256,#5257,#5258,#5259,#5260,#5261,#5262,#5263,
#5264,#5265,#5266,#5267,#5268,#5269,#5270,#5271,#5272,#5273,#5274,#5275,
#5276,#5277,#5278,#5279,#5280,#5281,#5282,#5283,#5284,#5285,#5286,#5287,
#5288,#5289,#5290,#5291,#5292,#5293,#5294,#5295,#5296,#5297,#5298,#5299,
#5300,#5301,#5302,#5303,#5304,#5305,#5306,#5307,#5308,#5309,#5310,#5311,
#5312,#5313,#5314,#5315,#5316,#5317,#5318,#5319,#5320,#5321,#5322,#5323,
#5324,#5325,#5326,#5327,#5328,#5329,#5330,#5331),.UNSPECIFIED.,.F.,.F.)
B_SPLINE_CURVE_WITH_KNOTS((3,2,2,2,2,2,2,2,2,2,2,2,2,2,2,2,2,2,2,2,2,2,
2,2,2,2,2,2,2,2,2,2,2,2,2,2,2,2,2,2,2,2,2,2,2,2,2,2,2,2,2,2,2,2,2,2,2,2,
2,2,2,2,2,2,2,2,2,2,2,2,2,2,2,2,2,2,2,2,2,2,2,2,2,2,2,2,2,2,2,2,2,2,2,2,
2,2,2,2,2,2,2,2,2,2,2,2,2,2,2,2,2,2,2,2,2,2,2,2,2,2,2,2,2,2,2,2,2,2,2,2,
2,2,2,2,2,2,2,2,2,2,3),(0.,0.00714285714285714,0.0142857142857143,0.0214285714285714,
0.0285714285714286,0.0357142857142857,0.0428571428571429,0.05,0.0571428571428571,
0.0642857142857143,0.0714285714285714,0.0785714285714286,0.0857142857142857,
0.0928571428571429,0.1,0.107142857142857,0.114285714285714,0.121428571428571,
0.128571428571429,0.135714285714286,0.142857142857143,0.15,0.157142857142857,
0.164285714285714,0.171428571428571,0.178571428571429,0.185714285714286,
0.192857142857143,0.2,0.207142857142857,0.214285714285714,0.221428571428571,
0.228571428571429,0.235714285714286,0.242857142857143,0.25,0.257142857142857,
0.264285714285714,0.271428571428571,0.278571428571429,0.285714285714286,
0.292857142857143,0.3,0.307142857142857,0.314285714285714,0.321428571428571,
0.328571428571429,0.335714285714286,0.342857142857143,0.35,0.357142857142857,
0.364285714285714,0.371428571428571,0.378571428571429,0.385714285714286,
0.392857142857143,0.4,0.407142857142857,0.414285714285714,0.421428571428571,
0.428571428571429,0.435714285714286,0.442857142857143,0.45,0.457142857142857,
0.464285714285714,0.471428571428571,0.478571428571429,0.485714285714286,
0.492857142857143,0.5,0.507142857142857,0.514285714285714,0.521428571428571,
0.528571428571429,0.535714285714286,0.542857142857143,0.55,0.557142857142857,
0.564285714285714,0.571428571428571,0.578571428571429,0.585714285714286,
0.592857142857143,0.6,0.607142857142857,0.614285714285714,0.621428571428571,
0.628571428571429,0.635714285714286,0.642857142857143,0.65,0.657142857142857,
0.664285714285714,0.671428571428571,0.678571428571429,0.685714285714286,
0.692857142857143,0.7,0.707142857142857,0.714285714285714,0.721428571428571,
0.728571428571429,0.735714285714286,0.742857142857143,0.75,0.757142857142857,
0.764285714285714,0.771428571428571,0.778571428571429,0.785714285714286,
0.792857142857143,0.8,0.807142857142857,0.814285714285714,0.821428571428571,
0.828571428571429,0.835714285714286,0.842857142857143,0.85,0.857142857142857,
0.864285714285714,0.871428571428571,0.878571428571429,0.885714285714286,
0.892857142857143,0.9,0.907142857142857,0.914285714285714,0.921428571428571,
0.928571428571429,0.935714285714286,0.942857142857143,0.95,0.957142857142857,
0.964285714285714,0.971428571428571,0.978571428571429,0.985714285714286,
0.992857142857143,1.),.UNSPECIFIED.)
CURVE()
GEOMETRIC_REPRESENTATION_ITEM()
RATIONAL_B_SPLINE_CURVE((1.,0.974927912181824,1.,0.974927912181824,1.,0.974927912181824,
1.,0.974927912181824,1.,0.974927912181824,1.,0.974927912181824,1.,0.974927912181824,
1.,0.974927912181824,1.,0.974927912181824,1.,0.974927912181824,1.,0.974927912181824,
1.,0.974927912181824,1.,0.974927912181824,1.,0.974927912181824,1.,0.974927912181824,
1.,0.974927912181824,1.,0.974927912181824,1.,0.974927912181824,1.,0.974927912181824,
1.,0.974927912181824,1.,0.974927912181824,1.,0.974927912181824,1.,0.974927912181824,
1.,0.974927912181824,1.,0.974927912181824,1.,0.974927912181824,1.,0.974927912181824,
1.,0.974927912181824,1.,0.974927912181824,1.,0.974927912181824,1.,0.974927912181824,
1.,0.974927912181824,1.,0.974927912181824,1.,0.974927912181824,1.,0.974927912181824,
1.,0.974927912181824,1.,0.974927912181824,1.,0.974927912181824,1.,0.974927912181824,
1.,0.974927912181824,1.,0.974927912181824,1.,0.974927912181824,1.,0.974927912181824,
1.,0.974927912181824,1.,0.974927912181824,1.,0.974927912181824,1.,0.974927912181824,
1.,0.974927912181824,1.,0.974927912181824,1.,0.974927912181824,1.,0.974927912181824,
1.,0.974927912181824,1.,0.974927912181824,1.,0.974927912181824,1.,0.974927912181824,
1.,0.974927912181824,1.,0.974927912181824,1.,0.974927912181824,1.,0.974927912181824,
1.,0.974927912181824,1.,0.974927912181824,1.,0.974927912181824,1.,0.974927912181824,
1.,0.974927912181824,1.,0.974927912181824,1.,0.974927912181824,1.,0.974927912181824,
1.,0.974927912181824,1.,0.974927912181824,1.,0.974927912181824,1.,0.974927912181824,
1.,0.974927912181824,1.,0.974927912181824,1.,0.974927912181824,1.,0.974927912181824,
1.,0.974927912181824,1.,0.974927912181824,1.,0.974927912181824,1.,0.974927912181824,
1.,0.974927912181824,1.,0.974927912181824,1.,0.974927912181824,1.,0.974927912181824,
1.,0.974927912181824,1.,0.974927912181824,1.,0.974927912181824,1.,0.974927912181824,
1.,0.974927912181824,1.,0.974927912181824,1.,0.974927912181824,1.,0.974927912181824,
1.,0.974927912181824,1.,0.974927912181824,1.,0.974927912181824,1.,0.974927912181824,
1.,0.974927912181824,1.,0.974927912181824,1.,0.974927912181824,1.,0.974927912181824,
1.,0.974927912181824,1.,0.974927912181824,1.,0.974927912181824,1.,0.974927912181824,
1.,0.974927912181824,1.,0.974927912181824,1.,0.974927912181824,1.,0.974927912181824,
1.,0.974927912181824,1.,0.974927912181824,1.,0.974927912181824,1.,0.974927912181824,
1.,0.974927912181824,1.,0.974927912181824,1.,0.974927912181824,1.,0.974927912181824,
1.,0.974927912181824,1.,0.974927912181824,1.,0.974927912181824,1.,0.974927912181824,
1.,0.974927912181824,1.,0.974927912181824,1.,0.974927912181824,1.,0.974927912181824,
1.,0.974927912181824,1.,0.974927912181824,1.,0.974927912181824,1.,0.974927912181824,
1.,0.974927912181824,1.,0.974927912181824,1.,0.974927912181824,1.,0.974927912181824,
1.,0.974927912181824,1.,0.974927912181824,1.,0.974927912181824,1.,0.974927912181824,
1.,0.974927912181824,1.,0.974927912181824,1.,0.974927912181824,1.,0.974927912181824,
1.,0.974927912181824,1.))
REPRESENTATION_ITEM('')
);
#40=(
BOUNDED_CURVE()
B_SPLINE_CURVE(2,(#5350,#5351,#5352,#5353,#5354,#5355,#5356,#5357,#5358,
#5359,#5360,#5361,#5362,#5363,#5364,#5365,#5366,#5367,#5368,#5369,#5370,
#5371,#5372,#5373,#5374,#5375,#5376,#5377,#5378,#5379,#5380,#5381,#5382,
#5383,#5384,#5385,#5386,#5387,#5388,#5389,#5390,#5391,#5392,#5393,#5394,
#5395,#5396,#5397,#5398,#5399,#5400,#5401,#5402,#5403,#5404,#5405,#5406,
#5407,#5408,#5409,#5410,#5411,#5412,#5413,#5414,#5415,#5416,#5417,#5418,
#5419,#5420,#5421,#5422,#5423,#5424,#5425,#5426,#5427,#5428,#5429,#5430,
#5431,#5432,#5433,#5434,#5435,#5436,#5437,#5438,#5439,#5440,#5441,#5442,
#5443,#5444,#5445,#5446,#5447,#5448,#5449,#5450,#5451,#5452,#5453,#5454,
#5455,#5456,#5457,#5458,#5459,#5460,#5461,#5462,#5463,#5464,#5465,#5466,
#5467,#5468,#5469,#5470,#5471,#5472,#5473,#5474,#5475,#5476,#5477,#5478,
#5479,#5480,#5481,#5482,#5483,#5484,#5485,#5486,#5487,#5488,#5489,#5490,
#5491,#5492,#5493,#5494,#5495,#5496,#5497,#5498,#5499,#5500,#5501,#5502,
#5503,#5504,#5505,#5506,#5507,#5508,#5509,#5510,#5511,#5512,#5513,#5514,
#5515,#5516,#5517,#5518,#5519,#5520,#5521,#5522,#5523,#5524,#5525,#5526,
#5527,#5528,#5529,#5530,#5531,#5532,#5533,#5534,#5535,#5536,#5537,#5538,
#5539,#5540,#5541,#5542,#5543,#5544,#5545,#5546,#5547,#5548,#5549,#5550,
#5551,#5552,#5553,#5554,#5555,#5556,#5557,#5558,#5559,#5560,#5561,#5562,
#5563,#5564,#5565,#5566,#5567,#5568,#5569,#5570,#5571,#5572,#5573,#5574,
#5575,#5576,#5577,#5578,#5579,#5580,#5581,#5582,#5583,#5584,#5585,#5586,
#5587,#5588,#5589,#5590,#5591,#5592,#5593,#5594,#5595,#5596,#5597,#5598,
#5599,#5600,#5601,#5602,#5603,#5604,#5605,#5606,#5607,#5608,#5609,#5610,
#5611,#5612,#5613,#5614,#5615,#5616,#5617,#5618,#5619,#5620,#5621,#5622,
#5623,#5624,#5625,#5626,#5627,#5628,#5629,#5630),.UNSPECIFIED.,.F.,.F.)
B_SPLINE_CURVE_WITH_KNOTS((3,2,2,2,2,2,2,2,2,2,2,2,2,2,2,2,2,2,2,2,2,2,
2,2,2,2,2,2,2,2,2,2,2,2,2,2,2,2,2,2,2,2,2,2,2,2,2,2,2,2,2,2,2,2,2,2,2,2,
2,2,2,2,2,2,2,2,2,2,2,2,2,2,2,2,2,2,2,2,2,2,2,2,2,2,2,2,2,2,2,2,2,2,2,2,
2,2,2,2,2,2,2,2,2,2,2,2,2,2,2,2,2,2,2,2,2,2,2,2,2,2,2,2,2,2,2,2,2,2,2,2,
2,2,2,2,2,2,2,2,2,2,3),(0.,0.00714285714285714,0.0142857142857143,0.0214285714285714,
0.0285714285714286,0.0357142857142857,0.0428571428571429,0.05,0.0571428571428571,
0.0642857142857143,0.0714285714285714,0.0785714285714286,0.0857142857142857,
0.0928571428571429,0.1,0.107142857142857,0.114285714285714,0.121428571428571,
0.128571428571429,0.135714285714286,0.142857142857143,0.15,0.157142857142857,
0.164285714285714,0.171428571428571,0.178571428571429,0.185714285714286,
0.192857142857143,0.2,0.207142857142857,0.214285714285714,0.221428571428571,
0.228571428571429,0.235714285714286,0.242857142857143,0.25,0.257142857142857,
0.264285714285714,0.271428571428571,0.278571428571429,0.285714285714286,
0.292857142857143,0.3,0.307142857142857,0.314285714285714,0.321428571428571,
0.328571428571429,0.335714285714286,0.342857142857143,0.35,0.357142857142857,
0.364285714285714,0.371428571428571,0.378571428571429,0.385714285714286,
0.392857142857143,0.4,0.407142857142857,0.414285714285714,0.421428571428571,
0.428571428571429,0.435714285714286,0.442857142857143,0.45,0.457142857142857,
0.464285714285714,0.471428571428571,0.478571428571429,0.485714285714286,
0.492857142857143,0.5,0.507142857142857,0.514285714285714,0.521428571428571,
0.528571428571429,0.535714285714286,0.542857142857143,0.55,0.557142857142857,
0.564285714285714,0.571428571428571,0.578571428571429,0.585714285714286,
0.592857142857143,0.6,0.607142857142857,0.614285714285714,0.621428571428571,
0.628571428571429,0.635714285714286,0.642857142857143,0.65,0.657142857142857,
0.664285714285714,0.671428571428571,0.678571428571429,0.685714285714286,
0.692857142857143,0.7,0.707142857142857,0.714285714285714,0.721428571428571,
0.728571428571429,0.735714285714286,0.742857142857143,0.75,0.757142857142857,
0.764285714285714,0.771428571428571,0.778571428571429,0.785714285714286,
0.792857142857143,0.8,0.807142857142857,0.814285714285714,0.821428571428571,
0.828571428571429,0.835714285714286,0.842857142857143,0.85,0.857142857142857,
0.864285714285714,0.871428571428571,0.878571428571429,0.885714285714286,
0.892857142857143,0.9,0.907142857142857,0.914285714285714,0.921428571428571,
0.928571428571429,0.935714285714286,0.942857142857143,0.95,0.957142857142857,
0.964285714285714,0.971428571428571,0.978571428571429,0.985714285714286,
0.992857142857143,1.),.UNSPECIFIED.)
CURVE()
GEOMETRIC_REPRESENTATION_ITEM()
RATIONAL_B_SPLINE_CURVE((1.,0.974927912181824,1.,0.974927912181824,1.,0.974927912181824,
1.,0.974927912181824,1.,0.974927912181824,1.,0.974927912181824,1.,0.974927912181824,
1.,0.974927912181824,1.,0.974927912181824,1.,0.974927912181824,1.,0.974927912181824,
1.,0.974927912181824,1.,0.974927912181824,1.,0.974927912181824,1.,0.974927912181824,
1.,0.974927912181824,1.,0.974927912181824,1.,0.974927912181824,1.,0.974927912181824,
1.,0.974927912181824,1.,0.974927912181824,1.,0.974927912181824,1.,0.974927912181824,
1.,0.974927912181824,1.,0.974927912181824,1.,0.974927912181824,1.,0.974927912181824,
1.,0.974927912181824,1.,0.974927912181824,1.,0.974927912181824,1.,0.974927912181824,
1.,0.974927912181824,1.,0.974927912181824,1.,0.974927912181824,1.,0.974927912181824,
1.,0.974927912181824,1.,0.974927912181824,1.,0.974927912181824,1.,0.974927912181824,
1.,0.974927912181824,1.,0.974927912181824,1.,0.974927912181824,1.,0.974927912181824,
1.,0.974927912181824,1.,0.974927912181824,1.,0.974927912181824,1.,0.974927912181824,
1.,0.974927912181824,1.,0.974927912181824,1.,0.974927912181824,1.,0.974927912181824,
1.,0.974927912181824,1.,0.974927912181824,1.,0.974927912181824,1.,0.974927912181824,
1.,0.974927912181824,1.,0.974927912181824,1.,0.974927912181824,1.,0.974927912181824,
1.,0.974927912181824,1.,0.974927912181824,1.,0.974927912181824,1.,0.974927912181824,
1.,0.974927912181824,1.,0.974927912181824,1.,0.974927912181824,1.,0.974927912181824,
1.,0.974927912181824,1.,0.974927912181824,1.,0.974927912181824,1.,0.974927912181824,
1.,0.974927912181824,1.,0.974927912181824,1.,0.974927912181824,1.,0.974927912181824,
1.,0.974927912181824,1.,0.974927912181824,1.,0.974927912181824,1.,0.974927912181824,
1.,0.974927912181824,1.,0.974927912181824,1.,0.974927912181824,1.,0.974927912181824,
1.,0.974927912181824,1.,0.974927912181824,1.,0.974927912181824,1.,0.974927912181824,
1.,0.974927912181824,1.,0.974927912181824,1.,0.974927912181824,1.,0.974927912181824,
1.,0.974927912181824,1.,0.974927912181824,1.,0.974927912181824,1.,0.974927912181824,
1.,0.974927912181824,1.,0.974927912181824,1.,0.974927912181824,1.,0.974927912181824,
1.,0.974927912181824,1.,0.974927912181824,1.,0.974927912181824,1.,0.974927912181824,
1.,0.974927912181824,1.,0.974927912181824,1.,0.974927912181824,1.,0.974927912181824,
1.,0.974927912181824,1.,0.974927912181824,1.,0.974927912181824,1.,0.974927912181824,
1.,0.974927912181824,1.,0.974927912181824,1.,0.974927912181824,1.,0.974927912181824,
1.,0.974927912181824,1.,0.974927912181824,1.,0.974927912181824,1.,0.974927912181824,
1.,0.974927912181824,1.,0.974927912181824,1.,0.974927912181824,1.,0.974927912181824,
1.,0.974927912181824,1.,0.974927912181824,1.,0.974927912181824,1.,0.974927912181824,
1.,0.974927912181824,1.,0.974927912181824,1.,0.974927912181824,1.,0.974927912181824,
1.,0.974927912181824,1.,0.974927912181824,1.,0.974927912181824,1.,0.974927912181824,
1.,0.974927912181824,1.,0.974927912181824,1.,0.974927912181824,1.,0.974927912181824,
1.,0.974927912181824,1.))
REPRESENTATION_ITEM('')
);
#41=(
BOUNDED_CURVE()
B_SPLINE_CURVE(2,(#5631,#5632,#5633,#5634,#5635,#5636,#5637,#5638,#5639,
#5640,#5641,#5642,#5643,#5644,#5645,#5646,#5647,#5648,#5649,#5650,#5651,
#5652,#5653,#5654,#5655,#5656,#5657,#5658,#5659,#5660,#5661,#5662,#5663,
#5664,#5665,#5666,#5667,#5668,#5669,#5670,#5671,#5672,#5673,#5674,#5675,
#5676,#5677,#5678,#5679,#5680,#5681,#5682,#5683,#5684,#5685,#5686,#5687,
#5688,#5689,#5690,#5691,#5692,#5693,#5694,#5695,#5696,#5697,#5698,#5699,
#5700,#5701,#5702,#5703,#5704,#5705,#5706,#5707,#5708,#5709,#5710,#5711,
#5712,#5713,#5714,#5715,#5716,#5717,#5718,#5719,#5720,#5721,#5722,#5723,
#5724,#5725,#5726,#5727,#5728,#5729,#5730,#5731,#5732,#5733,#5734,#5735,
#5736,#5737,#5738,#5739,#5740,#5741,#5742,#5743,#5744,#5745,#5746,#5747,
#5748,#5749,#5750,#5751,#5752,#5753,#5754,#5755,#5756,#5757,#5758,#5759,
#5760,#5761,#5762,#5763,#5764,#5765,#5766,#5767,#5768,#5769,#5770,#5771,
#5772,#5773,#5774,#5775,#5776,#5777,#5778,#5779,#5780,#5781,#5782,#5783,
#5784,#5785,#5786,#5787,#5788,#5789,#5790,#5791,#5792,#5793,#5794,#5795,
#5796,#5797,#5798,#5799,#5800,#5801,#5802,#5803,#5804,#5805,#5806,#5807,
#5808,#5809,#5810,#5811,#5812,#5813,#5814,#5815,#5816,#5817,#5818,#5819,
#5820,#5821,#5822,#5823,#5824,#5825,#5826,#5827,#5828,#5829,#5830,#5831,
#5832,#5833,#5834,#5835,#5836,#5837,#5838,#5839,#5840,#5841,#5842,#5843,
#5844,#5845,#5846,#5847,#5848,#5849,#5850,#5851,#5852,#5853,#5854,#5855,
#5856,#5857,#5858,#5859,#5860,#5861,#5862,#5863,#5864,#5865,#5866,#5867,
#5868,#5869,#5870,#5871,#5872,#5873,#5874,#5875,#5876,#5877,#5878,#5879,
#5880,#5881,#5882,#5883,#5884,#5885,#5886,#5887,#5888,#5889,#5890,#5891,
#5892,#5893,#5894,#5895,#5896,#5897,#5898,#5899,#5900,#5901,#5902,#5903,
#5904,#5905,#5906,#5907,#5908,#5909,#5910,#5911),.UNSPECIFIED.,.F.,.F.)
B_SPLINE_CURVE_WITH_KNOTS((3,2,2,2,2,2,2,2,2,2,2,2,2,2,2,2,2,2,2,2,2,2,
2,2,2,2,2,2,2,2,2,2,2,2,2,2,2,2,2,2,2,2,2,2,2,2,2,2,2,2,2,2,2,2,2,2,2,2,
2,2,2,2,2,2,2,2,2,2,2,2,2,2,2,2,2,2,2,2,2,2,2,2,2,2,2,2,2,2,2,2,2,2,2,2,
2,2,2,2,2,2,2,2,2,2,2,2,2,2,2,2,2,2,2,2,2,2,2,2,2,2,2,2,2,2,2,2,2,2,2,2,
2,2,2,2,2,2,2,2,2,2,3),(0.,0.00714285714285714,0.0142857142857143,0.0214285714285714,
0.0285714285714286,0.0357142857142857,0.0428571428571429,0.05,0.0571428571428571,
0.0642857142857143,0.0714285714285714,0.0785714285714286,0.0857142857142857,
0.0928571428571429,0.1,0.107142857142857,0.114285714285714,0.121428571428571,
0.128571428571429,0.135714285714286,0.142857142857143,0.15,0.157142857142857,
0.164285714285714,0.171428571428571,0.178571428571429,0.185714285714286,
0.192857142857143,0.2,0.207142857142857,0.214285714285714,0.221428571428571,
0.228571428571429,0.235714285714286,0.242857142857143,0.25,0.257142857142857,
0.264285714285714,0.271428571428571,0.278571428571429,0.285714285714286,
0.292857142857143,0.3,0.307142857142857,0.314285714285714,0.321428571428571,
0.328571428571429,0.335714285714286,0.342857142857143,0.35,0.357142857142857,
0.364285714285714,0.371428571428571,0.378571428571429,0.385714285714286,
0.392857142857143,0.4,0.407142857142857,0.414285714285714,0.421428571428571,
0.428571428571429,0.435714285714286,0.442857142857143,0.45,0.457142857142857,
0.464285714285714,0.471428571428571,0.478571428571429,0.485714285714286,
0.492857142857143,0.5,0.507142857142857,0.514285714285714,0.521428571428571,
0.528571428571429,0.535714285714286,0.542857142857143,0.55,0.557142857142857,
0.564285714285714,0.571428571428571,0.578571428571429,0.585714285714286,
0.592857142857143,0.6,0.607142857142857,0.614285714285714,0.621428571428571,
0.628571428571429,0.635714285714286,0.642857142857143,0.65,0.657142857142857,
0.664285714285714,0.671428571428571,0.678571428571429,0.685714285714286,
0.692857142857143,0.7,0.707142857142857,0.714285714285714,0.721428571428571,
0.728571428571429,0.735714285714286,0.742857142857143,0.75,0.757142857142857,
0.764285714285714,0.771428571428571,0.778571428571429,0.785714285714286,
0.792857142857143,0.8,0.807142857142857,0.814285714285714,0.821428571428571,
0.828571428571429,0.835714285714286,0.842857142857143,0.85,0.857142857142857,
0.864285714285714,0.871428571428571,0.878571428571429,0.885714285714286,
0.892857142857143,0.9,0.907142857142857,0.914285714285714,0.921428571428571,
0.928571428571429,0.935714285714286,0.942857142857143,0.95,0.957142857142857,
0.964285714285714,0.971428571428571,0.978571428571429,0.985714285714286,
0.992857142857143,1.),.UNSPECIFIED.)
CURVE()
GEOMETRIC_REPRESENTATION_ITEM()
RATIONAL_B_SPLINE_CURVE((1.,0.974927912181824,1.,0.974927912181824,1.,0.974927912181824,
1.,0.974927912181824,1.,0.974927912181824,1.,0.974927912181824,1.,0.974927912181824,
1.,0.974927912181824,1.,0.974927912181824,1.,0.974927912181824,1.,0.974927912181824,
1.,0.974927912181824,1.,0.974927912181824,1.,0.974927912181824,1.,0.974927912181824,
1.,0.974927912181824,1.,0.974927912181824,1.,0.974927912181824,1.,0.974927912181824,
1.,0.974927912181824,1.,0.974927912181824,1.,0.974927912181824,1.,0.974927912181824,
1.,0.974927912181824,1.,0.974927912181824,1.,0.974927912181824,1.,0.974927912181824,
1.,0.974927912181824,1.,0.974927912181824,1.,0.974927912181824,1.,0.974927912181824,
1.,0.974927912181824,1.,0.974927912181824,1.,0.974927912181824,1.,0.974927912181824,
1.,0.974927912181824,1.,0.974927912181824,1.,0.974927912181824,1.,0.974927912181824,
1.,0.974927912181824,1.,0.974927912181824,1.,0.974927912181824,1.,0.974927912181824,
1.,0.974927912181824,1.,0.974927912181824,1.,0.974927912181824,1.,0.974927912181824,
1.,0.974927912181824,1.,0.974927912181824,1.,0.974927912181824,1.,0.974927912181824,
1.,0.974927912181824,1.,0.974927912181824,1.,0.974927912181824,1.,0.974927912181824,
1.,0.974927912181824,1.,0.974927912181824,1.,0.974927912181824,1.,0.974927912181824,
1.,0.974927912181824,1.,0.974927912181824,1.,0.974927912181824,1.,0.974927912181824,
1.,0.974927912181824,1.,0.974927912181824,1.,0.974927912181824,1.,0.974927912181824,
1.,0.974927912181824,1.,0.974927912181824,1.,0.974927912181824,1.,0.974927912181824,
1.,0.974927912181824,1.,0.974927912181824,1.,0.974927912181824,1.,0.974927912181824,
1.,0.974927912181824,1.,0.974927912181824,1.,0.974927912181824,1.,0.974927912181824,
1.,0.974927912181824,1.,0.974927912181824,1.,0.974927912181824,1.,0.974927912181824,
1.,0.974927912181824,1.,0.974927912181824,1.,0.974927912181824,1.,0.974927912181824,
1.,0.974927912181824,1.,0.974927912181824,1.,0.974927912181824,1.,0.974927912181824,
1.,0.974927912181824,1.,0.974927912181824,1.,0.974927912181824,1.,0.974927912181824,
1.,0.974927912181824,1.,0.974927912181824,1.,0.974927912181824,1.,0.974927912181824,
1.,0.974927912181824,1.,0.974927912181824,1.,0.974927912181824,1.,0.974927912181824,
1.,0.974927912181824,1.,0.974927912181824,1.,0.974927912181824,1.,0.974927912181824,
1.,0.974927912181824,1.,0.974927912181824,1.,0.974927912181824,1.,0.974927912181824,
1.,0.974927912181824,1.,0.974927912181824,1.,0.974927912181824,1.,0.974927912181824,
1.,0.974927912181824,1.,0.974927912181824,1.,0.974927912181824,1.,0.974927912181824,
1.,0.974927912181824,1.,0.974927912181824,1.,0.974927912181824,1.,0.974927912181824,
1.,0.974927912181824,1.,0.974927912181824,1.,0.974927912181824,1.,0.974927912181824,
1.,0.974927912181824,1.,0.974927912181824,1.,0.974927912181824,1.,0.974927912181824,
1.,0.974927912181824,1.,0.974927912181824,1.,0.974927912181824,1.,0.974927912181824,
1.,0.974927912181824,1.,0.974927912181824,1.,0.974927912181824,1.,0.974927912181824,
1.,0.974927912181824,1.))
REPRESENTATION_ITEM('')
);
#42=(
BOUNDED_CURVE()
B_SPLINE_CURVE(2,(#6587,#6588,#6589,#6590,#6591,#6592,#6593,#6594,#6595,
#6596,#6597,#6598,#6599,#6600,#6601,#6602,#6603,#6604,#6605,#6606,#6607,
#6608,#6609,#6610,#6611,#6612,#6613,#6614,#6615,#6616,#6617,#6618,#6619,
#6620,#6621,#6622,#6623,#6624,#6625,#6626,#6627,#6628,#6629,#6630,#6631,
#6632,#6633,#6634,#6635,#6636,#6637,#6638,#6639,#6640,#6641,#6642,#6643,
#6644,#6645,#6646,#6647,#6648,#6649,#6650,#6651,#6652,#6653,#6654,#6655,
#6656,#6657,#6658,#6659,#6660,#6661,#6662,#6663,#6664,#6665,#6666,#6667,
#6668,#6669,#6670,#6671,#6672,#6673,#6674,#6675,#6676,#6677,#6678,#6679,
#6680,#6681,#6682,#6683,#6684,#6685,#6686,#6687,#6688,#6689,#6690,#6691,
#6692,#6693,#6694,#6695,#6696,#6697,#6698,#6699,#6700,#6701,#6702,#6703,
#6704,#6705,#6706,#6707,#6708,#6709,#6710,#6711,#6712,#6713,#6714,#6715,
#6716,#6717,#6718,#6719,#6720,#6721,#6722,#6723,#6724,#6725,#6726,#6727,
#6728,#6729,#6730,#6731,#6732,#6733,#6734,#6735,#6736,#6737,#6738,#6739,
#6740,#6741,#6742,#6743,#6744,#6745,#6746,#6747,#6748,#6749,#6750,#6751,
#6752,#6753,#6754,#6755,#6756,#6757,#6758,#6759,#6760,#6761,#6762,#6763,
#6764,#6765,#6766,#6767,#6768,#6769,#6770,#6771,#6772,#6773,#6774,#6775,
#6776,#6777,#6778,#6779,#6780,#6781,#6782,#6783,#6784,#6785,#6786,#6787,
#6788,#6789,#6790,#6791,#6792,#6793,#6794,#6795,#6796,#6797,#6798,#6799,
#6800,#6801,#6802,#6803,#6804,#6805,#6806,#6807,#6808,#6809,#6810,#6811,
#6812,#6813,#6814,#6815,#6816,#6817,#6818,#6819,#6820,#6821,#6822,#6823,
#6824,#6825,#6826,#6827,#6828,#6829,#6830,#6831,#6832,#6833,#6834,#6835,
#6836,#6837,#6838,#6839,#6840,#6841,#6842,#6843,#6844,#6845,#6846,#6847,
#6848,#6849,#6850,#6851,#6852,#6853,#6854,#6855,#6856,#6857,#6858,#6859,
#6860,#6861,#6862,#6863,#6864,#6865,#6866,#6867),.UNSPECIFIED.,.F.,.F.)
B_SPLINE_CURVE_WITH_KNOTS((3,2,2,2,2,2,2,2,2,2,2,2,2,2,2,2,2,2,2,2,2,2,
2,2,2,2,2,2,2,2,2,2,2,2,2,2,2,2,2,2,2,2,2,2,2,2,2,2,2,2,2,2,2,2,2,2,2,2,
2,2,2,2,2,2,2,2,2,2,2,2,2,2,2,2,2,2,2,2,2,2,2,2,2,2,2,2,2,2,2,2,2,2,2,2,
2,2,2,2,2,2,2,2,2,2,2,2,2,2,2,2,2,2,2,2,2,2,2,2,2,2,2,2,2,2,2,2,2,2,2,2,
2,2,2,2,2,2,2,2,2,2,3),(0.,0.00714285714285714,0.0142857142857143,0.0214285714285714,
0.0285714285714286,0.0357142857142857,0.0428571428571429,0.05,0.0571428571428571,
0.0642857142857143,0.0714285714285714,0.0785714285714286,0.0857142857142857,
0.0928571428571429,0.1,0.107142857142857,0.114285714285714,0.121428571428571,
0.128571428571429,0.135714285714286,0.142857142857143,0.15,0.157142857142857,
0.164285714285714,0.171428571428571,0.178571428571429,0.185714285714286,
0.192857142857143,0.2,0.207142857142857,0.214285714285714,0.221428571428571,
0.228571428571429,0.235714285714286,0.242857142857143,0.25,0.257142857142857,
0.264285714285714,0.271428571428571,0.278571428571429,0.285714285714286,
0.292857142857143,0.3,0.307142857142857,0.314285714285714,0.321428571428571,
0.328571428571429,0.335714285714286,0.342857142857143,0.35,0.357142857142857,
0.364285714285714,0.371428571428571,0.378571428571429,0.385714285714286,
0.392857142857143,0.4,0.407142857142857,0.414285714285714,0.421428571428571,
0.428571428571429,0.435714285714286,0.442857142857143,0.45,0.457142857142857,
0.464285714285714,0.471428571428571,0.478571428571429,0.485714285714286,
0.492857142857143,0.5,0.507142857142857,0.514285714285714,0.521428571428571,
0.528571428571429,0.535714285714286,0.542857142857143,0.55,0.557142857142857,
0.564285714285714,0.571428571428571,0.578571428571429,0.585714285714286,
0.592857142857143,0.6,0.607142857142857,0.614285714285714,0.621428571428571,
0.628571428571429,0.635714285714286,0.642857142857143,0.65,0.657142857142857,
0.664285714285714,0.671428571428571,0.678571428571429,0.685714285714286,
0.692857142857143,0.7,0.707142857142857,0.714285714285714,0.721428571428571,
0.728571428571429,0.735714285714286,0.742857142857143,0.75,0.757142857142857,
0.764285714285714,0.771428571428571,0.778571428571429,0.785714285714286,
0.792857142857143,0.8,0.807142857142857,0.814285714285714,0.821428571428571,
0.828571428571429,0.835714285714286,0.842857142857143,0.85,0.857142857142857,
0.864285714285714,0.871428571428571,0.878571428571429,0.885714285714286,
0.892857142857143,0.9,0.907142857142857,0.914285714285714,0.921428571428571,
0.928571428571429,0.935714285714286,0.942857142857143,0.95,0.957142857142857,
0.964285714285714,0.971428571428571,0.978571428571429,0.985714285714286,
0.992857142857143,1.),.UNSPECIFIED.)
CURVE()
GEOMETRIC_REPRESENTATION_ITEM()
RATIONAL_B_SPLINE_CURVE((1.,0.974927912181824,1.,0.974927912181824,1.,0.974927912181824,
1.,0.974927912181824,1.,0.974927912181824,1.,0.974927912181824,1.,0.974927912181824,
1.,0.974927912181824,1.,0.974927912181824,1.,0.974927912181824,1.,0.974927912181824,
1.,0.974927912181824,1.,0.974927912181824,1.,0.974927912181824,1.,0.974927912181824,
1.,0.974927912181824,1.,0.974927912181824,1.,0.974927912181824,1.,0.974927912181824,
1.,0.974927912181824,1.,0.974927912181824,1.,0.974927912181824,1.,0.974927912181824,
1.,0.974927912181824,1.,0.974927912181824,1.,0.974927912181824,1.,0.974927912181824,
1.,0.974927912181824,1.,0.974927912181824,1.,0.974927912181824,1.,0.974927912181824,
1.,0.974927912181824,1.,0.974927912181824,1.,0.974927912181824,1.,0.974927912181824,
1.,0.974927912181824,1.,0.974927912181824,1.,0.974927912181824,1.,0.974927912181824,
1.,0.974927912181824,1.,0.974927912181824,1.,0.974927912181824,1.,0.974927912181824,
1.,0.974927912181824,1.,0.974927912181824,1.,0.974927912181824,1.,0.974927912181824,
1.,0.974927912181824,1.,0.974927912181824,1.,0.974927912181824,1.,0.974927912181824,
1.,0.974927912181824,1.,0.974927912181824,1.,0.974927912181824,1.,0.974927912181824,
1.,0.974927912181824,1.,0.974927912181824,1.,0.974927912181824,1.,0.974927912181824,
1.,0.974927912181824,1.,0.974927912181824,1.,0.974927912181824,1.,0.974927912181824,
1.,0.974927912181824,1.,0.974927912181824,1.,0.974927912181824,1.,0.974927912181824,
1.,0.974927912181824,1.,0.974927912181824,1.,0.974927912181824,1.,0.974927912181824,
1.,0.974927912181824,1.,0.974927912181824,1.,0.974927912181824,1.,0.974927912181824,
1.,0.974927912181824,1.,0.974927912181824,1.,0.974927912181824,1.,0.974927912181824,
1.,0.974927912181824,1.,0.974927912181824,1.,0.974927912181824,1.,0.974927912181824,
1.,0.974927912181824,1.,0.974927912181824,1.,0.974927912181824,1.,0.974927912181824,
1.,0.974927912181824,1.,0.974927912181824,1.,0.974927912181824,1.,0.974927912181824,
1.,0.974927912181824,1.,0.974927912181824,1.,0.974927912181824,1.,0.974927912181824,
1.,0.974927912181824,1.,0.974927912181824,1.,0.974927912181824,1.,0.974927912181824,
1.,0.974927912181824,1.,0.974927912181824,1.,0.974927912181824,1.,0.974927912181824,
1.,0.974927912181824,1.,0.974927912181824,1.,0.974927912181824,1.,0.974927912181824,
1.,0.974927912181824,1.,0.974927912181824,1.,0.974927912181824,1.,0.974927912181824,
1.,0.974927912181824,1.,0.974927912181824,1.,0.974927912181824,1.,0.974927912181824,
1.,0.974927912181824,1.,0.974927912181824,1.,0.974927912181824,1.,0.974927912181824,
1.,0.974927912181824,1.,0.974927912181824,1.,0.974927912181824,1.,0.974927912181824,
1.,0.974927912181824,1.,0.974927912181824,1.,0.974927912181824,1.,0.974927912181824,
1.,0.974927912181824,1.,0.974927912181824,1.,0.974927912181824,1.,0.974927912181824,
1.,0.974927912181824,1.,0.974927912181824,1.,0.974927912181824,1.,0.974927912181824,
1.,0.974927912181824,1.,0.974927912181824,1.,0.974927912181824,1.,0.974927912181824,
1.,0.974927912181824,1.))
REPRESENTATION_ITEM('')
);
#43=(
BOUNDED_CURVE()
B_SPLINE_CURVE(2,(#6869,#6870,#6871,#6872,#6873,#6874,#6875,#6876,#6877,
#6878,#6879,#6880,#6881,#6882,#6883,#6884,#6885,#6886,#6887,#6888,#6889,
#6890,#6891,#6892,#6893,#6894,#6895,#6896,#6897,#6898,#6899,#6900,#6901,
#6902,#6903,#6904,#6905,#6906,#6907,#6908,#6909,#6910,#6911,#6912,#6913,
#6914,#6915,#6916,#6917,#6918,#6919,#6920,#6921,#6922,#6923,#6924,#6925,
#6926,#6927,#6928,#6929,#6930,#6931,#6932,#6933,#6934,#6935,#6936,#6937,
#6938,#6939,#6940,#6941,#6942,#6943,#6944,#6945,#6946,#6947,#6948,#6949,
#6950,#6951,#6952,#6953,#6954,#6955,#6956,#6957,#6958,#6959,#6960,#6961,
#6962,#6963,#6964,#6965,#6966,#6967,#6968,#6969,#6970,#6971,#6972,#6973,
#6974,#6975,#6976,#6977,#6978,#6979,#6980,#6981,#6982,#6983,#6984,#6985,
#6986,#6987,#6988,#6989,#6990,#6991,#6992,#6993,#6994,#6995,#6996,#6997,
#6998,#6999,#7000,#7001,#7002,#7003,#7004,#7005,#7006,#7007,#7008,#7009,
#7010,#7011,#7012,#7013,#7014,#7015,#7016,#7017,#7018,#7019,#7020,#7021,
#7022,#7023,#7024,#7025,#7026,#7027,#7028,#7029,#7030,#7031,#7032,#7033,
#7034,#7035,#7036,#7037,#7038,#7039,#7040,#7041,#7042,#7043,#7044,#7045,
#7046,#7047,#7048,#7049,#7050,#7051,#7052,#7053,#7054,#7055,#7056,#7057,
#7058,#7059,#7060,#7061,#7062,#7063,#7064,#7065,#7066,#7067,#7068,#7069,
#7070,#7071,#7072,#7073,#7074,#7075,#7076,#7077,#7078,#7079,#7080,#7081,
#7082,#7083,#7084,#7085,#7086,#7087,#7088,#7089,#7090,#7091,#7092,#7093,
#7094,#7095,#7096,#7097,#7098,#7099,#7100,#7101,#7102,#7103,#7104,#7105,
#7106,#7107,#7108,#7109,#7110,#7111,#7112,#7113,#7114,#7115,#7116,#7117,
#7118,#7119,#7120,#7121,#7122,#7123,#7124,#7125,#7126,#7127,#7128,#7129,
#7130,#7131,#7132,#7133,#7134,#7135,#7136,#7137,#7138,#7139,#7140,#7141,
#7142,#7143,#7144,#7145,#7146,#7147,#7148,#7149),.UNSPECIFIED.,.F.,.F.)
B_SPLINE_CURVE_WITH_KNOTS((3,2,2,2,2,2,2,2,2,2,2,2,2,2,2,2,2,2,2,2,2,2,
2,2,2,2,2,2,2,2,2,2,2,2,2,2,2,2,2,2,2,2,2,2,2,2,2,2,2,2,2,2,2,2,2,2,2,2,
2,2,2,2,2,2,2,2,2,2,2,2,2,2,2,2,2,2,2,2,2,2,2,2,2,2,2,2,2,2,2,2,2,2,2,2,
2,2,2,2,2,2,2,2,2,2,2,2,2,2,2,2,2,2,2,2,2,2,2,2,2,2,2,2,2,2,2,2,2,2,2,2,
2,2,2,2,2,2,2,2,2,2,3),(0.,0.00714285714285714,0.0142857142857143,0.0214285714285714,
0.0285714285714286,0.0357142857142857,0.0428571428571429,0.05,0.0571428571428571,
0.0642857142857143,0.0714285714285714,0.0785714285714286,0.0857142857142857,
0.0928571428571429,0.1,0.107142857142857,0.114285714285714,0.121428571428571,
0.128571428571429,0.135714285714286,0.142857142857143,0.15,0.157142857142857,
0.164285714285714,0.171428571428571,0.178571428571429,0.185714285714286,
0.192857142857143,0.2,0.207142857142857,0.214285714285714,0.221428571428571,
0.228571428571429,0.235714285714286,0.242857142857143,0.25,0.257142857142857,
0.264285714285714,0.271428571428571,0.278571428571429,0.285714285714286,
0.292857142857143,0.3,0.307142857142857,0.314285714285714,0.321428571428571,
0.328571428571429,0.335714285714286,0.342857142857143,0.35,0.357142857142857,
0.364285714285714,0.371428571428571,0.378571428571429,0.385714285714286,
0.392857142857143,0.4,0.407142857142857,0.414285714285714,0.421428571428571,
0.428571428571429,0.435714285714286,0.442857142857143,0.45,0.457142857142857,
0.464285714285714,0.471428571428571,0.478571428571429,0.485714285714286,
0.492857142857143,0.5,0.507142857142857,0.514285714285714,0.521428571428571,
0.528571428571429,0.535714285714286,0.542857142857143,0.55,0.557142857142857,
0.564285714285714,0.571428571428571,0.578571428571429,0.585714285714286,
0.592857142857143,0.6,0.607142857142857,0.614285714285714,0.621428571428571,
0.628571428571429,0.635714285714286,0.642857142857143,0.65,0.657142857142857,
0.664285714285714,0.671428571428571,0.678571428571429,0.685714285714286,
0.692857142857143,0.7,0.707142857142857,0.714285714285714,0.721428571428571,
0.728571428571429,0.735714285714286,0.742857142857143,0.75,0.757142857142857,
0.764285714285714,0.771428571428571,0.778571428571429,0.785714285714286,
0.792857142857143,0.8,0.807142857142857,0.814285714285714,0.821428571428571,
0.828571428571429,0.835714285714286,0.842857142857143,0.85,0.857142857142857,
0.864285714285714,0.871428571428571,0.878571428571429,0.885714285714286,
0.892857142857143,0.9,0.907142857142857,0.914285714285714,0.921428571428571,
0.928571428571429,0.935714285714286,0.942857142857143,0.95,0.957142857142857,
0.964285714285714,0.971428571428571,0.978571428571429,0.985714285714286,
0.992857142857143,1.),.UNSPECIFIED.)
CURVE()
GEOMETRIC_REPRESENTATION_ITEM()
RATIONAL_B_SPLINE_CURVE((1.,0.974927912181824,1.,0.974927912181824,1.,0.974927912181824,
1.,0.974927912181824,1.,0.974927912181824,1.,0.974927912181824,1.,0.974927912181824,
1.,0.974927912181824,1.,0.974927912181824,1.,0.974927912181824,1.,0.974927912181824,
1.,0.974927912181824,1.,0.974927912181824,1.,0.974927912181824,1.,0.974927912181824,
1.,0.974927912181824,1.,0.974927912181824,1.,0.974927912181824,1.,0.974927912181824,
1.,0.974927912181824,1.,0.974927912181824,1.,0.974927912181824,1.,0.974927912181824,
1.,0.974927912181824,1.,0.974927912181824,1.,0.974927912181824,1.,0.974927912181824,
1.,0.974927912181824,1.,0.974927912181824,1.,0.974927912181824,1.,0.974927912181824,
1.,0.974927912181824,1.,0.974927912181824,1.,0.974927912181824,1.,0.974927912181824,
1.,0.974927912181824,1.,0.974927912181824,1.,0.974927912181824,1.,0.974927912181824,
1.,0.974927912181824,1.,0.974927912181824,1.,0.974927912181824,1.,0.974927912181824,
1.,0.974927912181824,1.,0.974927912181824,1.,0.974927912181824,1.,0.974927912181824,
1.,0.974927912181824,1.,0.974927912181824,1.,0.974927912181824,1.,0.974927912181824,
1.,0.974927912181824,1.,0.974927912181824,1.,0.974927912181824,1.,0.974927912181824,
1.,0.974927912181824,1.,0.974927912181824,1.,0.974927912181824,1.,0.974927912181824,
1.,0.974927912181824,1.,0.974927912181824,1.,0.974927912181824,1.,0.974927912181824,
1.,0.974927912181824,1.,0.974927912181824,1.,0.974927912181824,1.,0.974927912181824,
1.,0.974927912181824,1.,0.974927912181824,1.,0.974927912181824,1.,0.974927912181824,
1.,0.974927912181824,1.,0.974927912181824,1.,0.974927912181824,1.,0.974927912181824,
1.,0.974927912181824,1.,0.974927912181824,1.,0.974927912181824,1.,0.974927912181824,
1.,0.974927912181824,1.,0.974927912181824,1.,0.974927912181824,1.,0.974927912181824,
1.,0.974927912181824,1.,0.974927912181824,1.,0.974927912181824,1.,0.974927912181824,
1.,0.974927912181824,1.,0.974927912181824,1.,0.974927912181824,1.,0.974927912181824,
1.,0.974927912181824,1.,0.974927912181824,1.,0.974927912181824,1.,0.974927912181824,
1.,0.974927912181824,1.,0.974927912181824,1.,0.974927912181824,1.,0.974927912181824,
1.,0.974927912181824,1.,0.974927912181824,1.,0.974927912181824,1.,0.974927912181824,
1.,0.974927912181824,1.,0.974927912181824,1.,0.974927912181824,1.,0.974927912181824,
1.,0.974927912181824,1.,0.974927912181824,1.,0.974927912181824,1.,0.974927912181824,
1.,0.974927912181824,1.,0.974927912181824,1.,0.974927912181824,1.,0.974927912181824,
1.,0.974927912181824,1.,0.974927912181824,1.,0.974927912181824,1.,0.974927912181824,
1.,0.974927912181824,1.,0.974927912181824,1.,0.974927912181824,1.,0.974927912181824,
1.,0.974927912181824,1.,0.974927912181824,1.,0.974927912181824,1.,0.974927912181824,
1.,0.974927912181824,1.,0.974927912181824,1.,0.974927912181824,1.,0.974927912181824,
1.,0.974927912181824,1.,0.974927912181824,1.,0.974927912181824,1.,0.974927912181824,
1.,0.974927912181824,1.,0.974927912181824,1.,0.974927912181824,1.,0.974927912181824,
1.,0.974927912181824,1.))
REPRESENTATION_ITEM('')
);
#44=(
BOUNDED_CURVE()
B_SPLINE_CURVE(2,(#7874,#7875,#7876,#7877,#7878,#7879,#7880,#7881,#7882,
#7883,#7884,#7885,#7886,#7887,#7888,#7889,#7890,#7891,#7892,#7893,#7894,
#7895,#7896,#7897,#7898,#7899,#7900,#7901,#7902,#7903,#7904,#7905,#7906,
#7907,#7908,#7909,#7910,#7911,#7912,#7913,#7914,#7915,#7916,#7917,#7918,
#7919,#7920,#7921,#7922,#7923,#7924,#7925,#7926,#7927,#7928,#7929,#7930,
#7931,#7932,#7933,#7934,#7935,#7936,#7937,#7938,#7939,#7940,#7941,#7942,
#7943,#7944,#7945,#7946,#7947,#7948,#7949,#7950,#7951,#7952,#7953,#7954,
#7955,#7956,#7957,#7958,#7959,#7960,#7961,#7962,#7963,#7964,#7965,#7966,
#7967,#7968,#7969,#7970,#7971,#7972,#7973,#7974,#7975,#7976,#7977,#7978,
#7979,#7980,#7981,#7982,#7983,#7984,#7985,#7986,#7987,#7988,#7989,#7990,
#7991,#7992,#7993,#7994,#7995,#7996,#7997,#7998,#7999,#8000,#8001,#8002,
#8003,#8004,#8005,#8006,#8007,#8008,#8009,#8010,#8011,#8012,#8013,#8014,
#8015,#8016,#8017,#8018,#8019,#8020,#8021,#8022,#8023,#8024,#8025,#8026,
#8027,#8028,#8029,#8030,#8031,#8032,#8033,#8034,#8035,#8036,#8037,#8038,
#8039,#8040,#8041,#8042,#8043,#8044,#8045,#8046,#8047,#8048,#8049,#8050,
#8051,#8052,#8053,#8054,#8055,#8056,#8057,#8058,#8059,#8060,#8061,#8062,
#8063,#8064,#8065,#8066,#8067,#8068,#8069,#8070,#8071,#8072,#8073,#8074,
#8075,#8076,#8077,#8078,#8079,#8080,#8081,#8082,#8083,#8084,#8085,#8086,
#8087,#8088,#8089,#8090,#8091,#8092,#8093,#8094,#8095,#8096,#8097,#8098,
#8099,#8100,#8101,#8102,#8103,#8104,#8105,#8106,#8107,#8108,#8109,#8110,
#8111,#8112,#8113,#8114,#8115,#8116,#8117,#8118,#8119,#8120,#8121,#8122,
#8123,#8124,#8125,#8126,#8127,#8128,#8129,#8130,#8131,#8132,#8133,#8134,
#8135,#8136,#8137,#8138,#8139,#8140,#8141,#8142,#8143,#8144,#8145,#8146,
#8147,#8148,#8149,#8150,#8151,#8152,#8153,#8154),.UNSPECIFIED.,.F.,.F.)
B_SPLINE_CURVE_WITH_KNOTS((3,2,2,2,2,2,2,2,2,2,2,2,2,2,2,2,2,2,2,2,2,2,
2,2,2,2,2,2,2,2,2,2,2,2,2,2,2,2,2,2,2,2,2,2,2,2,2,2,2,2,2,2,2,2,2,2,2,2,
2,2,2,2,2,2,2,2,2,2,2,2,2,2,2,2,2,2,2,2,2,2,2,2,2,2,2,2,2,2,2,2,2,2,2,2,
2,2,2,2,2,2,2,2,2,2,2,2,2,2,2,2,2,2,2,2,2,2,2,2,2,2,2,2,2,2,2,2,2,2,2,2,
2,2,2,2,2,2,2,2,2,2,3),(0.,0.00714285714285714,0.0142857142857143,0.0214285714285714,
0.0285714285714286,0.0357142857142857,0.0428571428571429,0.05,0.0571428571428571,
0.0642857142857143,0.0714285714285714,0.0785714285714286,0.0857142857142857,
0.0928571428571429,0.1,0.107142857142857,0.114285714285714,0.121428571428571,
0.128571428571429,0.135714285714286,0.142857142857143,0.15,0.157142857142857,
0.164285714285714,0.171428571428571,0.178571428571429,0.185714285714286,
0.192857142857143,0.2,0.207142857142857,0.214285714285714,0.221428571428571,
0.228571428571429,0.235714285714286,0.242857142857143,0.25,0.257142857142857,
0.264285714285714,0.271428571428571,0.278571428571429,0.285714285714286,
0.292857142857143,0.3,0.307142857142857,0.314285714285714,0.321428571428571,
0.328571428571429,0.335714285714286,0.342857142857143,0.35,0.357142857142857,
0.364285714285714,0.371428571428571,0.378571428571429,0.385714285714286,
0.392857142857143,0.4,0.407142857142857,0.414285714285714,0.421428571428571,
0.428571428571429,0.435714285714286,0.442857142857143,0.45,0.457142857142857,
0.464285714285714,0.471428571428571,0.478571428571429,0.485714285714286,
0.492857142857143,0.5,0.507142857142857,0.514285714285714,0.521428571428571,
0.528571428571429,0.535714285714286,0.542857142857143,0.55,0.557142857142857,
0.564285714285714,0.571428571428571,0.578571428571429,0.585714285714286,
0.592857142857143,0.6,0.607142857142857,0.614285714285714,0.621428571428571,
0.628571428571429,0.635714285714286,0.642857142857143,0.65,0.657142857142857,
0.664285714285714,0.671428571428571,0.678571428571429,0.685714285714286,
0.692857142857143,0.7,0.707142857142857,0.714285714285714,0.721428571428571,
0.728571428571429,0.735714285714286,0.742857142857143,0.75,0.757142857142857,
0.764285714285714,0.771428571428571,0.778571428571429,0.785714285714286,
0.792857142857143,0.8,0.807142857142857,0.814285714285714,0.821428571428571,
0.828571428571429,0.835714285714286,0.842857142857143,0.85,0.857142857142857,
0.864285714285714,0.871428571428571,0.878571428571429,0.885714285714286,
0.892857142857143,0.9,0.907142857142857,0.914285714285714,0.921428571428571,
0.928571428571429,0.935714285714286,0.942857142857143,0.95,0.957142857142857,
0.964285714285714,0.971428571428571,0.978571428571429,0.985714285714286,
0.992857142857143,1.),.UNSPECIFIED.)
CURVE()
GEOMETRIC_REPRESENTATION_ITEM()
RATIONAL_B_SPLINE_CURVE((1.,0.974927912181824,1.,0.974927912181824,1.,0.974927912181824,
1.,0.974927912181824,1.,0.974927912181824,1.,0.974927912181824,1.,0.974927912181824,
1.,0.974927912181824,1.,0.974927912181824,1.,0.974927912181824,1.,0.974927912181824,
1.,0.974927912181824,1.,0.974927912181824,1.,0.974927912181824,1.,0.974927912181824,
1.,0.974927912181824,1.,0.974927912181824,1.,0.974927912181824,1.,0.974927912181824,
1.,0.974927912181824,1.,0.974927912181824,1.,0.974927912181824,1.,0.974927912181824,
1.,0.974927912181824,1.,0.974927912181824,1.,0.974927912181824,1.,0.974927912181824,
1.,0.974927912181824,1.,0.974927912181824,1.,0.974927912181824,1.,0.974927912181824,
1.,0.974927912181824,1.,0.974927912181824,1.,0.974927912181824,1.,0.974927912181824,
1.,0.974927912181824,1.,0.974927912181824,1.,0.974927912181824,1.,0.974927912181824,
1.,0.974927912181824,1.,0.974927912181824,1.,0.974927912181824,1.,0.974927912181824,
1.,0.974927912181824,1.,0.974927912181824,1.,0.974927912181824,1.,0.974927912181824,
1.,0.974927912181824,1.,0.974927912181824,1.,0.974927912181824,1.,0.974927912181824,
1.,0.974927912181824,1.,0.974927912181824,1.,0.974927912181824,1.,0.974927912181824,
1.,0.974927912181824,1.,0.974927912181824,1.,0.974927912181824,1.,0.974927912181824,
1.,0.974927912181824,1.,0.974927912181824,1.,0.974927912181824,1.,0.974927912181824,
1.,0.974927912181824,1.,0.974927912181824,1.,0.974927912181824,1.,0.974927912181824,
1.,0.974927912181824,1.,0.974927912181824,1.,0.974927912181824,1.,0.974927912181824,
1.,0.974927912181824,1.,0.974927912181824,1.,0.974927912181824,1.,0.974927912181824,
1.,0.974927912181824,1.,0.974927912181824,1.,0.974927912181824,1.,0.974927912181824,
1.,0.974927912181824,1.,0.974927912181824,1.,0.974927912181824,1.,0.974927912181824,
1.,0.974927912181824,1.,0.974927912181824,1.,0.974927912181824,1.,0.974927912181824,
1.,0.974927912181824,1.,0.974927912181824,1.,0.974927912181824,1.,0.974927912181824,
1.,0.974927912181824,1.,0.974927912181824,1.,0.974927912181824,1.,0.974927912181824,
1.,0.974927912181824,1.,0.974927912181824,1.,0.974927912181824,1.,0.974927912181824,
1.,0.974927912181824,1.,0.974927912181824,1.,0.974927912181824,1.,0.974927912181824,
1.,0.974927912181824,1.,0.974927912181824,1.,0.974927912181824,1.,0.974927912181824,
1.,0.974927912181824,1.,0.974927912181824,1.,0.974927912181824,1.,0.974927912181824,
1.,0.974927912181824,1.,0.974927912181824,1.,0.974927912181824,1.,0.974927912181824,
1.,0.974927912181824,1.,0.974927912181824,1.,0.974927912181824,1.,0.974927912181824,
1.,0.974927912181824,1.,0.974927912181824,1.,0.974927912181824,1.,0.974927912181824,
1.,0.974927912181824,1.,0.974927912181824,1.,0.974927912181824,1.,0.974927912181824,
1.,0.974927912181824,1.,0.974927912181824,1.,0.974927912181824,1.,0.974927912181824,
1.,0.974927912181824,1.,0.974927912181824,1.,0.974927912181824,1.,0.974927912181824,
1.,0.974927912181824,1.,0.974927912181824,1.,0.974927912181824,1.,0.974927912181824,
1.,0.974927912181824,1.))
REPRESENTATION_ITEM('')
);
#45=(
BOUNDED_CURVE()
B_SPLINE_CURVE(2,(#8156,#8157,#8158,#8159,#8160,#8161,#8162,#8163,#8164,
#8165,#8166,#8167,#8168,#8169,#8170,#8171,#8172,#8173,#8174,#8175,#8176,
#8177,#8178,#8179,#8180,#8181,#8182,#8183,#8184,#8185,#8186,#8187,#8188,
#8189,#8190,#8191,#8192,#8193,#8194,#8195,#8196,#8197,#8198,#8199,#8200,
#8201,#8202,#8203,#8204,#8205,#8206,#8207,#8208,#8209,#8210,#8211,#8212,
#8213,#8214,#8215,#8216,#8217,#8218,#8219,#8220,#8221,#8222,#8223,#8224,
#8225,#8226,#8227,#8228,#8229,#8230,#8231,#8232,#8233,#8234,#8235,#8236,
#8237,#8238,#8239,#8240,#8241,#8242,#8243,#8244,#8245,#8246,#8247,#8248,
#8249,#8250,#8251,#8252,#8253,#8254,#8255,#8256,#8257,#8258,#8259,#8260,
#8261,#8262,#8263,#8264,#8265,#8266,#8267,#8268,#8269,#8270,#8271,#8272,
#8273,#8274,#8275,#8276,#8277,#8278,#8279,#8280,#8281,#8282,#8283,#8284,
#8285,#8286,#8287,#8288,#8289,#8290,#8291,#8292,#8293,#8294,#8295,#8296,
#8297,#8298,#8299,#8300,#8301,#8302,#8303,#8304,#8305,#8306,#8307,#8308,
#8309,#8310,#8311,#8312,#8313,#8314,#8315,#8316,#8317,#8318,#8319,#8320,
#8321,#8322,#8323,#8324,#8325,#8326,#8327,#8328,#8329,#8330,#8331,#8332,
#8333,#8334,#8335,#8336,#8337,#8338,#8339,#8340,#8341,#8342,#8343,#8344,
#8345,#8346,#8347,#8348,#8349,#8350,#8351,#8352,#8353,#8354,#8355,#8356,
#8357,#8358,#8359,#8360,#8361,#8362,#8363,#8364,#8365,#8366,#8367,#8368,
#8369,#8370,#8371,#8372,#8373,#8374,#8375,#8376,#8377,#8378,#8379,#8380,
#8381,#8382,#8383,#8384,#8385,#8386,#8387,#8388,#8389,#8390,#8391,#8392,
#8393,#8394,#8395,#8396,#8397,#8398,#8399,#8400,#8401,#8402,#8403,#8404,
#8405,#8406,#8407,#8408,#8409,#8410,#8411,#8412,#8413,#8414,#8415,#8416,
#8417,#8418,#8419,#8420,#8421,#8422,#8423,#8424,#8425,#8426,#8427,#8428,
#8429,#8430,#8431,#8432,#8433,#8434,#8435,#8436),.UNSPECIFIED.,.F.,.F.)
B_SPLINE_CURVE_WITH_KNOTS((3,2,2,2,2,2,2,2,2,2,2,2,2,2,2,2,2,2,2,2,2,2,
2,2,2,2,2,2,2,2,2,2,2,2,2,2,2,2,2,2,2,2,2,2,2,2,2,2,2,2,2,2,2,2,2,2,2,2,
2,2,2,2,2,2,2,2,2,2,2,2,2,2,2,2,2,2,2,2,2,2,2,2,2,2,2,2,2,2,2,2,2,2,2,2,
2,2,2,2,2,2,2,2,2,2,2,2,2,2,2,2,2,2,2,2,2,2,2,2,2,2,2,2,2,2,2,2,2,2,2,2,
2,2,2,2,2,2,2,2,2,2,3),(0.,0.00714285714285714,0.0142857142857143,0.0214285714285714,
0.0285714285714286,0.0357142857142857,0.0428571428571429,0.05,0.0571428571428571,
0.0642857142857143,0.0714285714285714,0.0785714285714286,0.0857142857142857,
0.0928571428571429,0.1,0.107142857142857,0.114285714285714,0.121428571428571,
0.128571428571429,0.135714285714286,0.142857142857143,0.15,0.157142857142857,
0.164285714285714,0.171428571428571,0.178571428571429,0.185714285714286,
0.192857142857143,0.2,0.207142857142857,0.214285714285714,0.221428571428571,
0.228571428571429,0.235714285714286,0.242857142857143,0.25,0.257142857142857,
0.264285714285714,0.271428571428571,0.278571428571429,0.285714285714286,
0.292857142857143,0.3,0.307142857142857,0.314285714285714,0.321428571428571,
0.328571428571429,0.335714285714286,0.342857142857143,0.35,0.357142857142857,
0.364285714285714,0.371428571428571,0.378571428571429,0.385714285714286,
0.392857142857143,0.4,0.407142857142857,0.414285714285714,0.421428571428571,
0.428571428571429,0.435714285714286,0.442857142857143,0.45,0.457142857142857,
0.464285714285714,0.471428571428571,0.478571428571429,0.485714285714286,
0.492857142857143,0.5,0.507142857142857,0.514285714285714,0.521428571428571,
0.528571428571429,0.535714285714286,0.542857142857143,0.55,0.557142857142857,
0.564285714285714,0.571428571428571,0.578571428571429,0.585714285714286,
0.592857142857143,0.6,0.607142857142857,0.614285714285714,0.621428571428571,
0.628571428571429,0.635714285714286,0.642857142857143,0.65,0.657142857142857,
0.664285714285714,0.671428571428571,0.678571428571429,0.685714285714286,
0.692857142857143,0.7,0.707142857142857,0.714285714285714,0.721428571428571,
0.728571428571429,0.735714285714286,0.742857142857143,0.75,0.757142857142857,
0.764285714285714,0.771428571428571,0.778571428571429,0.785714285714286,
0.792857142857143,0.8,0.807142857142857,0.814285714285714,0.821428571428571,
0.828571428571429,0.835714285714286,0.842857142857143,0.85,0.857142857142857,
0.864285714285714,0.871428571428571,0.878571428571429,0.885714285714286,
0.892857142857143,0.9,0.907142857142857,0.914285714285714,0.921428571428571,
0.928571428571429,0.935714285714286,0.942857142857143,0.95,0.957142857142857,
0.964285714285714,0.971428571428571,0.978571428571429,0.985714285714286,
0.992857142857143,1.),.UNSPECIFIED.)
CURVE()
GEOMETRIC_REPRESENTATION_ITEM()
RATIONAL_B_SPLINE_CURVE((1.,0.974927912181824,1.,0.974927912181824,1.,0.974927912181824,
1.,0.974927912181824,1.,0.974927912181824,1.,0.974927912181824,1.,0.974927912181824,
1.,0.974927912181824,1.,0.974927912181824,1.,0.974927912181824,1.,0.974927912181824,
1.,0.974927912181824,1.,0.974927912181824,1.,0.974927912181824,1.,0.974927912181824,
1.,0.974927912181824,1.,0.974927912181824,1.,0.974927912181824,1.,0.974927912181824,
1.,0.974927912181824,1.,0.974927912181824,1.,0.974927912181824,1.,0.974927912181824,
1.,0.974927912181824,1.,0.974927912181824,1.,0.974927912181824,1.,0.974927912181824,
1.,0.974927912181824,1.,0.974927912181824,1.,0.974927912181824,1.,0.974927912181824,
1.,0.974927912181824,1.,0.974927912181824,1.,0.974927912181824,1.,0.974927912181824,
1.,0.974927912181824,1.,0.974927912181824,1.,0.974927912181824,1.,0.974927912181824,
1.,0.974927912181824,1.,0.974927912181824,1.,0.974927912181824,1.,0.974927912181824,
1.,0.974927912181824,1.,0.974927912181824,1.,0.974927912181824,1.,0.974927912181824,
1.,0.974927912181824,1.,0.974927912181824,1.,0.974927912181824,1.,0.974927912181824,
1.,0.974927912181824,1.,0.974927912181824,1.,0.974927912181824,1.,0.974927912181824,
1.,0.974927912181824,1.,0.974927912181824,1.,0.974927912181824,1.,0.974927912181824,
1.,0.974927912181824,1.,0.974927912181824,1.,0.974927912181824,1.,0.974927912181824,
1.,0.974927912181824,1.,0.974927912181824,1.,0.974927912181824,1.,0.974927912181824,
1.,0.974927912181824,1.,0.974927912181824,1.,0.974927912181824,1.,0.974927912181824,
1.,0.974927912181824,1.,0.974927912181824,1.,0.974927912181824,1.,0.974927912181824,
1.,0.974927912181824,1.,0.974927912181824,1.,0.974927912181824,1.,0.974927912181824,
1.,0.974927912181824,1.,0.974927912181824,1.,0.974927912181824,1.,0.974927912181824,
1.,0.974927912181824,1.,0.974927912181824,1.,0.974927912181824,1.,0.974927912181824,
1.,0.974927912181824,1.,0.974927912181824,1.,0.974927912181824,1.,0.974927912181824,
1.,0.974927912181824,1.,0.974927912181824,1.,0.974927912181824,1.,0.974927912181824,
1.,0.974927912181824,1.,0.974927912181824,1.,0.974927912181824,1.,0.974927912181824,
1.,0.974927912181824,1.,0.974927912181824,1.,0.974927912181824,1.,0.974927912181824,
1.,0.974927912181824,1.,0.974927912181824,1.,0.974927912181824,1.,0.974927912181824,
1.,0.974927912181824,1.,0.974927912181824,1.,0.974927912181824,1.,0.974927912181824,
1.,0.974927912181824,1.,0.974927912181824,1.,0.974927912181824,1.,0.974927912181824,
1.,0.974927912181824,1.,0.974927912181824,1.,0.974927912181824,1.,0.974927912181824,
1.,0.974927912181824,1.,0.974927912181824,1.,0.974927912181824,1.,0.974927912181824,
1.,0.974927912181824,1.,0.974927912181824,1.,0.974927912181824,1.,0.974927912181824,
1.,0.974927912181824,1.,0.974927912181824,1.,0.974927912181824,1.,0.974927912181824,
1.,0.974927912181824,1.,0.974927912181824,1.,0.974927912181824,1.,0.974927912181824,
1.,0.974927912181824,1.,0.974927912181824,1.,0.974927912181824,1.,0.974927912181824,
1.,0.974927912181824,1.))
REPRESENTATION_ITEM('')
);
#46=(
BOUNDED_CURVE()
B_SPLINE_CURVE(2,(#9161,#9162,#9163,#9164,#9165,#9166,#9167,#9168,#9169,
#9170,#9171,#9172,#9173,#9174,#9175,#9176,#9177,#9178,#9179,#9180,#9181,
#9182,#9183,#9184,#9185,#9186,#9187,#9188,#9189,#9190,#9191,#9192,#9193,
#9194,#9195,#9196,#9197,#9198,#9199,#9200,#9201,#9202,#9203,#9204,#9205,
#9206,#9207,#9208,#9209,#9210,#9211,#9212,#9213,#9214,#9215,#9216,#9217,
#9218,#9219,#9220,#9221,#9222,#9223,#9224,#9225,#9226,#9227,#9228,#9229,
#9230,#9231,#9232,#9233,#9234,#9235,#9236,#9237,#9238,#9239,#9240,#9241,
#9242,#9243,#9244,#9245,#9246,#9247,#9248,#9249,#9250,#9251,#9252,#9253,
#9254,#9255,#9256,#9257,#9258,#9259,#9260,#9261,#9262,#9263,#9264,#9265,
#9266,#9267,#9268,#9269,#9270,#9271,#9272,#9273,#9274,#9275,#9276,#9277,
#9278,#9279,#9280,#9281,#9282,#9283,#9284,#9285,#9286,#9287,#9288,#9289,
#9290,#9291,#9292,#9293,#9294,#9295,#9296,#9297,#9298,#9299,#9300,#9301,
#9302,#9303,#9304,#9305,#9306,#9307,#9308,#9309,#9310,#9311,#9312,#9313,
#9314,#9315,#9316,#9317,#9318,#9319,#9320,#9321,#9322,#9323,#9324,#9325,
#9326,#9327,#9328,#9329,#9330,#9331,#9332,#9333,#9334,#9335,#9336,#9337,
#9338,#9339,#9340,#9341,#9342,#9343,#9344,#9345,#9346,#9347,#9348,#9349,
#9350,#9351,#9352,#9353,#9354,#9355,#9356,#9357,#9358,#9359,#9360,#9361,
#9362,#9363,#9364,#9365,#9366,#9367,#9368,#9369,#9370,#9371,#9372,#9373,
#9374,#9375,#9376,#9377,#9378,#9379,#9380,#9381,#9382,#9383,#9384,#9385,
#9386,#9387,#9388,#9389,#9390,#9391,#9392,#9393,#9394,#9395,#9396,#9397,
#9398,#9399,#9400,#9401,#9402,#9403,#9404,#9405,#9406,#9407,#9408,#9409,
#9410,#9411,#9412,#9413,#9414,#9415,#9416,#9417,#9418,#9419,#9420,#9421,
#9422,#9423,#9424,#9425,#9426,#9427,#9428,#9429,#9430,#9431,#9432,#9433,
#9434,#9435,#9436,#9437,#9438,#9439,#9440,#9441),.UNSPECIFIED.,.F.,.F.)
B_SPLINE_CURVE_WITH_KNOTS((3,2,2,2,2,2,2,2,2,2,2,2,2,2,2,2,2,2,2,2,2,2,
2,2,2,2,2,2,2,2,2,2,2,2,2,2,2,2,2,2,2,2,2,2,2,2,2,2,2,2,2,2,2,2,2,2,2,2,
2,2,2,2,2,2,2,2,2,2,2,2,2,2,2,2,2,2,2,2,2,2,2,2,2,2,2,2,2,2,2,2,2,2,2,2,
2,2,2,2,2,2,2,2,2,2,2,2,2,2,2,2,2,2,2,2,2,2,2,2,2,2,2,2,2,2,2,2,2,2,2,2,
2,2,2,2,2,2,2,2,2,2,3),(0.,0.00714285714285714,0.0142857142857143,0.0214285714285714,
0.0285714285714286,0.0357142857142857,0.0428571428571429,0.05,0.0571428571428571,
0.0642857142857143,0.0714285714285714,0.0785714285714286,0.0857142857142857,
0.0928571428571429,0.1,0.107142857142857,0.114285714285714,0.121428571428571,
0.128571428571429,0.135714285714286,0.142857142857143,0.15,0.157142857142857,
0.164285714285714,0.171428571428571,0.178571428571429,0.185714285714286,
0.192857142857143,0.2,0.207142857142857,0.214285714285714,0.221428571428571,
0.228571428571429,0.235714285714286,0.242857142857143,0.25,0.257142857142857,
0.264285714285714,0.271428571428571,0.278571428571429,0.285714285714286,
0.292857142857143,0.3,0.307142857142857,0.314285714285714,0.321428571428571,
0.328571428571429,0.335714285714286,0.342857142857143,0.35,0.357142857142857,
0.364285714285714,0.371428571428571,0.378571428571429,0.385714285714286,
0.392857142857143,0.4,0.407142857142857,0.414285714285714,0.421428571428571,
0.428571428571429,0.435714285714286,0.442857142857143,0.45,0.457142857142857,
0.464285714285714,0.471428571428571,0.478571428571429,0.485714285714286,
0.492857142857143,0.5,0.507142857142857,0.514285714285714,0.521428571428571,
0.528571428571429,0.535714285714286,0.542857142857143,0.55,0.557142857142857,
0.564285714285714,0.571428571428571,0.578571428571429,0.585714285714286,
0.592857142857143,0.6,0.607142857142857,0.614285714285714,0.621428571428571,
0.628571428571429,0.635714285714286,0.642857142857143,0.65,0.657142857142857,
0.664285714285714,0.671428571428571,0.678571428571429,0.685714285714286,
0.692857142857143,0.7,0.707142857142857,0.714285714285714,0.721428571428571,
0.728571428571429,0.735714285714286,0.742857142857143,0.75,0.757142857142857,
0.764285714285714,0.771428571428571,0.778571428571429,0.785714285714286,
0.792857142857143,0.8,0.807142857142857,0.814285714285714,0.821428571428571,
0.828571428571429,0.835714285714286,0.842857142857143,0.85,0.857142857142857,
0.864285714285714,0.871428571428571,0.878571428571429,0.885714285714286,
0.892857142857143,0.9,0.907142857142857,0.914285714285714,0.921428571428571,
0.928571428571429,0.935714285714286,0.942857142857143,0.95,0.957142857142857,
0.964285714285714,0.971428571428571,0.978571428571429,0.985714285714286,
0.992857142857143,1.),.UNSPECIFIED.)
CURVE()
GEOMETRIC_REPRESENTATION_ITEM()
RATIONAL_B_SPLINE_CURVE((1.,0.974927912181824,1.,0.974927912181824,1.,0.974927912181824,
1.,0.974927912181824,1.,0.974927912181824,1.,0.974927912181824,1.,0.974927912181824,
1.,0.974927912181824,1.,0.974927912181824,1.,0.974927912181824,1.,0.974927912181824,
1.,0.974927912181824,1.,0.974927912181824,1.,0.974927912181824,1.,0.974927912181824,
1.,0.974927912181824,1.,0.974927912181824,1.,0.974927912181824,1.,0.974927912181824,
1.,0.974927912181824,1.,0.974927912181824,1.,0.974927912181824,1.,0.974927912181824,
1.,0.974927912181824,1.,0.974927912181824,1.,0.974927912181824,1.,0.974927912181824,
1.,0.974927912181824,1.,0.974927912181824,1.,0.974927912181824,1.,0.974927912181824,
1.,0.974927912181824,1.,0.974927912181824,1.,0.974927912181824,1.,0.974927912181824,
1.,0.974927912181824,1.,0.974927912181824,1.,0.974927912181824,1.,0.974927912181824,
1.,0.974927912181824,1.,0.974927912181824,1.,0.974927912181824,1.,0.974927912181824,
1.,0.974927912181824,1.,0.974927912181824,1.,0.974927912181824,1.,0.974927912181824,
1.,0.974927912181824,1.,0.974927912181824,1.,0.974927912181824,1.,0.974927912181824,
1.,0.974927912181824,1.,0.974927912181824,1.,0.974927912181824,1.,0.974927912181824,
1.,0.974927912181824,1.,0.974927912181824,1.,0.974927912181824,1.,0.974927912181824,
1.,0.974927912181824,1.,0.974927912181824,1.,0.974927912181824,1.,0.974927912181824,
1.,0.974927912181824,1.,0.974927912181824,1.,0.974927912181824,1.,0.974927912181824,
1.,0.974927912181824,1.,0.974927912181824,1.,0.974927912181824,1.,0.974927912181824,
1.,0.974927912181824,1.,0.974927912181824,1.,0.974927912181824,1.,0.974927912181824,
1.,0.974927912181824,1.,0.974927912181824,1.,0.974927912181824,1.,0.974927912181824,
1.,0.974927912181824,1.,0.974927912181824,1.,0.974927912181824,1.,0.974927912181824,
1.,0.974927912181824,1.,0.974927912181824,1.,0.974927912181824,1.,0.974927912181824,
1.,0.974927912181824,1.,0.974927912181824,1.,0.974927912181824,1.,0.974927912181824,
1.,0.974927912181824,1.,0.974927912181824,1.,0.974927912181824,1.,0.974927912181824,
1.,0.974927912181824,1.,0.974927912181824,1.,0.974927912181824,1.,0.974927912181824,
1.,0.974927912181824,1.,0.974927912181824,1.,0.974927912181824,1.,0.974927912181824,
1.,0.974927912181824,1.,0.974927912181824,1.,0.974927912181824,1.,0.974927912181824,
1.,0.974927912181824,1.,0.974927912181824,1.,0.974927912181824,1.,0.974927912181824,
1.,0.974927912181824,1.,0.974927912181824,1.,0.974927912181824,1.,0.974927912181824,
1.,0.974927912181824,1.,0.974927912181824,1.,0.974927912181824,1.,0.974927912181824,
1.,0.974927912181824,1.,0.974927912181824,1.,0.974927912181824,1.,0.974927912181824,
1.,0.974927912181824,1.,0.974927912181824,1.,0.974927912181824,1.,0.974927912181824,
1.,0.974927912181824,1.,0.974927912181824,1.,0.974927912181824,1.,0.974927912181824,
1.,0.974927912181824,1.,0.974927912181824,1.,0.974927912181824,1.,0.974927912181824,
1.,0.974927912181824,1.,0.974927912181824,1.,0.974927912181824,1.,0.974927912181824,
1.,0.974927912181824,1.))
REPRESENTATION_ITEM('')
);
#47=(
BOUNDED_CURVE()
B_SPLINE_CURVE(2,(#9443,#9444,#9445,#9446,#9447,#9448,#9449,#9450,#9451,
#9452,#9453,#9454,#9455,#9456,#9457,#9458,#9459,#9460,#9461,#9462,#9463,
#9464,#9465,#9466,#9467,#9468,#9469,#9470,#9471,#9472,#9473,#9474,#9475,
#9476,#9477,#9478,#9479,#9480,#9481,#9482,#9483,#9484,#9485,#9486,#9487,
#9488,#9489,#9490,#9491,#9492,#9493,#9494,#9495,#9496,#9497,#9498,#9499,
#9500,#9501,#9502,#9503,#9504,#9505,#9506,#9507,#9508,#9509,#9510,#9511,
#9512,#9513,#9514,#9515,#9516,#9517,#9518,#9519,#9520,#9521,#9522,#9523,
#9524,#9525,#9526,#9527,#9528,#9529,#9530,#9531,#9532,#9533,#9534,#9535,
#9536,#9537,#9538,#9539,#9540,#9541,#9542,#9543,#9544,#9545,#9546,#9547,
#9548,#9549,#9550,#9551,#9552,#9553,#9554,#9555,#9556,#9557,#9558,#9559,
#9560,#9561,#9562,#9563,#9564,#9565,#9566,#9567,#9568,#9569,#9570,#9571,
#9572,#9573,#9574,#9575,#9576,#9577,#9578,#9579,#9580,#9581,#9582,#9583,
#9584,#9585,#9586,#9587,#9588,#9589,#9590,#9591,#9592,#9593,#9594,#9595,
#9596,#9597,#9598,#9599,#9600,#9601,#9602,#9603,#9604,#9605,#9606,#9607,
#9608,#9609,#9610,#9611,#9612,#9613,#9614,#9615,#9616,#9617,#9618,#9619,
#9620,#9621,#9622,#9623,#9624,#9625,#9626,#9627,#9628,#9629,#9630,#9631,
#9632,#9633,#9634,#9635,#9636,#9637,#9638,#9639,#9640,#9641,#9642,#9643,
#9644,#9645,#9646,#9647,#9648,#9649,#9650,#9651,#9652,#9653,#9654,#9655,
#9656,#9657,#9658,#9659,#9660,#9661,#9662,#9663,#9664,#9665,#9666,#9667,
#9668,#9669,#9670,#9671,#9672,#9673,#9674,#9675,#9676,#9677,#9678,#9679,
#9680,#9681,#9682,#9683,#9684,#9685,#9686,#9687,#9688,#9689,#9690,#9691,
#9692,#9693,#9694,#9695,#9696,#9697,#9698,#9699,#9700,#9701,#9702,#9703,
#9704,#9705,#9706,#9707,#9708,#9709,#9710,#9711,#9712,#9713,#9714,#9715,
#9716,#9717,#9718,#9719,#9720,#9721,#9722,#9723),.UNSPECIFIED.,.F.,.F.)
B_SPLINE_CURVE_WITH_KNOTS((3,2,2,2,2,2,2,2,2,2,2,2,2,2,2,2,2,2,2,2,2,2,
2,2,2,2,2,2,2,2,2,2,2,2,2,2,2,2,2,2,2,2,2,2,2,2,2,2,2,2,2,2,2,2,2,2,2,2,
2,2,2,2,2,2,2,2,2,2,2,2,2,2,2,2,2,2,2,2,2,2,2,2,2,2,2,2,2,2,2,2,2,2,2,2,
2,2,2,2,2,2,2,2,2,2,2,2,2,2,2,2,2,2,2,2,2,2,2,2,2,2,2,2,2,2,2,2,2,2,2,2,
2,2,2,2,2,2,2,2,2,2,3),(0.,0.00714285714285714,0.0142857142857143,0.0214285714285714,
0.0285714285714286,0.0357142857142857,0.0428571428571429,0.05,0.0571428571428571,
0.0642857142857143,0.0714285714285714,0.0785714285714286,0.0857142857142857,
0.0928571428571429,0.1,0.107142857142857,0.114285714285714,0.121428571428571,
0.128571428571429,0.135714285714286,0.142857142857143,0.15,0.157142857142857,
0.164285714285714,0.171428571428571,0.178571428571429,0.185714285714286,
0.192857142857143,0.2,0.207142857142857,0.214285714285714,0.221428571428571,
0.228571428571429,0.235714285714286,0.242857142857143,0.25,0.257142857142857,
0.264285714285714,0.271428571428571,0.278571428571429,0.285714285714286,
0.292857142857143,0.3,0.307142857142857,0.314285714285714,0.321428571428571,
0.328571428571429,0.335714285714286,0.342857142857143,0.35,0.357142857142857,
0.364285714285714,0.371428571428571,0.378571428571429,0.385714285714286,
0.392857142857143,0.4,0.407142857142857,0.414285714285714,0.421428571428571,
0.428571428571429,0.435714285714286,0.442857142857143,0.45,0.457142857142857,
0.464285714285714,0.471428571428571,0.478571428571429,0.485714285714286,
0.492857142857143,0.5,0.507142857142857,0.514285714285714,0.521428571428571,
0.528571428571429,0.535714285714286,0.542857142857143,0.55,0.557142857142857,
0.564285714285714,0.571428571428571,0.578571428571429,0.585714285714286,
0.592857142857143,0.6,0.607142857142857,0.614285714285714,0.621428571428571,
0.628571428571429,0.635714285714286,0.642857142857143,0.65,0.657142857142857,
0.664285714285714,0.671428571428571,0.678571428571429,0.685714285714286,
0.692857142857143,0.7,0.707142857142857,0.714285714285714,0.721428571428571,
0.728571428571429,0.735714285714286,0.742857142857143,0.75,0.757142857142857,
0.764285714285714,0.771428571428571,0.778571428571429,0.785714285714286,
0.792857142857143,0.8,0.807142857142857,0.814285714285714,0.821428571428571,
0.828571428571429,0.835714285714286,0.842857142857143,0.85,0.857142857142857,
0.864285714285714,0.871428571428571,0.878571428571429,0.885714285714286,
0.892857142857143,0.9,0.907142857142857,0.914285714285714,0.921428571428571,
0.928571428571429,0.935714285714286,0.942857142857143,0.95,0.957142857142857,
0.964285714285714,0.971428571428571,0.978571428571429,0.985714285714286,
0.992857142857143,1.),.UNSPECIFIED.)
CURVE()
GEOMETRIC_REPRESENTATION_ITEM()
RATIONAL_B_SPLINE_CURVE((1.,0.974927912181824,1.,0.974927912181824,1.,0.974927912181824,
1.,0.974927912181824,1.,0.974927912181824,1.,0.974927912181824,1.,0.974927912181824,
1.,0.974927912181824,1.,0.974927912181824,1.,0.974927912181824,1.,0.974927912181824,
1.,0.974927912181824,1.,0.974927912181824,1.,0.974927912181824,1.,0.974927912181824,
1.,0.974927912181824,1.,0.974927912181824,1.,0.974927912181824,1.,0.974927912181824,
1.,0.974927912181824,1.,0.974927912181824,1.,0.974927912181824,1.,0.974927912181824,
1.,0.974927912181824,1.,0.974927912181824,1.,0.974927912181824,1.,0.974927912181824,
1.,0.974927912181824,1.,0.974927912181824,1.,0.974927912181824,1.,0.974927912181824,
1.,0.974927912181824,1.,0.974927912181824,1.,0.974927912181824,1.,0.974927912181824,
1.,0.974927912181824,1.,0.974927912181824,1.,0.974927912181824,1.,0.974927912181824,
1.,0.974927912181824,1.,0.974927912181824,1.,0.974927912181824,1.,0.974927912181824,
1.,0.974927912181824,1.,0.974927912181824,1.,0.974927912181824,1.,0.974927912181824,
1.,0.974927912181824,1.,0.974927912181824,1.,0.974927912181824,1.,0.974927912181824,
1.,0.974927912181824,1.,0.974927912181824,1.,0.974927912181824,1.,0.974927912181824,
1.,0.974927912181824,1.,0.974927912181824,1.,0.974927912181824,1.,0.974927912181824,
1.,0.974927912181824,1.,0.974927912181824,1.,0.974927912181824,1.,0.974927912181824,
1.,0.974927912181824,1.,0.974927912181824,1.,0.974927912181824,1.,0.974927912181824,
1.,0.974927912181824,1.,0.974927912181824,1.,0.974927912181824,1.,0.974927912181824,
1.,0.974927912181824,1.,0.974927912181824,1.,0.974927912181824,1.,0.974927912181824,
1.,0.974927912181824,1.,0.974927912181824,1.,0.974927912181824,1.,0.974927912181824,
1.,0.974927912181824,1.,0.974927912181824,1.,0.974927912181824,1.,0.974927912181824,
1.,0.974927912181824,1.,0.974927912181824,1.,0.974927912181824,1.,0.974927912181824,
1.,0.974927912181824,1.,0.974927912181824,1.,0.974927912181824,1.,0.974927912181824,
1.,0.974927912181824,1.,0.974927912181824,1.,0.974927912181824,1.,0.974927912181824,
1.,0.974927912181824,1.,0.974927912181824,1.,0.974927912181824,1.,0.974927912181824,
1.,0.974927912181824,1.,0.974927912181824,1.,0.974927912181824,1.,0.974927912181824,
1.,0.974927912181824,1.,0.974927912181824,1.,0.974927912181824,1.,0.974927912181824,
1.,0.974927912181824,1.,0.974927912181824,1.,0.974927912181824,1.,0.974927912181824,
1.,0.974927912181824,1.,0.974927912181824,1.,0.974927912181824,1.,0.974927912181824,
1.,0.974927912181824,1.,0.974927912181824,1.,0.974927912181824,1.,0.974927912181824,
1.,0.974927912181824,1.,0.974927912181824,1.,0.974927912181824,1.,0.974927912181824,
1.,0.974927912181824,1.,0.974927912181824,1.,0.974927912181824,1.,0.974927912181824,
1.,0.974927912181824,1.,0.974927912181824,1.,0.974927912181824,1.,0.974927912181824,
1.,0.974927912181824,1.,0.974927912181824,1.,0.974927912181824,1.,0.974927912181824,
1.,0.974927912181824,1.,0.974927912181824,1.,0.974927912181824,1.,0.974927912181824,
1.,0.974927912181824,1.))
REPRESENTATION_ITEM('')
);
#48=(
BOUNDED_CURVE()
B_SPLINE_CURVE(2,(#10448,#10449,#10450,#10451,#10452,#10453,#10454,#10455,
#10456,#10457,#10458,#10459,#10460,#10461,#10462,#10463,#10464,#10465,#10466,
#10467,#10468,#10469,#10470,#10471,#10472,#10473,#10474,#10475,#10476,#10477,
#10478,#10479,#10480,#10481,#10482,#10483,#10484,#10485,#10486,#10487,#10488,
#10489,#10490,#10491,#10492,#10493,#10494,#10495,#10496,#10497,#10498,#10499,
#10500,#10501,#10502,#10503,#10504,#10505,#10506,#10507,#10508,#10509,#10510,
#10511,#10512,#10513,#10514,#10515,#10516,#10517,#10518,#10519,#10520,#10521,
#10522,#10523,#10524,#10525,#10526,#10527,#10528,#10529,#10530,#10531,#10532,
#10533,#10534,#10535,#10536,#10537,#10538,#10539,#10540,#10541,#10542,#10543,
#10544,#10545,#10546,#10547,#10548,#10549,#10550,#10551,#10552,#10553,#10554,
#10555,#10556,#10557,#10558,#10559,#10560,#10561,#10562,#10563,#10564,#10565,
#10566,#10567,#10568,#10569,#10570,#10571,#10572,#10573,#10574,#10575,#10576,
#10577,#10578,#10579,#10580,#10581,#10582,#10583,#10584,#10585,#10586,#10587,
#10588,#10589,#10590,#10591,#10592,#10593,#10594,#10595,#10596,#10597,#10598,
#10599,#10600,#10601,#10602,#10603,#10604,#10605,#10606,#10607,#10608,#10609,
#10610,#10611,#10612,#10613,#10614,#10615,#10616,#10617,#10618,#10619,#10620,
#10621,#10622,#10623,#10624,#10625,#10626,#10627,#10628,#10629,#10630,#10631,
#10632,#10633,#10634,#10635,#10636,#10637,#10638,#10639,#10640,#10641,#10642,
#10643,#10644,#10645,#10646,#10647,#10648,#10649,#10650,#10651,#10652,#10653,
#10654,#10655,#10656,#10657,#10658,#10659,#10660,#10661,#10662,#10663,#10664,
#10665,#10666,#10667,#10668,#10669,#10670,#10671,#10672,#10673,#10674,#10675,
#10676,#10677,#10678,#10679,#10680,#10681,#10682,#10683,#10684,#10685,#10686,
#10687,#10688,#10689,#10690,#10691,#10692,#10693,#10694,#10695,#10696,#10697,
#10698,#10699,#10700,#10701,#10702,#10703,#10704,#10705,#10706,#10707,#10708,
#10709,#10710,#10711,#10712,#10713,#10714,#10715,#10716,#10717,#10718,#10719,
#10720,#10721,#10722,#10723,#10724,#10725,#10726,#10727,#10728),
 .UNSPECIFIED.,.F.,.F.)
B_SPLINE_CURVE_WITH_KNOTS((3,2,2,2,2,2,2,2,2,2,2,2,2,2,2,2,2,2,2,2,2,2,
2,2,2,2,2,2,2,2,2,2,2,2,2,2,2,2,2,2,2,2,2,2,2,2,2,2,2,2,2,2,2,2,2,2,2,2,
2,2,2,2,2,2,2,2,2,2,2,2,2,2,2,2,2,2,2,2,2,2,2,2,2,2,2,2,2,2,2,2,2,2,2,2,
2,2,2,2,2,2,2,2,2,2,2,2,2,2,2,2,2,2,2,2,2,2,2,2,2,2,2,2,2,2,2,2,2,2,2,2,
2,2,2,2,2,2,2,2,2,2,3),(0.,0.00714285714285714,0.0142857142857143,0.0214285714285714,
0.0285714285714286,0.0357142857142857,0.0428571428571429,0.05,0.0571428571428571,
0.0642857142857143,0.0714285714285714,0.0785714285714286,0.0857142857142857,
0.0928571428571429,0.1,0.107142857142857,0.114285714285714,0.121428571428571,
0.128571428571429,0.135714285714286,0.142857142857143,0.15,0.157142857142857,
0.164285714285714,0.171428571428571,0.178571428571429,0.185714285714286,
0.192857142857143,0.2,0.207142857142857,0.214285714285714,0.221428571428571,
0.228571428571429,0.235714285714286,0.242857142857143,0.25,0.257142857142857,
0.264285714285714,0.271428571428571,0.278571428571429,0.285714285714286,
0.292857142857143,0.3,0.307142857142857,0.314285714285714,0.321428571428571,
0.328571428571429,0.335714285714286,0.342857142857143,0.35,0.357142857142857,
0.364285714285714,0.371428571428571,0.378571428571429,0.385714285714286,
0.392857142857143,0.4,0.407142857142857,0.414285714285714,0.421428571428571,
0.428571428571429,0.435714285714286,0.442857142857143,0.45,0.457142857142857,
0.464285714285714,0.471428571428571,0.478571428571429,0.485714285714286,
0.492857142857143,0.5,0.507142857142857,0.514285714285714,0.521428571428571,
0.528571428571429,0.535714285714286,0.542857142857143,0.55,0.557142857142857,
0.564285714285714,0.571428571428571,0.578571428571429,0.585714285714286,
0.592857142857143,0.6,0.607142857142857,0.614285714285714,0.621428571428571,
0.628571428571429,0.635714285714286,0.642857142857143,0.65,0.657142857142857,
0.664285714285714,0.671428571428571,0.678571428571429,0.685714285714286,
0.692857142857143,0.7,0.707142857142857,0.714285714285714,0.721428571428571,
0.728571428571429,0.735714285714286,0.742857142857143,0.75,0.757142857142857,
0.764285714285714,0.771428571428571,0.778571428571429,0.785714285714286,
0.792857142857143,0.8,0.807142857142857,0.814285714285714,0.821428571428571,
0.828571428571429,0.835714285714286,0.842857142857143,0.85,0.857142857142857,
0.864285714285714,0.871428571428571,0.878571428571429,0.885714285714286,
0.892857142857143,0.9,0.907142857142857,0.914285714285714,0.921428571428571,
0.928571428571429,0.935714285714286,0.942857142857143,0.95,0.957142857142857,
0.964285714285714,0.971428571428571,0.978571428571429,0.985714285714286,
0.992857142857143,1.),.UNSPECIFIED.)
CURVE()
GEOMETRIC_REPRESENTATION_ITEM()
RATIONAL_B_SPLINE_CURVE((1.,0.974927912181824,1.,0.974927912181824,1.,0.974927912181824,
1.,0.974927912181824,1.,0.974927912181824,1.,0.974927912181824,1.,0.974927912181824,
1.,0.974927912181824,1.,0.974927912181824,1.,0.974927912181824,1.,0.974927912181824,
1.,0.974927912181824,1.,0.974927912181824,1.,0.974927912181824,1.,0.974927912181824,
1.,0.974927912181824,1.,0.974927912181824,1.,0.974927912181824,1.,0.974927912181824,
1.,0.974927912181824,1.,0.974927912181824,1.,0.974927912181824,1.,0.974927912181824,
1.,0.974927912181824,1.,0.974927912181824,1.,0.974927912181824,1.,0.974927912181824,
1.,0.974927912181824,1.,0.974927912181824,1.,0.974927912181824,1.,0.974927912181824,
1.,0.974927912181824,1.,0.974927912181824,1.,0.974927912181824,1.,0.974927912181824,
1.,0.974927912181824,1.,0.974927912181824,1.,0.974927912181824,1.,0.974927912181824,
1.,0.974927912181824,1.,0.974927912181824,1.,0.974927912181824,1.,0.974927912181824,
1.,0.974927912181824,1.,0.974927912181824,1.,0.974927912181824,1.,0.974927912181824,
1.,0.974927912181824,1.,0.974927912181824,1.,0.974927912181824,1.,0.974927912181824,
1.,0.974927912181824,1.,0.974927912181824,1.,0.974927912181824,1.,0.974927912181824,
1.,0.974927912181824,1.,0.974927912181824,1.,0.974927912181824,1.,0.974927912181824,
1.,0.974927912181824,1.,0.974927912181824,1.,0.974927912181824,1.,0.974927912181824,
1.,0.974927912181824,1.,0.974927912181824,1.,0.974927912181824,1.,0.974927912181824,
1.,0.974927912181824,1.,0.974927912181824,1.,0.974927912181824,1.,0.974927912181824,
1.,0.974927912181824,1.,0.974927912181824,1.,0.974927912181824,1.,0.974927912181824,
1.,0.974927912181824,1.,0.974927912181824,1.,0.974927912181824,1.,0.974927912181824,
1.,0.974927912181824,1.,0.974927912181824,1.,0.974927912181824,1.,0.974927912181824,
1.,0.974927912181824,1.,0.974927912181824,1.,0.974927912181824,1.,0.974927912181824,
1.,0.974927912181824,1.,0.974927912181824,1.,0.974927912181824,1.,0.974927912181824,
1.,0.974927912181824,1.,0.974927912181824,1.,0.974927912181824,1.,0.974927912181824,
1.,0.974927912181824,1.,0.974927912181824,1.,0.974927912181824,1.,0.974927912181824,
1.,0.974927912181824,1.,0.974927912181824,1.,0.974927912181824,1.,0.974927912181824,
1.,0.974927912181824,1.,0.974927912181824,1.,0.974927912181824,1.,0.974927912181824,
1.,0.974927912181824,1.,0.974927912181824,1.,0.974927912181824,1.,0.974927912181824,
1.,0.974927912181824,1.,0.974927912181824,1.,0.974927912181824,1.,0.974927912181824,
1.,0.974927912181824,1.,0.974927912181824,1.,0.974927912181824,1.,0.974927912181824,
1.,0.974927912181824,1.,0.974927912181824,1.,0.974927912181824,1.,0.974927912181824,
1.,0.974927912181824,1.,0.974927912181824,1.,0.974927912181824,1.,0.974927912181824,
1.,0.974927912181824,1.,0.974927912181824,1.,0.974927912181824,1.,0.974927912181824,
1.,0.974927912181824,1.,0.974927912181824,1.,0.974927912181824,1.,0.974927912181824,
1.,0.974927912181824,1.,0.974927912181824,1.,0.974927912181824,1.,0.974927912181824,
1.,0.974927912181824,1.))
REPRESENTATION_ITEM('')
);
#49=(
BOUNDED_CURVE()
B_SPLINE_CURVE(2,(#10730,#10731,#10732,#10733,#10734,#10735,#10736,#10737,
#10738,#10739,#10740,#10741,#10742,#10743,#10744,#10745,#10746,#10747,#10748,
#10749,#10750,#10751,#10752,#10753,#10754,#10755,#10756,#10757,#10758,#10759,
#10760,#10761,#10762,#10763,#10764,#10765,#10766,#10767,#10768,#10769,#10770,
#10771,#10772,#10773,#10774,#10775,#10776,#10777,#10778,#10779,#10780,#10781,
#10782,#10783,#10784,#10785,#10786,#10787,#10788,#10789,#10790,#10791,#10792,
#10793,#10794,#10795,#10796,#10797,#10798,#10799,#10800,#10801,#10802,#10803,
#10804,#10805,#10806,#10807,#10808,#10809,#10810,#10811,#10812,#10813,#10814,
#10815,#10816,#10817,#10818,#10819,#10820,#10821,#10822,#10823,#10824,#10825,
#10826,#10827,#10828,#10829,#10830,#10831,#10832,#10833,#10834,#10835,#10836,
#10837,#10838,#10839,#10840,#10841,#10842,#10843,#10844,#10845,#10846,#10847,
#10848,#10849,#10850,#10851,#10852,#10853,#10854,#10855,#10856,#10857,#10858,
#10859,#10860,#10861,#10862,#10863,#10864,#10865,#10866,#10867,#10868,#10869,
#10870,#10871,#10872,#10873,#10874,#10875,#10876,#10877,#10878,#10879,#10880,
#10881,#10882,#10883,#10884,#10885,#10886,#10887,#10888,#10889,#10890,#10891,
#10892,#10893,#10894,#10895,#10896,#10897,#10898,#10899,#10900,#10901,#10902,
#10903,#10904,#10905,#10906,#10907,#10908,#10909,#10910,#10911,#10912,#10913,
#10914,#10915,#10916,#10917,#10918,#10919,#10920,#10921,#10922,#10923,#10924,
#10925,#10926,#10927,#10928,#10929,#10930,#10931,#10932,#10933,#10934,#10935,
#10936,#10937,#10938,#10939,#10940,#10941,#10942,#10943,#10944,#10945,#10946,
#10947,#10948,#10949,#10950,#10951,#10952,#10953,#10954,#10955,#10956,#10957,
#10958,#10959,#10960,#10961,#10962,#10963,#10964,#10965,#10966,#10967,#10968,
#10969,#10970,#10971,#10972,#10973,#10974,#10975,#10976,#10977,#10978,#10979,
#10980,#10981,#10982,#10983,#10984,#10985,#10986,#10987,#10988,#10989,#10990,
#10991,#10992,#10993,#10994,#10995,#10996,#10997,#10998,#10999,#11000,#11001,
#11002,#11003,#11004,#11005,#11006,#11007,#11008,#11009,#11010),
 .UNSPECIFIED.,.F.,.F.)
B_SPLINE_CURVE_WITH_KNOTS((3,2,2,2,2,2,2,2,2,2,2,2,2,2,2,2,2,2,2,2,2,2,
2,2,2,2,2,2,2,2,2,2,2,2,2,2,2,2,2,2,2,2,2,2,2,2,2,2,2,2,2,2,2,2,2,2,2,2,
2,2,2,2,2,2,2,2,2,2,2,2,2,2,2,2,2,2,2,2,2,2,2,2,2,2,2,2,2,2,2,2,2,2,2,2,
2,2,2,2,2,2,2,2,2,2,2,2,2,2,2,2,2,2,2,2,2,2,2,2,2,2,2,2,2,2,2,2,2,2,2,2,
2,2,2,2,2,2,2,2,2,2,3),(0.,0.00714285714285714,0.0142857142857143,0.0214285714285714,
0.0285714285714286,0.0357142857142857,0.0428571428571429,0.05,0.0571428571428571,
0.0642857142857143,0.0714285714285714,0.0785714285714286,0.0857142857142857,
0.0928571428571429,0.1,0.107142857142857,0.114285714285714,0.121428571428571,
0.128571428571429,0.135714285714286,0.142857142857143,0.15,0.157142857142857,
0.164285714285714,0.171428571428571,0.178571428571429,0.185714285714286,
0.192857142857143,0.2,0.207142857142857,0.214285714285714,0.221428571428571,
0.228571428571429,0.235714285714286,0.242857142857143,0.25,0.257142857142857,
0.264285714285714,0.271428571428571,0.278571428571429,0.285714285714286,
0.292857142857143,0.3,0.307142857142857,0.314285714285714,0.321428571428571,
0.328571428571429,0.335714285714286,0.342857142857143,0.35,0.357142857142857,
0.364285714285714,0.371428571428571,0.378571428571429,0.385714285714286,
0.392857142857143,0.4,0.407142857142857,0.414285714285714,0.421428571428571,
0.428571428571429,0.435714285714286,0.442857142857143,0.45,0.457142857142857,
0.464285714285714,0.471428571428571,0.478571428571429,0.485714285714286,
0.492857142857143,0.5,0.507142857142857,0.514285714285714,0.521428571428571,
0.528571428571429,0.535714285714286,0.542857142857143,0.55,0.557142857142857,
0.564285714285714,0.571428571428571,0.578571428571429,0.585714285714286,
0.592857142857143,0.6,0.607142857142857,0.614285714285714,0.621428571428571,
0.628571428571429,0.635714285714286,0.642857142857143,0.65,0.657142857142857,
0.664285714285714,0.671428571428571,0.678571428571429,0.685714285714286,
0.692857142857143,0.7,0.707142857142857,0.714285714285714,0.721428571428571,
0.728571428571429,0.735714285714286,0.742857142857143,0.75,0.757142857142857,
0.764285714285714,0.771428571428571,0.778571428571429,0.785714285714286,
0.792857142857143,0.8,0.807142857142857,0.814285714285714,0.821428571428571,
0.828571428571429,0.835714285714286,0.842857142857143,0.85,0.857142857142857,
0.864285714285714,0.871428571428571,0.878571428571429,0.885714285714286,
0.892857142857143,0.9,0.907142857142857,0.914285714285714,0.921428571428571,
0.928571428571429,0.935714285714286,0.942857142857143,0.95,0.957142857142857,
0.964285714285714,0.971428571428571,0.978571428571429,0.985714285714286,
0.992857142857143,1.),.UNSPECIFIED.)
CURVE()
GEOMETRIC_REPRESENTATION_ITEM()
RATIONAL_B_SPLINE_CURVE((1.,0.974927912181824,1.,0.974927912181824,1.,0.974927912181824,
1.,0.974927912181824,1.,0.974927912181824,1.,0.974927912181824,1.,0.974927912181824,
1.,0.974927912181824,1.,0.974927912181824,1.,0.974927912181824,1.,0.974927912181824,
1.,0.974927912181824,1.,0.974927912181824,1.,0.974927912181824,1.,0.974927912181824,
1.,0.974927912181824,1.,0.974927912181824,1.,0.974927912181824,1.,0.974927912181824,
1.,0.974927912181824,1.,0.974927912181824,1.,0.974927912181824,1.,0.974927912181824,
1.,0.974927912181824,1.,0.974927912181824,1.,0.974927912181824,1.,0.974927912181824,
1.,0.974927912181824,1.,0.974927912181824,1.,0.974927912181824,1.,0.974927912181824,
1.,0.974927912181824,1.,0.974927912181824,1.,0.974927912181824,1.,0.974927912181824,
1.,0.974927912181824,1.,0.974927912181824,1.,0.974927912181824,1.,0.974927912181824,
1.,0.974927912181824,1.,0.974927912181824,1.,0.974927912181824,1.,0.974927912181824,
1.,0.974927912181824,1.,0.974927912181824,1.,0.974927912181824,1.,0.974927912181824,
1.,0.974927912181824,1.,0.974927912181824,1.,0.974927912181824,1.,0.974927912181824,
1.,0.974927912181824,1.,0.974927912181824,1.,0.974927912181824,1.,0.974927912181824,
1.,0.974927912181824,1.,0.974927912181824,1.,0.974927912181824,1.,0.974927912181824,
1.,0.974927912181824,1.,0.974927912181824,1.,0.974927912181824,1.,0.974927912181824,
1.,0.974927912181824,1.,0.974927912181824,1.,0.974927912181824,1.,0.974927912181824,
1.,0.974927912181824,1.,0.974927912181824,1.,0.974927912181824,1.,0.974927912181824,
1.,0.974927912181824,1.,0.974927912181824,1.,0.974927912181824,1.,0.974927912181824,
1.,0.974927912181824,1.,0.974927912181824,1.,0.974927912181824,1.,0.974927912181824,
1.,0.974927912181824,1.,0.974927912181824,1.,0.974927912181824,1.,0.974927912181824,
1.,0.974927912181824,1.,0.974927912181824,1.,0.974927912181824,1.,0.974927912181824,
1.,0.974927912181824,1.,0.974927912181824,1.,0.974927912181824,1.,0.974927912181824,
1.,0.974927912181824,1.,0.974927912181824,1.,0.974927912181824,1.,0.974927912181824,
1.,0.974927912181824,1.,0.974927912181824,1.,0.974927912181824,1.,0.974927912181824,
1.,0.974927912181824,1.,0.974927912181824,1.,0.974927912181824,1.,0.974927912181824,
1.,0.974927912181824,1.,0.974927912181824,1.,0.974927912181824,1.,0.974927912181824,
1.,0.974927912181824,1.,0.974927912181824,1.,0.974927912181824,1.,0.974927912181824,
1.,0.974927912181824,1.,0.974927912181824,1.,0.974927912181824,1.,0.974927912181824,
1.,0.974927912181824,1.,0.974927912181824,1.,0.974927912181824,1.,0.974927912181824,
1.,0.974927912181824,1.,0.974927912181824,1.,0.974927912181824,1.,0.974927912181824,
1.,0.974927912181824,1.,0.974927912181824,1.,0.974927912181824,1.,0.974927912181824,
1.,0.974927912181824,1.,0.974927912181824,1.,0.974927912181824,1.,0.974927912181824,
1.,0.974927912181824,1.,0.974927912181824,1.,0.974927912181824,1.,0.974927912181824,
1.,0.974927912181824,1.,0.974927912181824,1.,0.974927912181824,1.,0.974927912181824,
1.,0.974927912181824,1.))
REPRESENTATION_ITEM('')
);
#50=CYLINDRICAL_SURFACE('',#2757,1.2295);
#51=CYLINDRICAL_SURFACE('',#2759,1.2295);
#52=CYLINDRICAL_SURFACE('',#2787,1.2295);
#53=CYLINDRICAL_SURFACE('',#2791,1.2295);
#54=CYLINDRICAL_SURFACE('',#2795,1.);
#55=CYLINDRICAL_SURFACE('',#2799,1.25);
#56=CYLINDRICAL_SURFACE('',#2803,1.);
#57=CYLINDRICAL_SURFACE('',#2807,1.25);
#58=CYLINDRICAL_SURFACE('',#2811,0.999999999999999);
#59=CYLINDRICAL_SURFACE('',#2815,1.);
#60=CYLINDRICAL_SURFACE('',#2818,0.5);
#61=CYLINDRICAL_SURFACE('',#2822,0.5);
#62=CYLINDRICAL_SURFACE('',#2826,0.750000000000001);
#63=CYLINDRICAL_SURFACE('',#2830,0.5);
#64=CYLINDRICAL_SURFACE('',#2834,0.750000000000001);
#65=CYLINDRICAL_SURFACE('',#2838,0.5);
#66=CYLINDRICAL_SURFACE('',#2909,1.50013293868264);
#67=CYLINDRICAL_SURFACE('',#2910,1.50013293868264);
#68=CYLINDRICAL_SURFACE('',#2911,1.50013293868264);
#69=CYLINDRICAL_SURFACE('',#2912,1.50013293868264);
#70=CYLINDRICAL_SURFACE('',#2913,0.299999999999998);
#71=CYLINDRICAL_SURFACE('',#2914,0.299999999999998);
#72=CYLINDRICAL_SURFACE('',#2915,0.299999999999998);
#73=CYLINDRICAL_SURFACE('',#2916,0.299999999999998);
#74=B_SPLINE_CURVE_WITH_KNOTS('',3,(#3426,#3427,#3428,#3429,#3430),
 .UNSPECIFIED.,.F.,.F.,(4,1,4),(2.11038219202008E-17,0.0013387733497608,
0.00267754669952157),.UNSPECIFIED.);
#75=B_SPLINE_CURVE_WITH_KNOTS('',3,(#3434,#3435,#3436,#3437,#3438),
 .UNSPECIFIED.,.F.,.F.,(4,1,4),(0.,0.00134134406996211,0.00268268813992423),
 .UNSPECIFIED.);
#76=B_SPLINE_CURVE_WITH_KNOTS('',3,(#3442,#3443,#3444,#3445,#3446),
 .UNSPECIFIED.,.F.,.F.,(4,1,4),(2.11038219202008E-17,0.0013387733497608,
0.00267754669952158),.UNSPECIFIED.);
#77=B_SPLINE_CURVE_WITH_KNOTS('',3,(#3450,#3451,#3452,#3453,#3454),
 .UNSPECIFIED.,.F.,.F.,(4,1,4),(0.,0.00134134406996212,0.00268268813992424),
 .UNSPECIFIED.);
#78=B_SPLINE_CURVE_WITH_KNOTS('',3,(#3458,#3459,#3460,#3461,#3462),
 .UNSPECIFIED.,.F.,.F.,(4,1,4),(5.25022593123785E-17,0.00133877334976083,
0.0026775466995216),.UNSPECIFIED.);
#79=B_SPLINE_CURVE_WITH_KNOTS('',3,(#3466,#3467,#3468,#3469,#3470),
 .UNSPECIFIED.,.F.,.F.,(4,1,4),(0.,0.00134134406996211,0.00268268813992421),
 .UNSPECIFIED.);
#80=B_SPLINE_CURVE_WITH_KNOTS('',3,(#3474,#3475,#3476,#3477,#3478),
 .UNSPECIFIED.,.F.,.F.,(4,1,4),(1.73472347597681E-18,0.00133877334976079,
0.00267754669952159),.UNSPECIFIED.);
#81=B_SPLINE_CURVE_WITH_KNOTS('',3,(#3482,#3483,#3484,#3485,#3486),
 .UNSPECIFIED.,.F.,.F.,(4,1,4),(0.,0.00134134406996211,0.00268268813992421),
 .UNSPECIFIED.);
#82=B_SPLINE_CURVE_WITH_KNOTS('',3,(#4725,#4726,#4727,#4728,#4729),
 .UNSPECIFIED.,.F.,.F.,(4,1,4),(3.31418454737865E-17,0.00133877334976081,
0.0026775466995216),.UNSPECIFIED.);
#83=B_SPLINE_CURVE_WITH_KNOTS('',3,(#4733,#4734,#4735,#4736,#4737),
 .UNSPECIFIED.,.F.,.F.,(4,1,4),(1.73472347597681E-18,0.0013413440699621,
0.0026826881399242),.UNSPECIFIED.);
#84=B_SPLINE_CURVE_WITH_KNOTS('',3,(#4739,#4740,#4741,#4742,#4743),
 .UNSPECIFIED.,.F.,.F.,(4,1,4),(3.40045626793945E-17,0.00133877334976082,
0.00267754669952161),.UNSPECIFIED.);
#85=B_SPLINE_CURVE_WITH_KNOTS('',3,(#4747,#4748,#4749,#4750,#4751),
 .UNSPECIFIED.,.F.,.F.,(4,1,4),(1.73472347597681E-18,0.00134134406996212,
0.00268268813992424),.UNSPECIFIED.);
#86=B_SPLINE_CURVE_WITH_KNOTS('',3,(#4756,#4757,#4758,#4759,#4760),
 .UNSPECIFIED.,.F.,.F.,(4,1,4),(3.46944695195361E-18,0.00133877334976081,
0.00267754669952161),.UNSPECIFIED.);
#87=B_SPLINE_CURVE_WITH_KNOTS('',3,(#4764,#4765,#4766,#4767,#4768),
 .UNSPECIFIED.,.F.,.F.,(4,1,4),(1.73472347597681E-18,0.00134134406996212,
0.00268268813992424),.UNSPECIFIED.);
#88=B_SPLINE_CURVE_WITH_KNOTS('',3,(#5336,#5337,#5338,#5339,#5340),
 .UNSPECIFIED.,.F.,.F.,(4,1,4),(3.31418454737865E-17,0.00133877334976081,
0.00267754669952158),.UNSPECIFIED.);
#89=B_SPLINE_CURVE_WITH_KNOTS('',3,(#5344,#5345,#5346,#5347,#5348),
 .UNSPECIFIED.,.F.,.F.,(4,1,4),(1.73472347597681E-18,0.0013413440699621,
0.00268268813992421),.UNSPECIFIED.);
#90=CIRCLE('',#2749,1.50013293868264);
#91=CIRCLE('',#2750,1.2295);
#92=CIRCLE('',#2751,1.50013293868264);
#93=CIRCLE('',#2752,1.2295);
#94=CIRCLE('',#2753,1.50013293868264);
#95=CIRCLE('',#2754,1.2295);
#96=CIRCLE('',#2755,1.50013293868264);
#97=CIRCLE('',#2756,1.2295);
#98=CIRCLE('',#2758,1.2295);
#99=CIRCLE('',#2760,1.2295);
#100=CIRCLE('',#2762,1.);
#101=CIRCLE('',#2763,0.999999999999999);
#102=CIRCLE('',#2764,1.25);
#103=CIRCLE('',#2765,1.);
#104=CIRCLE('',#2766,1.25);
#105=CIRCLE('',#2767,1.);
#106=CIRCLE('',#2770,0.299999999999998);
#107=CIRCLE('',#2771,0.299999999999998);
#108=CIRCLE('',#2772,0.299999999999998);
#109=CIRCLE('',#2773,0.299999999999998);
#110=CIRCLE('',#2776,0.299999999999998);
#111=CIRCLE('',#2777,0.299999999999998);
#112=CIRCLE('',#2778,0.299999999999998);
#113=CIRCLE('',#2779,0.299999999999998);
#114=CIRCLE('',#2781,1.50013293868264);
#115=CIRCLE('',#2783,1.50013293868264);
#116=CIRCLE('',#2785,1.2295);
#117=CIRCLE('',#2786,1.50013293868264);
#118=CIRCLE('',#2789,1.2295);
#119=CIRCLE('',#2790,1.50013293868264);
#120=CIRCLE('',#2793,0.5);
#121=CIRCLE('',#2794,1.);
#122=CIRCLE('',#2797,0.750000000000001);
#123=CIRCLE('',#2798,1.25);
#124=CIRCLE('',#2801,0.5);
#125=CIRCLE('',#2802,1.);
#126=CIRCLE('',#2805,0.750000000000001);
#127=CIRCLE('',#2806,1.25);
#128=CIRCLE('',#2809,0.5);
#129=CIRCLE('',#2810,0.999999999999999);
#130=CIRCLE('',#2813,0.5);
#131=CIRCLE('',#2814,1.);
#132=CIRCLE('',#2817,0.200000000000002);
#133=CIRCLE('',#2819,0.5);
#134=CIRCLE('',#2821,0.200000000000002);
#135=CIRCLE('',#2823,0.5);
#136=CIRCLE('',#2825,0.450000000000002);
#137=CIRCLE('',#2827,0.750000000000001);
#138=CIRCLE('',#2829,0.200000000000002);
#139=CIRCLE('',#2831,0.5);
#140=CIRCLE('',#2833,0.450000000000002);
#141=CIRCLE('',#2835,0.750000000000001);
#142=CIRCLE('',#2837,0.200000000000002);
#143=CIRCLE('',#2839,0.5);
#144=ORIENTED_EDGE('',*,*,#628,.T.);
#145=ORIENTED_EDGE('',*,*,#629,.T.);
#146=ORIENTED_EDGE('',*,*,#630,.T.);
#147=ORIENTED_EDGE('',*,*,#631,.T.);
#148=ORIENTED_EDGE('',*,*,#632,.T.);
#149=ORIENTED_EDGE('',*,*,#633,.T.);
#150=ORIENTED_EDGE('',*,*,#634,.T.);
#151=ORIENTED_EDGE('',*,*,#635,.T.);
#152=ORIENTED_EDGE('',*,*,#636,.T.);
#153=ORIENTED_EDGE('',*,*,#637,.T.);
#154=ORIENTED_EDGE('',*,*,#638,.F.);
#155=ORIENTED_EDGE('',*,*,#639,.T.);
#156=ORIENTED_EDGE('',*,*,#640,.T.);
#157=ORIENTED_EDGE('',*,*,#641,.T.);
#158=ORIENTED_EDGE('',*,*,#642,.F.);
#159=ORIENTED_EDGE('',*,*,#643,.T.);
#160=ORIENTED_EDGE('',*,*,#644,.T.);
#161=ORIENTED_EDGE('',*,*,#645,.T.);
#162=ORIENTED_EDGE('',*,*,#646,.T.);
#163=ORIENTED_EDGE('',*,*,#647,.T.);
#164=ORIENTED_EDGE('',*,*,#646,.F.);
#165=ORIENTED_EDGE('',*,*,#648,.T.);
#166=ORIENTED_EDGE('',*,*,#649,.T.);
#167=ORIENTED_EDGE('',*,*,#650,.F.);
#168=ORIENTED_EDGE('',*,*,#634,.F.);
#169=ORIENTED_EDGE('',*,*,#651,.T.);
#170=ORIENTED_EDGE('',*,*,#652,.T.);
#171=ORIENTED_EDGE('',*,*,#653,.F.);
#172=ORIENTED_EDGE('',*,*,#654,.T.);
#173=ORIENTED_EDGE('',*,*,#655,.T.);
#174=ORIENTED_EDGE('',*,*,#656,.T.);
#175=ORIENTED_EDGE('',*,*,#657,.T.);
#176=ORIENTED_EDGE('',*,*,#658,.T.);
#177=ORIENTED_EDGE('',*,*,#659,.T.);
#178=ORIENTED_EDGE('',*,*,#660,.T.);
#179=ORIENTED_EDGE('',*,*,#661,.T.);
#180=ORIENTED_EDGE('',*,*,#662,.T.);
#181=ORIENTED_EDGE('',*,*,#663,.T.);
#182=ORIENTED_EDGE('',*,*,#664,.T.);
#183=ORIENTED_EDGE('',*,*,#665,.T.);
#184=ORIENTED_EDGE('',*,*,#666,.F.);
#185=ORIENTED_EDGE('',*,*,#667,.F.);
#186=ORIENTED_EDGE('',*,*,#668,.F.);
#187=ORIENTED_EDGE('',*,*,#669,.F.);
#188=ORIENTED_EDGE('',*,*,#670,.F.);
#189=ORIENTED_EDGE('',*,*,#671,.F.);
#190=ORIENTED_EDGE('',*,*,#672,.F.);
#191=ORIENTED_EDGE('',*,*,#673,.F.);
#192=ORIENTED_EDGE('',*,*,#674,.T.);
#193=ORIENTED_EDGE('',*,*,#675,.T.);
#194=ORIENTED_EDGE('',*,*,#676,.T.);
#195=ORIENTED_EDGE('',*,*,#677,.T.);
#196=ORIENTED_EDGE('',*,*,#678,.T.);
#197=ORIENTED_EDGE('',*,*,#679,.T.);
#198=ORIENTED_EDGE('',*,*,#680,.F.);
#199=ORIENTED_EDGE('',*,*,#681,.T.);
#200=ORIENTED_EDGE('',*,*,#682,.F.);
#201=ORIENTED_EDGE('',*,*,#683,.T.);
#202=ORIENTED_EDGE('',*,*,#684,.F.);
#203=ORIENTED_EDGE('',*,*,#685,.F.);
#204=ORIENTED_EDGE('',*,*,#686,.F.);
#205=ORIENTED_EDGE('',*,*,#687,.F.);
#206=ORIENTED_EDGE('',*,*,#688,.F.);
#207=ORIENTED_EDGE('',*,*,#689,.F.);
#208=ORIENTED_EDGE('',*,*,#690,.F.);
#209=ORIENTED_EDGE('',*,*,#691,.F.);
#210=ORIENTED_EDGE('',*,*,#692,.T.);
#211=ORIENTED_EDGE('',*,*,#693,.T.);
#212=ORIENTED_EDGE('',*,*,#694,.F.);
#213=ORIENTED_EDGE('',*,*,#695,.T.);
#214=ORIENTED_EDGE('',*,*,#694,.T.);
#215=ORIENTED_EDGE('',*,*,#696,.T.);
#216=ORIENTED_EDGE('',*,*,#680,.T.);
#217=ORIENTED_EDGE('',*,*,#697,.T.);
#218=ORIENTED_EDGE('',*,*,#698,.F.);
#219=ORIENTED_EDGE('',*,*,#699,.T.);
#220=ORIENTED_EDGE('',*,*,#628,.F.);
#221=ORIENTED_EDGE('',*,*,#700,.T.);
#222=ORIENTED_EDGE('',*,*,#701,.F.);
#223=ORIENTED_EDGE('',*,*,#702,.T.);
#224=ORIENTED_EDGE('',*,*,#698,.T.);
#225=ORIENTED_EDGE('',*,*,#703,.T.);
#226=ORIENTED_EDGE('',*,*,#682,.T.);
#227=ORIENTED_EDGE('',*,*,#704,.T.);
#228=ORIENTED_EDGE('',*,*,#692,.F.);
#229=ORIENTED_EDGE('',*,*,#705,.T.);
#230=ORIENTED_EDGE('',*,*,#630,.F.);
#231=ORIENTED_EDGE('',*,*,#706,.T.);
#232=ORIENTED_EDGE('',*,*,#701,.T.);
#233=ORIENTED_EDGE('',*,*,#707,.T.);
#234=ORIENTED_EDGE('',*,*,#652,.F.);
#235=ORIENTED_EDGE('',*,*,#708,.F.);
#236=ORIENTED_EDGE('',*,*,#709,.F.);
#237=ORIENTED_EDGE('',*,*,#710,.F.);
#238=ORIENTED_EDGE('',*,*,#649,.F.);
#239=ORIENTED_EDGE('',*,*,#711,.F.);
#240=ORIENTED_EDGE('',*,*,#712,.F.);
#241=ORIENTED_EDGE('',*,*,#713,.F.);
#242=ORIENTED_EDGE('',*,*,#714,.T.);
#243=ORIENTED_EDGE('',*,*,#715,.F.);
#244=ORIENTED_EDGE('',*,*,#716,.F.);
#245=ORIENTED_EDGE('',*,*,#717,.F.);
#246=ORIENTED_EDGE('',*,*,#642,.T.);
#247=ORIENTED_EDGE('',*,*,#718,.T.);
#248=ORIENTED_EDGE('',*,*,#714,.F.);
#249=ORIENTED_EDGE('',*,*,#719,.F.);
#250=ORIENTED_EDGE('',*,*,#720,.T.);
#251=ORIENTED_EDGE('',*,*,#721,.F.);
#252=ORIENTED_EDGE('',*,*,#722,.F.);
#253=ORIENTED_EDGE('',*,*,#723,.F.);
#254=ORIENTED_EDGE('',*,*,#638,.T.);
#255=ORIENTED_EDGE('',*,*,#724,.T.);
#256=ORIENTED_EDGE('',*,*,#720,.F.);
#257=ORIENTED_EDGE('',*,*,#725,.F.);
#258=ORIENTED_EDGE('',*,*,#726,.T.);
#259=ORIENTED_EDGE('',*,*,#727,.F.);
#260=ORIENTED_EDGE('',*,*,#727,.T.);
#261=ORIENTED_EDGE('',*,*,#679,.F.);
#262=ORIENTED_EDGE('',*,*,#728,.T.);
#263=ORIENTED_EDGE('',*,*,#729,.F.);
#264=ORIENTED_EDGE('',*,*,#729,.T.);
#265=ORIENTED_EDGE('',*,*,#678,.F.);
#266=ORIENTED_EDGE('',*,*,#730,.T.);
#267=ORIENTED_EDGE('',*,*,#731,.F.);
#268=ORIENTED_EDGE('',*,*,#731,.T.);
#269=ORIENTED_EDGE('',*,*,#677,.F.);
#270=ORIENTED_EDGE('',*,*,#732,.T.);
#271=ORIENTED_EDGE('',*,*,#733,.F.);
#272=ORIENTED_EDGE('',*,*,#733,.T.);
#273=ORIENTED_EDGE('',*,*,#676,.F.);
#274=ORIENTED_EDGE('',*,*,#734,.T.);
#275=ORIENTED_EDGE('',*,*,#735,.F.);
#276=ORIENTED_EDGE('',*,*,#735,.T.);
#277=ORIENTED_EDGE('',*,*,#675,.F.);
#278=ORIENTED_EDGE('',*,*,#736,.T.);
#279=ORIENTED_EDGE('',*,*,#737,.F.);
#280=ORIENTED_EDGE('',*,*,#737,.T.);
#281=ORIENTED_EDGE('',*,*,#674,.F.);
#282=ORIENTED_EDGE('',*,*,#738,.T.);
#283=ORIENTED_EDGE('',*,*,#739,.T.);
#284=ORIENTED_EDGE('',*,*,#736,.F.);
#285=ORIENTED_EDGE('',*,*,#740,.T.);
#286=ORIENTED_EDGE('',*,*,#741,.T.);
#287=ORIENTED_EDGE('',*,*,#734,.F.);
#288=ORIENTED_EDGE('',*,*,#742,.T.);
#289=ORIENTED_EDGE('',*,*,#743,.T.);
#290=ORIENTED_EDGE('',*,*,#732,.F.);
#291=ORIENTED_EDGE('',*,*,#744,.T.);
#292=ORIENTED_EDGE('',*,*,#745,.T.);
#293=ORIENTED_EDGE('',*,*,#730,.F.);
#294=ORIENTED_EDGE('',*,*,#746,.T.);
#295=ORIENTED_EDGE('',*,*,#747,.T.);
#296=ORIENTED_EDGE('',*,*,#728,.F.);
#297=ORIENTED_EDGE('',*,*,#748,.T.);
#298=ORIENTED_EDGE('',*,*,#749,.T.);
#299=ORIENTED_EDGE('',*,*,#726,.F.);
#300=ORIENTED_EDGE('',*,*,#750,.T.);
#301=ORIENTED_EDGE('',*,*,#751,.T.);
#302=ORIENTED_EDGE('',*,*,#752,.T.);
#303=ORIENTED_EDGE('',*,*,#753,.T.);
#304=ORIENTED_EDGE('',*,*,#754,.F.);
#305=ORIENTED_EDGE('',*,*,#755,.T.);
#306=ORIENTED_EDGE('',*,*,#756,.T.);
#307=ORIENTED_EDGE('',*,*,#670,.T.);
#308=ORIENTED_EDGE('',*,*,#757,.F.);
#309=ORIENTED_EDGE('',*,*,#758,.T.);
#310=ORIENTED_EDGE('',*,*,#754,.T.);
#311=ORIENTED_EDGE('',*,*,#673,.T.);
#312=ORIENTED_EDGE('',*,*,#759,.F.);
#313=ORIENTED_EDGE('',*,*,#760,.T.);
#314=ORIENTED_EDGE('',*,*,#757,.T.);
#315=ORIENTED_EDGE('',*,*,#672,.T.);
#316=ORIENTED_EDGE('',*,*,#756,.F.);
#317=ORIENTED_EDGE('',*,*,#761,.T.);
#318=ORIENTED_EDGE('',*,*,#759,.T.);
#319=ORIENTED_EDGE('',*,*,#671,.T.);
#320=ORIENTED_EDGE('',*,*,#762,.T.);
#321=ORIENTED_EDGE('',*,*,#763,.T.);
#322=ORIENTED_EDGE('',*,*,#764,.T.);
#323=ORIENTED_EDGE('',*,*,#765,.T.);
#324=ORIENTED_EDGE('',*,*,#766,.F.);
#325=ORIENTED_EDGE('',*,*,#767,.T.);
#326=ORIENTED_EDGE('',*,*,#768,.T.);
#327=ORIENTED_EDGE('',*,*,#684,.T.);
#328=ORIENTED_EDGE('',*,*,#769,.F.);
#329=ORIENTED_EDGE('',*,*,#770,.T.);
#330=ORIENTED_EDGE('',*,*,#766,.T.);
#331=ORIENTED_EDGE('',*,*,#687,.T.);
#332=ORIENTED_EDGE('',*,*,#771,.F.);
#333=ORIENTED_EDGE('',*,*,#772,.T.);
#334=ORIENTED_EDGE('',*,*,#769,.T.);
#335=ORIENTED_EDGE('',*,*,#686,.T.);
#336=ORIENTED_EDGE('',*,*,#768,.F.);
#337=ORIENTED_EDGE('',*,*,#773,.T.);
#338=ORIENTED_EDGE('',*,*,#771,.T.);
#339=ORIENTED_EDGE('',*,*,#685,.T.);
#340=ORIENTED_EDGE('',*,*,#774,.T.);
#341=ORIENTED_EDGE('',*,*,#775,.T.);
#342=ORIENTED_EDGE('',*,*,#776,.T.);
#343=ORIENTED_EDGE('',*,*,#777,.T.);
#344=ORIENTED_EDGE('',*,*,#778,.F.);
#345=ORIENTED_EDGE('',*,*,#779,.T.);
#346=ORIENTED_EDGE('',*,*,#780,.T.);
#347=ORIENTED_EDGE('',*,*,#666,.T.);
#348=ORIENTED_EDGE('',*,*,#781,.F.);
#349=ORIENTED_EDGE('',*,*,#782,.T.);
#350=ORIENTED_EDGE('',*,*,#778,.T.);
#351=ORIENTED_EDGE('',*,*,#669,.T.);
#352=ORIENTED_EDGE('',*,*,#783,.F.);
#353=ORIENTED_EDGE('',*,*,#784,.T.);
#354=ORIENTED_EDGE('',*,*,#781,.T.);
#355=ORIENTED_EDGE('',*,*,#668,.T.);
#356=ORIENTED_EDGE('',*,*,#780,.F.);
#357=ORIENTED_EDGE('',*,*,#785,.T.);
#358=ORIENTED_EDGE('',*,*,#783,.T.);
#359=ORIENTED_EDGE('',*,*,#667,.T.);
#360=ORIENTED_EDGE('',*,*,#786,.T.);
#361=ORIENTED_EDGE('',*,*,#787,.T.);
#362=ORIENTED_EDGE('',*,*,#788,.T.);
#363=ORIENTED_EDGE('',*,*,#789,.T.);
#364=ORIENTED_EDGE('',*,*,#790,.F.);
#365=ORIENTED_EDGE('',*,*,#791,.T.);
#366=ORIENTED_EDGE('',*,*,#792,.T.);
#367=ORIENTED_EDGE('',*,*,#688,.T.);
#368=ORIENTED_EDGE('',*,*,#793,.F.);
#369=ORIENTED_EDGE('',*,*,#794,.T.);
#370=ORIENTED_EDGE('',*,*,#790,.T.);
#371=ORIENTED_EDGE('',*,*,#691,.T.);
#372=ORIENTED_EDGE('',*,*,#795,.F.);
#373=ORIENTED_EDGE('',*,*,#796,.T.);
#374=ORIENTED_EDGE('',*,*,#793,.T.);
#375=ORIENTED_EDGE('',*,*,#690,.T.);
#376=ORIENTED_EDGE('',*,*,#792,.F.);
#377=ORIENTED_EDGE('',*,*,#797,.T.);
#378=ORIENTED_EDGE('',*,*,#795,.T.);
#379=ORIENTED_EDGE('',*,*,#689,.T.);
#380=ORIENTED_EDGE('',*,*,#798,.T.);
#381=ORIENTED_EDGE('',*,*,#799,.T.);
#382=ORIENTED_EDGE('',*,*,#800,.T.);
#383=ORIENTED_EDGE('',*,*,#801,.T.);
#384=ORIENTED_EDGE('',*,*,#802,.F.);
#385=ORIENTED_EDGE('',*,*,#803,.T.);
#386=ORIENTED_EDGE('',*,*,#804,.T.);
#387=ORIENTED_EDGE('',*,*,#663,.F.);
#388=ORIENTED_EDGE('',*,*,#804,.F.);
#389=ORIENTED_EDGE('',*,*,#805,.T.);
#390=ORIENTED_EDGE('',*,*,#806,.T.);
#391=ORIENTED_EDGE('',*,*,#664,.F.);
#392=ORIENTED_EDGE('',*,*,#806,.F.);
#393=ORIENTED_EDGE('',*,*,#807,.T.);
#394=ORIENTED_EDGE('',*,*,#808,.T.);
#395=ORIENTED_EDGE('',*,*,#665,.F.);
#396=ORIENTED_EDGE('',*,*,#808,.F.);
#397=ORIENTED_EDGE('',*,*,#809,.T.);
#398=ORIENTED_EDGE('',*,*,#802,.T.);
#399=ORIENTED_EDGE('',*,*,#662,.F.);
#400=ORIENTED_EDGE('',*,*,#810,.T.);
#401=ORIENTED_EDGE('',*,*,#811,.T.);
#402=ORIENTED_EDGE('',*,*,#812,.T.);
#403=ORIENTED_EDGE('',*,*,#813,.T.);
#404=ORIENTED_EDGE('',*,*,#814,.F.);
#405=ORIENTED_EDGE('',*,*,#815,.T.);
#406=ORIENTED_EDGE('',*,*,#816,.T.);
#407=ORIENTED_EDGE('',*,*,#659,.F.);
#408=ORIENTED_EDGE('',*,*,#816,.F.);
#409=ORIENTED_EDGE('',*,*,#817,.T.);
#410=ORIENTED_EDGE('',*,*,#818,.T.);
#411=ORIENTED_EDGE('',*,*,#660,.F.);
#412=ORIENTED_EDGE('',*,*,#818,.F.);
#413=ORIENTED_EDGE('',*,*,#819,.T.);
#414=ORIENTED_EDGE('',*,*,#820,.T.);
#415=ORIENTED_EDGE('',*,*,#661,.F.);
#416=ORIENTED_EDGE('',*,*,#820,.F.);
#417=ORIENTED_EDGE('',*,*,#821,.T.);
#418=ORIENTED_EDGE('',*,*,#814,.T.);
#419=ORIENTED_EDGE('',*,*,#658,.F.);
#420=ORIENTED_EDGE('',*,*,#822,.T.);
#421=ORIENTED_EDGE('',*,*,#823,.T.);
#422=ORIENTED_EDGE('',*,*,#824,.T.);
#423=ORIENTED_EDGE('',*,*,#825,.T.);
#424=ORIENTED_EDGE('',*,*,#826,.F.);
#425=ORIENTED_EDGE('',*,*,#827,.T.);
#426=ORIENTED_EDGE('',*,*,#828,.T.);
#427=ORIENTED_EDGE('',*,*,#655,.F.);
#428=ORIENTED_EDGE('',*,*,#828,.F.);
#429=ORIENTED_EDGE('',*,*,#829,.T.);
#430=ORIENTED_EDGE('',*,*,#830,.T.);
#431=ORIENTED_EDGE('',*,*,#656,.F.);
#432=ORIENTED_EDGE('',*,*,#830,.F.);
#433=ORIENTED_EDGE('',*,*,#831,.T.);
#434=ORIENTED_EDGE('',*,*,#832,.T.);
#435=ORIENTED_EDGE('',*,*,#657,.F.);
#436=ORIENTED_EDGE('',*,*,#832,.F.);
#437=ORIENTED_EDGE('',*,*,#833,.T.);
#438=ORIENTED_EDGE('',*,*,#826,.T.);
#439=ORIENTED_EDGE('',*,*,#654,.F.);
#440=ORIENTED_EDGE('',*,*,#740,.F.);
#441=ORIENTED_EDGE('',*,*,#741,.F.);
#442=ORIENTED_EDGE('',*,*,#742,.F.);
#443=ORIENTED_EDGE('',*,*,#743,.F.);
#444=ORIENTED_EDGE('',*,*,#744,.F.);
#445=ORIENTED_EDGE('',*,*,#745,.F.);
#446=ORIENTED_EDGE('',*,*,#746,.F.);
#447=ORIENTED_EDGE('',*,*,#747,.F.);
#448=ORIENTED_EDGE('',*,*,#748,.F.);
#449=ORIENTED_EDGE('',*,*,#749,.F.);
#450=ORIENTED_EDGE('',*,*,#738,.F.);
#451=ORIENTED_EDGE('',*,*,#739,.F.);
#452=ORIENTED_EDGE('',*,*,#834,.F.);
#453=ORIENTED_EDGE('',*,*,#825,.F.);
#454=ORIENTED_EDGE('',*,*,#835,.F.);
#455=ORIENTED_EDGE('',*,*,#829,.F.);
#456=ORIENTED_EDGE('',*,*,#835,.T.);
#457=ORIENTED_EDGE('',*,*,#824,.F.);
#458=ORIENTED_EDGE('',*,*,#836,.F.);
#459=ORIENTED_EDGE('',*,*,#831,.F.);
#460=ORIENTED_EDGE('',*,*,#834,.T.);
#461=ORIENTED_EDGE('',*,*,#827,.F.);
#462=ORIENTED_EDGE('',*,*,#837,.F.);
#463=ORIENTED_EDGE('',*,*,#822,.F.);
#464=ORIENTED_EDGE('',*,*,#836,.T.);
#465=ORIENTED_EDGE('',*,*,#823,.F.);
#466=ORIENTED_EDGE('',*,*,#837,.T.);
#467=ORIENTED_EDGE('',*,*,#833,.F.);
#468=ORIENTED_EDGE('',*,*,#838,.F.);
#469=ORIENTED_EDGE('',*,*,#813,.F.);
#470=ORIENTED_EDGE('',*,*,#839,.F.);
#471=ORIENTED_EDGE('',*,*,#817,.F.);
#472=ORIENTED_EDGE('',*,*,#839,.T.);
#473=ORIENTED_EDGE('',*,*,#812,.F.);
#474=ORIENTED_EDGE('',*,*,#840,.F.);
#475=ORIENTED_EDGE('',*,*,#819,.F.);
#476=ORIENTED_EDGE('',*,*,#838,.T.);
#477=ORIENTED_EDGE('',*,*,#815,.F.);
#478=ORIENTED_EDGE('',*,*,#841,.F.);
#479=ORIENTED_EDGE('',*,*,#810,.F.);
#480=ORIENTED_EDGE('',*,*,#840,.T.);
#481=ORIENTED_EDGE('',*,*,#811,.F.);
#482=ORIENTED_EDGE('',*,*,#841,.T.);
#483=ORIENTED_EDGE('',*,*,#821,.F.);
#484=ORIENTED_EDGE('',*,*,#842,.F.);
#485=ORIENTED_EDGE('',*,*,#801,.F.);
#486=ORIENTED_EDGE('',*,*,#843,.F.);
#487=ORIENTED_EDGE('',*,*,#805,.F.);
#488=ORIENTED_EDGE('',*,*,#843,.T.);
#489=ORIENTED_EDGE('',*,*,#800,.F.);
#490=ORIENTED_EDGE('',*,*,#844,.F.);
#491=ORIENTED_EDGE('',*,*,#807,.F.);
#492=ORIENTED_EDGE('',*,*,#842,.T.);
#493=ORIENTED_EDGE('',*,*,#803,.F.);
#494=ORIENTED_EDGE('',*,*,#845,.F.);
#495=ORIENTED_EDGE('',*,*,#798,.F.);
#496=ORIENTED_EDGE('',*,*,#844,.T.);
#497=ORIENTED_EDGE('',*,*,#799,.F.);
#498=ORIENTED_EDGE('',*,*,#845,.T.);
#499=ORIENTED_EDGE('',*,*,#809,.F.);
#500=ORIENTED_EDGE('',*,*,#846,.F.);
#501=ORIENTED_EDGE('',*,*,#758,.F.);
#502=ORIENTED_EDGE('',*,*,#847,.F.);
#503=ORIENTED_EDGE('',*,*,#753,.F.);
#504=ORIENTED_EDGE('',*,*,#847,.T.);
#505=ORIENTED_EDGE('',*,*,#760,.F.);
#506=ORIENTED_EDGE('',*,*,#848,.F.);
#507=ORIENTED_EDGE('',*,*,#750,.F.);
#508=ORIENTED_EDGE('',*,*,#846,.T.);
#509=ORIENTED_EDGE('',*,*,#752,.F.);
#510=ORIENTED_EDGE('',*,*,#849,.F.);
#511=ORIENTED_EDGE('',*,*,#755,.F.);
#512=ORIENTED_EDGE('',*,*,#848,.T.);
#513=ORIENTED_EDGE('',*,*,#761,.F.);
#514=ORIENTED_EDGE('',*,*,#849,.T.);
#515=ORIENTED_EDGE('',*,*,#751,.F.);
#516=ORIENTED_EDGE('',*,*,#850,.F.);
#517=ORIENTED_EDGE('',*,*,#770,.F.);
#518=ORIENTED_EDGE('',*,*,#851,.F.);
#519=ORIENTED_EDGE('',*,*,#765,.F.);
#520=ORIENTED_EDGE('',*,*,#851,.T.);
#521=ORIENTED_EDGE('',*,*,#772,.F.);
#522=ORIENTED_EDGE('',*,*,#852,.F.);
#523=ORIENTED_EDGE('',*,*,#762,.F.);
#524=ORIENTED_EDGE('',*,*,#850,.T.);
#525=ORIENTED_EDGE('',*,*,#764,.F.);
#526=ORIENTED_EDGE('',*,*,#853,.F.);
#527=ORIENTED_EDGE('',*,*,#767,.F.);
#528=ORIENTED_EDGE('',*,*,#852,.T.);
#529=ORIENTED_EDGE('',*,*,#773,.F.);
#530=ORIENTED_EDGE('',*,*,#853,.T.);
#531=ORIENTED_EDGE('',*,*,#763,.F.);
#532=ORIENTED_EDGE('',*,*,#854,.F.);
#533=ORIENTED_EDGE('',*,*,#782,.F.);
#534=ORIENTED_EDGE('',*,*,#855,.F.);
#535=ORIENTED_EDGE('',*,*,#777,.F.);
#536=ORIENTED_EDGE('',*,*,#855,.T.);
#537=ORIENTED_EDGE('',*,*,#784,.F.);
#538=ORIENTED_EDGE('',*,*,#856,.F.);
#539=ORIENTED_EDGE('',*,*,#774,.F.);
#540=ORIENTED_EDGE('',*,*,#854,.T.);
#541=ORIENTED_EDGE('',*,*,#776,.F.);
#542=ORIENTED_EDGE('',*,*,#857,.F.);
#543=ORIENTED_EDGE('',*,*,#779,.F.);
#544=ORIENTED_EDGE('',*,*,#856,.T.);
#545=ORIENTED_EDGE('',*,*,#785,.F.);
#546=ORIENTED_EDGE('',*,*,#857,.T.);
#547=ORIENTED_EDGE('',*,*,#775,.F.);
#548=ORIENTED_EDGE('',*,*,#858,.F.);
#549=ORIENTED_EDGE('',*,*,#791,.F.);
#550=ORIENTED_EDGE('',*,*,#859,.F.);
#551=ORIENTED_EDGE('',*,*,#789,.F.);
#552=ORIENTED_EDGE('',*,*,#859,.T.);
#553=ORIENTED_EDGE('',*,*,#794,.F.);
#554=ORIENTED_EDGE('',*,*,#860,.F.);
#555=ORIENTED_EDGE('',*,*,#786,.F.);
#556=ORIENTED_EDGE('',*,*,#858,.T.);
#557=ORIENTED_EDGE('',*,*,#788,.F.);
#558=ORIENTED_EDGE('',*,*,#861,.F.);
#559=ORIENTED_EDGE('',*,*,#797,.F.);
#560=ORIENTED_EDGE('',*,*,#860,.T.);
#561=ORIENTED_EDGE('',*,*,#796,.F.);
#562=ORIENTED_EDGE('',*,*,#861,.T.);
#563=ORIENTED_EDGE('',*,*,#787,.F.);
#564=ORIENTED_EDGE('',*,*,#708,.T.);
#565=ORIENTED_EDGE('',*,*,#651,.F.);
#566=ORIENTED_EDGE('',*,*,#633,.F.);
#567=ORIENTED_EDGE('',*,*,#862,.T.);
#568=ORIENTED_EDGE('',*,*,#709,.T.);
#569=ORIENTED_EDGE('',*,*,#862,.F.);
#570=ORIENTED_EDGE('',*,*,#632,.F.);
#571=ORIENTED_EDGE('',*,*,#863,.T.);
#572=ORIENTED_EDGE('',*,*,#710,.T.);
#573=ORIENTED_EDGE('',*,*,#863,.F.);
#574=ORIENTED_EDGE('',*,*,#635,.F.);
#575=ORIENTED_EDGE('',*,*,#653,.T.);
#576=ORIENTED_EDGE('',*,*,#721,.T.);
#577=ORIENTED_EDGE('',*,*,#724,.F.);
#578=ORIENTED_EDGE('',*,*,#637,.F.);
#579=ORIENTED_EDGE('',*,*,#864,.T.);
#580=ORIENTED_EDGE('',*,*,#722,.T.);
#581=ORIENTED_EDGE('',*,*,#864,.F.);
#582=ORIENTED_EDGE('',*,*,#636,.F.);
#583=ORIENTED_EDGE('',*,*,#865,.T.);
#584=ORIENTED_EDGE('',*,*,#723,.T.);
#585=ORIENTED_EDGE('',*,*,#865,.F.);
#586=ORIENTED_EDGE('',*,*,#639,.F.);
#587=ORIENTED_EDGE('',*,*,#725,.T.);
#588=ORIENTED_EDGE('',*,*,#715,.T.);
#589=ORIENTED_EDGE('',*,*,#718,.F.);
#590=ORIENTED_EDGE('',*,*,#641,.F.);
#591=ORIENTED_EDGE('',*,*,#866,.T.);
#592=ORIENTED_EDGE('',*,*,#716,.T.);
#593=ORIENTED_EDGE('',*,*,#866,.F.);
#594=ORIENTED_EDGE('',*,*,#640,.F.);
#595=ORIENTED_EDGE('',*,*,#867,.T.);
#596=ORIENTED_EDGE('',*,*,#717,.T.);
#597=ORIENTED_EDGE('',*,*,#867,.F.);
#598=ORIENTED_EDGE('',*,*,#643,.F.);
#599=ORIENTED_EDGE('',*,*,#719,.T.);
#600=ORIENTED_EDGE('',*,*,#711,.T.);
#601=ORIENTED_EDGE('',*,*,#648,.F.);
#602=ORIENTED_EDGE('',*,*,#645,.F.);
#603=ORIENTED_EDGE('',*,*,#868,.T.);
#604=ORIENTED_EDGE('',*,*,#712,.T.);
#605=ORIENTED_EDGE('',*,*,#868,.F.);
#606=ORIENTED_EDGE('',*,*,#644,.F.);
#607=ORIENTED_EDGE('',*,*,#869,.T.);
#608=ORIENTED_EDGE('',*,*,#713,.T.);
#609=ORIENTED_EDGE('',*,*,#869,.F.);
#610=ORIENTED_EDGE('',*,*,#647,.F.);
#611=ORIENTED_EDGE('',*,*,#650,.T.);
#612=ORIENTED_EDGE('',*,*,#705,.F.);
#613=ORIENTED_EDGE('',*,*,#695,.F.);
#614=ORIENTED_EDGE('',*,*,#700,.F.);
#615=ORIENTED_EDGE('',*,*,#631,.F.);
#616=ORIENTED_EDGE('',*,*,#697,.F.);
#617=ORIENTED_EDGE('',*,*,#683,.F.);
#618=ORIENTED_EDGE('',*,*,#707,.F.);
#619=ORIENTED_EDGE('',*,*,#703,.F.);
#620=ORIENTED_EDGE('',*,*,#699,.F.);
#621=ORIENTED_EDGE('',*,*,#702,.F.);
#622=ORIENTED_EDGE('',*,*,#706,.F.);
#623=ORIENTED_EDGE('',*,*,#629,.F.);
#624=ORIENTED_EDGE('',*,*,#704,.F.);
#625=ORIENTED_EDGE('',*,*,#681,.F.);
#626=ORIENTED_EDGE('',*,*,#696,.F.);
#627=ORIENTED_EDGE('',*,*,#693,.F.);
#628=EDGE_CURVE('',#870,#871,#1032,.T.);
#629=EDGE_CURVE('',#871,#872,#1033,.T.);
#630=EDGE_CURVE('',#872,#873,#1034,.T.);
#631=EDGE_CURVE('',#873,#870,#1035,.T.);
#632=EDGE_CURVE('',#874,#875,#90,.T.);
#633=EDGE_CURVE('',#875,#876,#74,.T.);
#634=EDGE_CURVE('',#876,#877,#91,.F.);
#635=EDGE_CURVE('',#877,#874,#75,.T.);
#636=EDGE_CURVE('',#878,#879,#92,.T.);
#637=EDGE_CURVE('',#879,#880,#76,.T.);
#638=EDGE_CURVE('',#881,#880,#93,.T.);
#639=EDGE_CURVE('',#881,#878,#77,.T.);
#640=EDGE_CURVE('',#882,#883,#94,.T.);
#641=EDGE_CURVE('',#883,#884,#78,.T.);
#642=EDGE_CURVE('',#885,#884,#95,.T.);
#643=EDGE_CURVE('',#885,#882,#79,.T.);
#644=EDGE_CURVE('',#886,#887,#96,.T.);
#645=EDGE_CURVE('',#887,#888,#80,.T.);
#646=EDGE_CURVE('',#888,#889,#97,.F.);
#647=EDGE_CURVE('',#889,#886,#81,.T.);
#648=EDGE_CURVE('',#888,#890,#34,.T.);
#649=EDGE_CURVE('',#890,#891,#98,.T.);
#650=EDGE_CURVE('',#889,#891,#35,.T.);
#651=EDGE_CURVE('',#876,#892,#36,.T.);
#652=EDGE_CURVE('',#892,#893,#99,.T.);
#653=EDGE_CURVE('',#877,#893,#37,.T.);
#654=EDGE_CURVE('',#894,#895,#1036,.T.);
#655=EDGE_CURVE('',#895,#896,#1037,.T.);
#656=EDGE_CURVE('',#896,#897,#1038,.T.);
#657=EDGE_CURVE('',#897,#894,#1039,.T.);
#658=EDGE_CURVE('',#898,#899,#1040,.T.);
#659=EDGE_CURVE('',#899,#900,#1041,.T.);
#660=EDGE_CURVE('',#900,#901,#1042,.T.);
#661=EDGE_CURVE('',#901,#898,#1043,.T.);
#662=EDGE_CURVE('',#902,#903,#1044,.T.);
#663=EDGE_CURVE('',#903,#904,#1045,.T.);
#664=EDGE_CURVE('',#904,#905,#1046,.T.);
#665=EDGE_CURVE('',#905,#902,#1047,.T.);
#666=EDGE_CURVE('',#906,#907,#1048,.T.);
#667=EDGE_CURVE('',#908,#906,#1049,.T.);
#668=EDGE_CURVE('',#909,#908,#1050,.T.);
#669=EDGE_CURVE('',#907,#909,#1051,.T.);
#670=EDGE_CURVE('',#910,#911,#1052,.T.);
#671=EDGE_CURVE('',#912,#910,#1053,.T.);
#672=EDGE_CURVE('',#913,#912,#1054,.T.);
#673=EDGE_CURVE('',#911,#913,#1055,.T.);
#674=EDGE_CURVE('',#914,#914,#100,.T.);
#675=EDGE_CURVE('',#915,#915,#101,.T.);
#676=EDGE_CURVE('',#916,#916,#102,.T.);
#677=EDGE_CURVE('',#917,#917,#103,.T.);
#678=EDGE_CURVE('',#918,#918,#104,.T.);
#679=EDGE_CURVE('',#919,#919,#105,.T.);
#680=EDGE_CURVE('',#920,#921,#1056,.T.);
#681=EDGE_CURVE('',#920,#922,#1057,.F.);
#682=EDGE_CURVE('',#923,#922,#1058,.T.);
#683=EDGE_CURVE('',#923,#921,#1059,.F.);
#684=EDGE_CURVE('',#924,#925,#1060,.T.);
#685=EDGE_CURVE('',#926,#924,#1061,.T.);
#686=EDGE_CURVE('',#927,#926,#1062,.T.);
#687=EDGE_CURVE('',#925,#927,#1063,.T.);
#688=EDGE_CURVE('',#928,#929,#1064,.T.);
#689=EDGE_CURVE('',#930,#928,#1065,.T.);
#690=EDGE_CURVE('',#931,#930,#1066,.T.);
#691=EDGE_CURVE('',#929,#931,#1067,.T.);
#692=EDGE_CURVE('',#932,#933,#1068,.T.);
#693=EDGE_CURVE('',#933,#934,#1069,.T.);
#694=EDGE_CURVE('',#935,#934,#1070,.T.);
#695=EDGE_CURVE('',#935,#932,#1071,.F.);
#696=EDGE_CURVE('',#934,#920,#106,.F.);
#697=EDGE_CURVE('',#921,#936,#107,.F.);
#698=EDGE_CURVE('',#937,#936,#1072,.T.);
#699=EDGE_CURVE('',#937,#871,#108,.F.);
#700=EDGE_CURVE('',#870,#935,#109,.F.);
#701=EDGE_CURVE('',#938,#939,#1073,.T.);
#702=EDGE_CURVE('',#938,#937,#1074,.F.);
#703=EDGE_CURVE('',#936,#939,#1075,.T.);
#704=EDGE_CURVE('',#922,#933,#110,.F.);
#705=EDGE_CURVE('',#932,#873,#111,.F.);
#706=EDGE_CURVE('',#872,#938,#112,.F.);
#707=EDGE_CURVE('',#939,#923,#113,.F.);
#708=EDGE_CURVE('',#940,#892,#82,.T.);
#709=EDGE_CURVE('',#941,#940,#114,.T.);
#710=EDGE_CURVE('',#893,#941,#83,.T.);
#711=EDGE_CURVE('',#942,#890,#84,.T.);
#712=EDGE_CURVE('',#943,#942,#115,.T.);
#713=EDGE_CURVE('',#891,#943,#85,.T.);
#714=EDGE_CURVE('',#944,#945,#116,.T.);
#715=EDGE_CURVE('',#946,#945,#86,.T.);
#716=EDGE_CURVE('',#947,#946,#117,.T.);
#717=EDGE_CURVE('',#944,#947,#87,.T.);
#718=EDGE_CURVE('',#884,#945,#38,.T.);
#719=EDGE_CURVE('',#885,#944,#39,.T.);
#720=EDGE_CURVE('',#948,#949,#118,.T.);
#721=EDGE_CURVE('',#950,#949,#88,.T.);
#722=EDGE_CURVE('',#951,#950,#119,.T.);
#723=EDGE_CURVE('',#948,#951,#89,.T.);
#724=EDGE_CURVE('',#880,#949,#40,.T.);
#725=EDGE_CURVE('',#881,#948,#41,.T.);
#726=EDGE_CURVE('',#952,#952,#120,.T.);
#727=EDGE_CURVE('',#953,#953,#121,.T.);
#728=EDGE_CURVE('',#954,#954,#122,.T.);
#729=EDGE_CURVE('',#955,#955,#123,.T.);
#730=EDGE_CURVE('',#956,#956,#124,.T.);
#731=EDGE_CURVE('',#957,#957,#125,.T.);
#732=EDGE_CURVE('',#958,#958,#126,.T.);
#733=EDGE_CURVE('',#959,#959,#127,.T.);
#734=EDGE_CURVE('',#960,#960,#128,.T.);
#735=EDGE_CURVE('',#961,#961,#129,.T.);
#736=EDGE_CURVE('',#962,#962,#130,.T.);
#737=EDGE_CURVE('',#963,#963,#131,.T.);
#738=EDGE_CURVE('',#964,#964,#132,.F.);
#739=EDGE_CURVE('',#965,#965,#133,.T.);
#740=EDGE_CURVE('',#966,#966,#134,.F.);
#741=EDGE_CURVE('',#967,#967,#135,.T.);
#742=EDGE_CURVE('',#968,#968,#136,.F.);
#743=EDGE_CURVE('',#969,#969,#137,.T.);
#744=EDGE_CURVE('',#970,#970,#138,.F.);
#745=EDGE_CURVE('',#971,#971,#139,.T.);
#746=EDGE_CURVE('',#972,#972,#140,.F.);
#747=EDGE_CURVE('',#973,#973,#141,.T.);
#748=EDGE_CURVE('',#974,#974,#142,.F.);
#749=EDGE_CURVE('',#975,#975,#143,.T.);
#750=EDGE_CURVE('',#976,#977,#1076,.T.);
#751=EDGE_CURVE('',#977,#978,#1077,.T.);
#752=EDGE_CURVE('',#978,#979,#1078,.T.);
#753=EDGE_CURVE('',#979,#976,#1079,.T.);
#754=EDGE_CURVE('',#980,#911,#1080,.T.);
#755=EDGE_CURVE('',#980,#981,#1081,.T.);
#756=EDGE_CURVE('',#981,#910,#1082,.T.);
#757=EDGE_CURVE('',#982,#913,#1083,.T.);
#758=EDGE_CURVE('',#982,#980,#1084,.T.);
#759=EDGE_CURVE('',#983,#912,#1085,.T.);
#760=EDGE_CURVE('',#983,#982,#1086,.T.);
#761=EDGE_CURVE('',#981,#983,#1087,.T.);
#762=EDGE_CURVE('',#984,#985,#1088,.T.);
#763=EDGE_CURVE('',#985,#986,#1089,.T.);
#764=EDGE_CURVE('',#986,#987,#1090,.T.);
#765=EDGE_CURVE('',#987,#984,#1091,.T.);
#766=EDGE_CURVE('',#988,#925,#1092,.T.);
#767=EDGE_CURVE('',#988,#989,#1093,.T.);
#768=EDGE_CURVE('',#989,#924,#1094,.T.);
#769=EDGE_CURVE('',#990,#927,#1095,.T.);
#770=EDGE_CURVE('',#990,#988,#1096,.T.);
#771=EDGE_CURVE('',#991,#926,#1097,.T.);
#772=EDGE_CURVE('',#991,#990,#1098,.T.);
#773=EDGE_CURVE('',#989,#991,#1099,.T.);
#774=EDGE_CURVE('',#992,#993,#1100,.T.);
#775=EDGE_CURVE('',#993,#994,#1101,.T.);
#776=EDGE_CURVE('',#994,#995,#1102,.T.);
#777=EDGE_CURVE('',#995,#992,#1103,.T.);
#778=EDGE_CURVE('',#996,#907,#1104,.T.);
#779=EDGE_CURVE('',#996,#997,#1105,.T.);
#780=EDGE_CURVE('',#997,#906,#1106,.T.);
#781=EDGE_CURVE('',#998,#909,#1107,.T.);
#782=EDGE_CURVE('',#998,#996,#1108,.T.);
#783=EDGE_CURVE('',#999,#908,#1109,.T.);
#784=EDGE_CURVE('',#999,#998,#1110,.T.);
#785=EDGE_CURVE('',#997,#999,#1111,.T.);
#786=EDGE_CURVE('',#1000,#1001,#1112,.T.);
#787=EDGE_CURVE('',#1001,#1002,#1113,.T.);
#788=EDGE_CURVE('',#1002,#1003,#1114,.T.);
#789=EDGE_CURVE('',#1003,#1000,#1115,.T.);
#790=EDGE_CURVE('',#1004,#929,#1116,.T.);
#791=EDGE_CURVE('',#1004,#1005,#1117,.T.);
#792=EDGE_CURVE('',#1005,#928,#1118,.T.);
#793=EDGE_CURVE('',#1006,#931,#1119,.T.);
#794=EDGE_CURVE('',#1006,#1004,#1120,.T.);
#795=EDGE_CURVE('',#1007,#930,#1121,.T.);
#796=EDGE_CURVE('',#1007,#1006,#1122,.T.);
#797=EDGE_CURVE('',#1005,#1007,#1123,.T.);
#798=EDGE_CURVE('',#1008,#1009,#1124,.T.);
#799=EDGE_CURVE('',#1009,#1010,#1125,.T.);
#800=EDGE_CURVE('',#1010,#1011,#1126,.T.);
#801=EDGE_CURVE('',#1011,#1008,#1127,.T.);
#802=EDGE_CURVE('',#1012,#903,#1128,.T.);
#803=EDGE_CURVE('',#1012,#1013,#1129,.T.);
#804=EDGE_CURVE('',#1013,#904,#1130,.T.);
#805=EDGE_CURVE('',#1013,#1014,#1131,.T.);
#806=EDGE_CURVE('',#1014,#905,#1132,.T.);
#807=EDGE_CURVE('',#1014,#1015,#1133,.T.);
#808=EDGE_CURVE('',#1015,#902,#1134,.T.);
#809=EDGE_CURVE('',#1015,#1012,#1135,.T.);
#810=EDGE_CURVE('',#1016,#1017,#1136,.T.);
#811=EDGE_CURVE('',#1017,#1018,#1137,.T.);
#812=EDGE_CURVE('',#1018,#1019,#1138,.T.);
#813=EDGE_CURVE('',#1019,#1016,#1139,.T.);
#814=EDGE_CURVE('',#1020,#899,#1140,.T.);
#815=EDGE_CURVE('',#1020,#1021,#1141,.T.);
#816=EDGE_CURVE('',#1021,#900,#1142,.T.);
#817=EDGE_CURVE('',#1021,#1022,#1143,.T.);
#818=EDGE_CURVE('',#1022,#901,#1144,.T.);
#819=EDGE_CURVE('',#1022,#1023,#1145,.T.);
#820=EDGE_CURVE('',#1023,#898,#1146,.T.);
#821=EDGE_CURVE('',#1023,#1020,#1147,.T.);
#822=EDGE_CURVE('',#1024,#1025,#1148,.T.);
#823=EDGE_CURVE('',#1025,#1026,#1149,.T.);
#824=EDGE_CURVE('',#1026,#1027,#1150,.T.);
#825=EDGE_CURVE('',#1027,#1024,#1151,.T.);
#826=EDGE_CURVE('',#1028,#895,#1152,.T.);
#827=EDGE_CURVE('',#1028,#1029,#1153,.T.);
#828=EDGE_CURVE('',#1029,#896,#1154,.T.);
#829=EDGE_CURVE('',#1029,#1030,#1155,.T.);
#830=EDGE_CURVE('',#1030,#897,#1156,.T.);
#831=EDGE_CURVE('',#1030,#1031,#1157,.T.);
#832=EDGE_CURVE('',#1031,#894,#1158,.T.);
#833=EDGE_CURVE('',#1031,#1028,#1159,.T.);
#834=EDGE_CURVE('',#1024,#1029,#1160,.T.);
#835=EDGE_CURVE('',#1030,#1027,#1161,.F.);
#836=EDGE_CURVE('',#1031,#1026,#1162,.F.);
#837=EDGE_CURVE('',#1025,#1028,#1163,.F.);
#838=EDGE_CURVE('',#1016,#1021,#1164,.T.);
#839=EDGE_CURVE('',#1022,#1019,#1165,.F.);
#840=EDGE_CURVE('',#1023,#1018,#1166,.F.);
#841=EDGE_CURVE('',#1017,#1020,#1167,.F.);
#842=EDGE_CURVE('',#1008,#1013,#1168,.T.);
#843=EDGE_CURVE('',#1014,#1011,#1169,.F.);
#844=EDGE_CURVE('',#1015,#1010,#1170,.F.);
#845=EDGE_CURVE('',#1009,#1012,#1171,.F.);
#846=EDGE_CURVE('',#980,#979,#1172,.T.);
#847=EDGE_CURVE('',#976,#982,#1173,.F.);
#848=EDGE_CURVE('',#977,#983,#1174,.F.);
#849=EDGE_CURVE('',#981,#978,#1175,.F.);
#850=EDGE_CURVE('',#988,#987,#1176,.T.);
#851=EDGE_CURVE('',#984,#990,#1177,.F.);
#852=EDGE_CURVE('',#985,#991,#1178,.F.);
#853=EDGE_CURVE('',#989,#986,#1179,.F.);
#854=EDGE_CURVE('',#996,#995,#1180,.T.);
#855=EDGE_CURVE('',#992,#998,#1181,.F.);
#856=EDGE_CURVE('',#993,#999,#1182,.F.);
#857=EDGE_CURVE('',#997,#994,#1183,.F.);
#858=EDGE_CURVE('',#1005,#1003,#1184,.T.);
#859=EDGE_CURVE('',#1000,#1004,#1185,.F.);
#860=EDGE_CURVE('',#1001,#1006,#1186,.F.);
#861=EDGE_CURVE('',#1007,#1002,#1187,.F.);
#862=EDGE_CURVE('',#875,#940,#42,.T.);
#863=EDGE_CURVE('',#874,#941,#43,.T.);
#864=EDGE_CURVE('',#879,#950,#44,.T.);
#865=EDGE_CURVE('',#878,#951,#45,.T.);
#866=EDGE_CURVE('',#883,#946,#46,.T.);
#867=EDGE_CURVE('',#882,#947,#47,.T.);
#868=EDGE_CURVE('',#887,#942,#48,.T.);
#869=EDGE_CURVE('',#886,#943,#49,.T.);
#870=VERTEX_POINT('',#3416);
#871=VERTEX_POINT('',#3417);
#872=VERTEX_POINT('',#3419);
#873=VERTEX_POINT('',#3421);
#874=VERTEX_POINT('',#3424);
#875=VERTEX_POINT('',#3425);
#876=VERTEX_POINT('',#3431);
#877=VERTEX_POINT('',#3433);
#878=VERTEX_POINT('',#3440);
#879=VERTEX_POINT('',#3441);
#880=VERTEX_POINT('',#3447);
#881=VERTEX_POINT('',#3449);
#882=VERTEX_POINT('',#3456);
#883=VERTEX_POINT('',#3457);
#884=VERTEX_POINT('',#3463);
#885=VERTEX_POINT('',#3465);
#886=VERTEX_POINT('',#3472);
#887=VERTEX_POINT('',#3473);
#888=VERTEX_POINT('',#3479);
#889=VERTEX_POINT('',#3481);
#890=VERTEX_POINT('',#3769);
#891=VERTEX_POINT('',#3771);
#892=VERTEX_POINT('',#4335);
#893=VERTEX_POINT('',#4337);
#894=VERTEX_POINT('',#4621);
#895=VERTEX_POINT('',#4622);
#896=VERTEX_POINT('',#4624);
#897=VERTEX_POINT('',#4626);
#898=VERTEX_POINT('',#4629);
#899=VERTEX_POINT('',#4630);
#900=VERTEX_POINT('',#4632);
#901=VERTEX_POINT('',#4634);
#902=VERTEX_POINT('',#4637);
#903=VERTEX_POINT('',#4638);
#904=VERTEX_POINT('',#4640);
#905=VERTEX_POINT('',#4642);
#906=VERTEX_POINT('',#4645);
#907=VERTEX_POINT('',#4646);
#908=VERTEX_POINT('',#4648);
#909=VERTEX_POINT('',#4650);
#910=VERTEX_POINT('',#4653);
#911=VERTEX_POINT('',#4654);
#912=VERTEX_POINT('',#4656);
#913=VERTEX_POINT('',#4658);
#914=VERTEX_POINT('',#4661);
#915=VERTEX_POINT('',#4663);
#916=VERTEX_POINT('',#4665);
#917=VERTEX_POINT('',#4667);
#918=VERTEX_POINT('',#4669);
#919=VERTEX_POINT('',#4671);
#920=VERTEX_POINT('',#4673);
#921=VERTEX_POINT('',#4674);
#922=VERTEX_POINT('',#4676);
#923=VERTEX_POINT('',#4678);
#924=VERTEX_POINT('',#4681);
#925=VERTEX_POINT('',#4682);
#926=VERTEX_POINT('',#4684);
#927=VERTEX_POINT('',#4686);
#928=VERTEX_POINT('',#4689);
#929=VERTEX_POINT('',#4690);
#930=VERTEX_POINT('',#4692);
#931=VERTEX_POINT('',#4694);
#932=VERTEX_POINT('',#4698);
#933=VERTEX_POINT('',#4699);
#934=VERTEX_POINT('',#4701);
#935=VERTEX_POINT('',#4703);
#936=VERTEX_POINT('',#4708);
#937=VERTEX_POINT('',#4710);
#938=VERTEX_POINT('',#4715);
#939=VERTEX_POINT('',#4716);
#940=VERTEX_POINT('',#4730);
#941=VERTEX_POINT('',#4732);
#942=VERTEX_POINT('',#4744);
#943=VERTEX_POINT('',#4746);
#944=VERTEX_POINT('',#4754);
#945=VERTEX_POINT('',#4755);
#946=VERTEX_POINT('',#4761);
#947=VERTEX_POINT('',#4763);
#948=VERTEX_POINT('',#5334);
#949=VERTEX_POINT('',#5335);
#950=VERTEX_POINT('',#5341);
#951=VERTEX_POINT('',#5343);
#952=VERTEX_POINT('',#5914);
#953=VERTEX_POINT('',#5916);
#954=VERTEX_POINT('',#5920);
#955=VERTEX_POINT('',#5922);
#956=VERTEX_POINT('',#5926);
#957=VERTEX_POINT('',#5928);
#958=VERTEX_POINT('',#5932);
#959=VERTEX_POINT('',#5934);
#960=VERTEX_POINT('',#5938);
#961=VERTEX_POINT('',#5940);
#962=VERTEX_POINT('',#5944);
#963=VERTEX_POINT('',#5946);
#964=VERTEX_POINT('',#5950);
#965=VERTEX_POINT('',#5953);
#966=VERTEX_POINT('',#5956);
#967=VERTEX_POINT('',#5959);
#968=VERTEX_POINT('',#5962);
#969=VERTEX_POINT('',#5965);
#970=VERTEX_POINT('',#5968);
#971=VERTEX_POINT('',#5971);
#972=VERTEX_POINT('',#5974);
#973=VERTEX_POINT('',#5977);
#974=VERTEX_POINT('',#5980);
#975=VERTEX_POINT('',#5983);
#976=VERTEX_POINT('',#5986);
#977=VERTEX_POINT('',#5987);
#978=VERTEX_POINT('',#5989);
#979=VERTEX_POINT('',#5991);
#980=VERTEX_POINT('',#5995);
#981=VERTEX_POINT('',#5997);
#982=VERTEX_POINT('',#6001);
#983=VERTEX_POINT('',#6005);
#984=VERTEX_POINT('',#6011);
#985=VERTEX_POINT('',#6012);
#986=VERTEX_POINT('',#6014);
#987=VERTEX_POINT('',#6016);
#988=VERTEX_POINT('',#6020);
#989=VERTEX_POINT('',#6022);
#990=VERTEX_POINT('',#6026);
#991=VERTEX_POINT('',#6030);
#992=VERTEX_POINT('',#6036);
#993=VERTEX_POINT('',#6037);
#994=VERTEX_POINT('',#6039);
#995=VERTEX_POINT('',#6041);
#996=VERTEX_POINT('',#6045);
#997=VERTEX_POINT('',#6047);
#998=VERTEX_POINT('',#6051);
#999=VERTEX_POINT('',#6055);
#1000=VERTEX_POINT('',#6061);
#1001=VERTEX_POINT('',#6062);
#1002=VERTEX_POINT('',#6064);
#1003=VERTEX_POINT('',#6066);
#1004=VERTEX_POINT('',#6070);
#1005=VERTEX_POINT('',#6072);
#1006=VERTEX_POINT('',#6076);
#1007=VERTEX_POINT('',#6080);
#1008=VERTEX_POINT('',#6086);
#1009=VERTEX_POINT('',#6087);
#1010=VERTEX_POINT('',#6089);
#1011=VERTEX_POINT('',#6091);
#1012=VERTEX_POINT('',#6095);
#1013=VERTEX_POINT('',#6097);
#1014=VERTEX_POINT('',#6101);
#1015=VERTEX_POINT('',#6105);
#1016=VERTEX_POINT('',#6111);
#1017=VERTEX_POINT('',#6112);
#1018=VERTEX_POINT('',#6114);
#1019=VERTEX_POINT('',#6116);
#1020=VERTEX_POINT('',#6120);
#1021=VERTEX_POINT('',#6122);
#1022=VERTEX_POINT('',#6126);
#1023=VERTEX_POINT('',#6130);
#1024=VERTEX_POINT('',#6136);
#1025=VERTEX_POINT('',#6137);
#1026=VERTEX_POINT('',#6139);
#1027=VERTEX_POINT('',#6141);
#1028=VERTEX_POINT('',#6145);
#1029=VERTEX_POINT('',#6147);
#1030=VERTEX_POINT('',#6151);
#1031=VERTEX_POINT('',#6155);
#1032=LINE('',#3415,#1188);
#1033=LINE('',#3418,#1189);
#1034=LINE('',#3420,#1190);
#1035=LINE('',#3422,#1191);
#1036=LINE('',#4620,#1192);
#1037=LINE('',#4623,#1193);
#1038=LINE('',#4625,#1194);
#1039=LINE('',#4627,#1195);
#1040=LINE('',#4628,#1196);
#1041=LINE('',#4631,#1197);
#1042=LINE('',#4633,#1198);
#1043=LINE('',#4635,#1199);
#1044=LINE('',#4636,#1200);
#1045=LINE('',#4639,#1201);
#1046=LINE('',#4641,#1202);
#1047=LINE('',#4643,#1203);
#1048=LINE('',#4644,#1204);
#1049=LINE('',#4647,#1205);
#1050=LINE('',#4649,#1206);
#1051=LINE('',#4651,#1207);
#1052=LINE('',#4652,#1208);
#1053=LINE('',#4655,#1209);
#1054=LINE('',#4657,#1210);
#1055=LINE('',#4659,#1211);
#1056=LINE('',#4672,#1212);
#1057=LINE('',#4675,#1213);
#1058=LINE('',#4677,#1214);
#1059=LINE('',#4679,#1215);
#1060=LINE('',#4680,#1216);
#1061=LINE('',#4683,#1217);
#1062=LINE('',#4685,#1218);
#1063=LINE('',#4687,#1219);
#1064=LINE('',#4688,#1220);
#1065=LINE('',#4691,#1221);
#1066=LINE('',#4693,#1222);
#1067=LINE('',#4695,#1223);
#1068=LINE('',#4697,#1224);
#1069=LINE('',#4700,#1225);
#1070=LINE('',#4702,#1226);
#1071=LINE('',#4704,#1227);
#1072=LINE('',#4709,#1228);
#1073=LINE('',#4714,#1229);
#1074=LINE('',#4717,#1230);
#1075=LINE('',#4718,#1231);
#1076=LINE('',#5985,#1232);
#1077=LINE('',#5988,#1233);
#1078=LINE('',#5990,#1234);
#1079=LINE('',#5992,#1235);
#1080=LINE('',#5994,#1236);
#1081=LINE('',#5996,#1237);
#1082=LINE('',#5998,#1238);
#1083=LINE('',#6000,#1239);
#1084=LINE('',#6002,#1240);
#1085=LINE('',#6004,#1241);
#1086=LINE('',#6006,#1242);
#1087=LINE('',#6008,#1243);
#1088=LINE('',#6010,#1244);
#1089=LINE('',#6013,#1245);
#1090=LINE('',#6015,#1246);
#1091=LINE('',#6017,#1247);
#1092=LINE('',#6019,#1248);
#1093=LINE('',#6021,#1249);
#1094=LINE('',#6023,#1250);
#1095=LINE('',#6025,#1251);
#1096=LINE('',#6027,#1252);
#1097=LINE('',#6029,#1253);
#1098=LINE('',#6031,#1254);
#1099=LINE('',#6033,#1255);
#1100=LINE('',#6035,#1256);
#1101=LINE('',#6038,#1257);
#1102=LINE('',#6040,#1258);
#1103=LINE('',#6042,#1259);
#1104=LINE('',#6044,#1260);
#1105=LINE('',#6046,#1261);
#1106=LINE('',#6048,#1262);
#1107=LINE('',#6050,#1263);
#1108=LINE('',#6052,#1264);
#1109=LINE('',#6054,#1265);
#1110=LINE('',#6056,#1266);
#1111=LINE('',#6058,#1267);
#1112=LINE('',#6060,#1268);
#1113=LINE('',#6063,#1269);
#1114=LINE('',#6065,#1270);
#1115=LINE('',#6067,#1271);
#1116=LINE('',#6069,#1272);
#1117=LINE('',#6071,#1273);
#1118=LINE('',#6073,#1274);
#1119=LINE('',#6075,#1275);
#1120=LINE('',#6077,#1276);
#1121=LINE('',#6079,#1277);
#1122=LINE('',#6081,#1278);
#1123=LINE('',#6083,#1279);
#1124=LINE('',#6085,#1280);
#1125=LINE('',#6088,#1281);
#1126=LINE('',#6090,#1282);
#1127=LINE('',#6092,#1283);
#1128=LINE('',#6094,#1284);
#1129=LINE('',#6096,#1285);
#1130=LINE('',#6098,#1286);
#1131=LINE('',#6100,#1287);
#1132=LINE('',#6102,#1288);
#1133=LINE('',#6104,#1289);
#1134=LINE('',#6106,#1290);
#1135=LINE('',#6108,#1291);
#1136=LINE('',#6110,#1292);
#1137=LINE('',#6113,#1293);
#1138=LINE('',#6115,#1294);
#1139=LINE('',#6117,#1295);
#1140=LINE('',#6119,#1296);
#1141=LINE('',#6121,#1297);
#1142=LINE('',#6123,#1298);
#1143=LINE('',#6125,#1299);
#1144=LINE('',#6127,#1300);
#1145=LINE('',#6129,#1301);
#1146=LINE('',#6131,#1302);
#1147=LINE('',#6133,#1303);
#1148=LINE('',#6135,#1304);
#1149=LINE('',#6138,#1305);
#1150=LINE('',#6140,#1306);
#1151=LINE('',#6142,#1307);
#1152=LINE('',#6144,#1308);
#1153=LINE('',#6146,#1309);
#1154=LINE('',#6148,#1310);
#1155=LINE('',#6150,#1311);
#1156=LINE('',#6152,#1312);
#1157=LINE('',#6154,#1313);
#1158=LINE('',#6156,#1314);
#1159=LINE('',#6158,#1315);
#1160=LINE('',#6166,#1316);
#1161=LINE('',#6167,#1317);
#1162=LINE('',#6169,#1318);
#1163=LINE('',#6171,#1319);
#1164=LINE('',#6174,#1320);
#1165=LINE('',#6175,#1321);
#1166=LINE('',#6177,#1322);
#1167=LINE('',#6179,#1323);
#1168=LINE('',#6182,#1324);
#1169=LINE('',#6183,#1325);
#1170=LINE('',#6185,#1326);
#1171=LINE('',#6187,#1327);
#1172=LINE('',#6190,#1328);
#1173=LINE('',#6191,#1329);
#1174=LINE('',#6193,#1330);
#1175=LINE('',#6195,#1331);
#1176=LINE('',#6198,#1332);
#1177=LINE('',#6199,#1333);
#1178=LINE('',#6201,#1334);
#1179=LINE('',#6203,#1335);
#1180=LINE('',#6206,#1336);
#1181=LINE('',#6207,#1337);
#1182=LINE('',#6209,#1338);
#1183=LINE('',#6211,#1339);
#1184=LINE('',#6214,#1340);
#1185=LINE('',#6215,#1341);
#1186=LINE('',#6217,#1342);
#1187=LINE('',#6219,#1343);
#1188=VECTOR('',#2921,1000.);
#1189=VECTOR('',#2922,1000.);
#1190=VECTOR('',#2923,1000.);
#1191=VECTOR('',#2924,1000.);
#1192=VECTOR('',#2951,1000.);
#1193=VECTOR('',#2952,1000.);
#1194=VECTOR('',#2953,1000.);
#1195=VECTOR('',#2954,1000.);
#1196=VECTOR('',#2955,1000.);
#1197=VECTOR('',#2956,1000.);
#1198=VECTOR('',#2957,1000.);
#1199=VECTOR('',#2958,1000.);
#1200=VECTOR('',#2959,1000.);
#1201=VECTOR('',#2960,1000.);
#1202=VECTOR('',#2961,1000.);
#1203=VECTOR('',#2962,1000.);
#1204=VECTOR('',#2963,1000.);
#1205=VECTOR('',#2964,1000.);
#1206=VECTOR('',#2965,1000.);
#1207=VECTOR('',#2966,1000.);
#1208=VECTOR('',#2967,1000.);
#1209=VECTOR('',#2968,1000.);
#1210=VECTOR('',#2969,1000.);
#1211=VECTOR('',#2970,1000.);
#1212=VECTOR('',#2983,1000.);
#1213=VECTOR('',#2984,1000.);
#1214=VECTOR('',#2985,1000.);
#1215=VECTOR('',#2986,1000.);
#1216=VECTOR('',#2987,1000.);
#1217=VECTOR('',#2988,1000.);
#1218=VECTOR('',#2989,1000.);
#1219=VECTOR('',#2990,1000.);
#1220=VECTOR('',#2991,1000.);
#1221=VECTOR('',#2992,1000.);
#1222=VECTOR('',#2993,1000.);
#1223=VECTOR('',#2994,1000.);
#1224=VECTOR('',#2997,1000.);
#1225=VECTOR('',#2998,1000.);
#1226=VECTOR('',#2999,1000.);
#1227=VECTOR('',#3000,1000.);
#1228=VECTOR('',#3007,1000.);
#1229=VECTOR('',#3014,1000.);
#1230=VECTOR('',#3015,1000.);
#1231=VECTOR('',#3016,1000.);
#1232=VECTOR('',#3149,1000.);
#1233=VECTOR('',#3150,1000.);
#1234=VECTOR('',#3151,1000.);
#1235=VECTOR('',#3152,1000.);
#1236=VECTOR('',#3155,1000.);
#1237=VECTOR('',#3156,1000.);
#1238=VECTOR('',#3157,1000.);
#1239=VECTOR('',#3160,1000.);
#1240=VECTOR('',#3161,1000.);
#1241=VECTOR('',#3164,1000.);
#1242=VECTOR('',#3165,1000.);
#1243=VECTOR('',#3168,1000.);
#1244=VECTOR('',#3171,1000.);
#1245=VECTOR('',#3172,1000.);
#1246=VECTOR('',#3173,1000.);
#1247=VECTOR('',#3174,1000.);
#1248=VECTOR('',#3177,1000.);
#1249=VECTOR('',#3178,1000.);
#1250=VECTOR('',#3179,1000.);
#1251=VECTOR('',#3182,1000.);
#1252=VECTOR('',#3183,1000.);
#1253=VECTOR('',#3186,1000.);
#1254=VECTOR('',#3187,1000.);
#1255=VECTOR('',#3190,1000.);
#1256=VECTOR('',#3193,1000.);
#1257=VECTOR('',#3194,1000.);
#1258=VECTOR('',#3195,1000.);
#1259=VECTOR('',#3196,1000.);
#1260=VECTOR('',#3199,1000.);
#1261=VECTOR('',#3200,1000.);
#1262=VECTOR('',#3201,1000.);
#1263=VECTOR('',#3204,1000.);
#1264=VECTOR('',#3205,1000.);
#1265=VECTOR('',#3208,1000.);
#1266=VECTOR('',#3209,1000.);
#1267=VECTOR('',#3212,1000.);
#1268=VECTOR('',#3215,1000.);
#1269=VECTOR('',#3216,1000.);
#1270=VECTOR('',#3217,1000.);
#1271=VECTOR('',#3218,1000.);
#1272=VECTOR('',#3221,1000.);
#1273=VECTOR('',#3222,1000.);
#1274=VECTOR('',#3223,1000.);
#1275=VECTOR('',#3226,1000.);
#1276=VECTOR('',#3227,1000.);
#1277=VECTOR('',#3230,1000.);
#1278=VECTOR('',#3231,1000.);
#1279=VECTOR('',#3234,1000.);
#1280=VECTOR('',#3237,1000.);
#1281=VECTOR('',#3238,1000.);
#1282=VECTOR('',#3239,1000.);
#1283=VECTOR('',#3240,1000.);
#1284=VECTOR('',#3243,1000.);
#1285=VECTOR('',#3244,1000.);
#1286=VECTOR('',#3245,1000.);
#1287=VECTOR('',#3248,1000.);
#1288=VECTOR('',#3249,1000.);
#1289=VECTOR('',#3252,1000.);
#1290=VECTOR('',#3253,1000.);
#1291=VECTOR('',#3256,1000.);
#1292=VECTOR('',#3259,1000.);
#1293=VECTOR('',#3260,1000.);
#1294=VECTOR('',#3261,1000.);
#1295=VECTOR('',#3262,1000.);
#1296=VECTOR('',#3265,1000.);
#1297=VECTOR('',#3266,1000.);
#1298=VECTOR('',#3267,1000.);
#1299=VECTOR('',#3270,1000.);
#1300=VECTOR('',#3271,1000.);
#1301=VECTOR('',#3274,1000.);
#1302=VECTOR('',#3275,1000.);
#1303=VECTOR('',#3278,1000.);
#1304=VECTOR('',#3281,1000.);
#1305=VECTOR('',#3282,1000.);
#1306=VECTOR('',#3283,1000.);
#1307=VECTOR('',#3284,1000.);
#1308=VECTOR('',#3287,1000.);
#1309=VECTOR('',#3288,1000.);
#1310=VECTOR('',#3289,1000.);
#1311=VECTOR('',#3292,1000.);
#1312=VECTOR('',#3293,1000.);
#1313=VECTOR('',#3296,1000.);
#1314=VECTOR('',#3297,1000.);
#1315=VECTOR('',#3300,1000.);
#1316=VECTOR('',#3315,1000.);
#1317=VECTOR('',#3316,1000.);
#1318=VECTOR('',#3319,1000.);
#1319=VECTOR('',#3322,1000.);
#1320=VECTOR('',#3327,1000.);
#1321=VECTOR('',#3328,1000.);
#1322=VECTOR('',#3331,1000.);
#1323=VECTOR('',#3334,1000.);
#1324=VECTOR('',#3339,1000.);
#1325=VECTOR('',#3340,1000.);
#1326=VECTOR('',#3343,1000.);
#1327=VECTOR('',#3346,1000.);
#1328=VECTOR('',#3351,1000.);
#1329=VECTOR('',#3352,1000.);
#1330=VECTOR('',#3355,1000.);
#1331=VECTOR('',#3358,1000.);
#1332=VECTOR('',#3363,1000.);
#1333=VECTOR('',#3364,1000.);
#1334=VECTOR('',#3367,1000.);
#1335=VECTOR('',#3370,1000.);
#1336=VECTOR('',#3375,1000.);
#1337=VECTOR('',#3376,1000.);
#1338=VECTOR('',#3379,1000.);
#1339=VECTOR('',#3382,1000.);
#1340=VECTOR('',#3387,1000.);
#1341=VECTOR('',#3388,1000.);
#1342=VECTOR('',#3391,1000.);
#1343=VECTOR('',#3394,1000.);
#1344=EDGE_LOOP('',(#144,#145,#146,#147));
#1345=EDGE_LOOP('',(#148,#149,#150,#151));
#1346=EDGE_LOOP('',(#152,#153,#154,#155));
#1347=EDGE_LOOP('',(#156,#157,#158,#159));
#1348=EDGE_LOOP('',(#160,#161,#162,#163));
#1349=EDGE_LOOP('',(#164,#165,#166,#167));
#1350=EDGE_LOOP('',(#168,#169,#170,#171));
#1351=EDGE_LOOP('',(#172,#173,#174,#175));
#1352=EDGE_LOOP('',(#176,#177,#178,#179));
#1353=EDGE_LOOP('',(#180,#181,#182,#183));
#1354=EDGE_LOOP('',(#184,#185,#186,#187));
#1355=EDGE_LOOP('',(#188,#189,#190,#191));
#1356=EDGE_LOOP('',(#192));
#1357=EDGE_LOOP('',(#193));
#1358=EDGE_LOOP('',(#194));
#1359=EDGE_LOOP('',(#195));
#1360=EDGE_LOOP('',(#196));
#1361=EDGE_LOOP('',(#197));
#1362=EDGE_LOOP('',(#198,#199,#200,#201));
#1363=EDGE_LOOP('',(#202,#203,#204,#205));
#1364=EDGE_LOOP('',(#206,#207,#208,#209));
#1365=EDGE_LOOP('',(#210,#211,#212,#213));
#1366=EDGE_LOOP('',(#214,#215,#216,#217,#218,#219,#220,#221));
#1367=EDGE_LOOP('',(#222,#223,#224,#225));
#1368=EDGE_LOOP('',(#226,#227,#228,#229,#230,#231,#232,#233));
#1369=EDGE_LOOP('',(#234,#235,#236,#237));
#1370=EDGE_LOOP('',(#238,#239,#240,#241));
#1371=EDGE_LOOP('',(#242,#243,#244,#245));
#1372=EDGE_LOOP('',(#246,#247,#248,#249));
#1373=EDGE_LOOP('',(#250,#251,#252,#253));
#1374=EDGE_LOOP('',(#254,#255,#256,#257));
#1375=EDGE_LOOP('',(#258));
#1376=EDGE_LOOP('',(#259));
#1377=EDGE_LOOP('',(#260));
#1378=EDGE_LOOP('',(#261));
#1379=EDGE_LOOP('',(#262));
#1380=EDGE_LOOP('',(#263));
#1381=EDGE_LOOP('',(#264));
#1382=EDGE_LOOP('',(#265));
#1383=EDGE_LOOP('',(#266));
#1384=EDGE_LOOP('',(#267));
#1385=EDGE_LOOP('',(#268));
#1386=EDGE_LOOP('',(#269));
#1387=EDGE_LOOP('',(#270));
#1388=EDGE_LOOP('',(#271));
#1389=EDGE_LOOP('',(#272));
#1390=EDGE_LOOP('',(#273));
#1391=EDGE_LOOP('',(#274));
#1392=EDGE_LOOP('',(#275));
#1393=EDGE_LOOP('',(#276));
#1394=EDGE_LOOP('',(#277));
#1395=EDGE_LOOP('',(#278));
#1396=EDGE_LOOP('',(#279));
#1397=EDGE_LOOP('',(#280));
#1398=EDGE_LOOP('',(#281));
#1399=EDGE_LOOP('',(#282));
#1400=EDGE_LOOP('',(#283));
#1401=EDGE_LOOP('',(#284));
#1402=EDGE_LOOP('',(#285));
#1403=EDGE_LOOP('',(#286));
#1404=EDGE_LOOP('',(#287));
#1405=EDGE_LOOP('',(#288));
#1406=EDGE_LOOP('',(#289));
#1407=EDGE_LOOP('',(#290));
#1408=EDGE_LOOP('',(#291));
#1409=EDGE_LOOP('',(#292));
#1410=EDGE_LOOP('',(#293));
#1411=EDGE_LOOP('',(#294));
#1412=EDGE_LOOP('',(#295));
#1413=EDGE_LOOP('',(#296));
#1414=EDGE_LOOP('',(#297));
#1415=EDGE_LOOP('',(#298));
#1416=EDGE_LOOP('',(#299));
#1417=EDGE_LOOP('',(#300,#301,#302,#303));
#1418=EDGE_LOOP('',(#304,#305,#306,#307));
#1419=EDGE_LOOP('',(#308,#309,#310,#311));
#1420=EDGE_LOOP('',(#312,#313,#314,#315));
#1421=EDGE_LOOP('',(#316,#317,#318,#319));
#1422=EDGE_LOOP('',(#320,#321,#322,#323));
#1423=EDGE_LOOP('',(#324,#325,#326,#327));
#1424=EDGE_LOOP('',(#328,#329,#330,#331));
#1425=EDGE_LOOP('',(#332,#333,#334,#335));
#1426=EDGE_LOOP('',(#336,#337,#338,#339));
#1427=EDGE_LOOP('',(#340,#341,#342,#343));
#1428=EDGE_LOOP('',(#344,#345,#346,#347));
#1429=EDGE_LOOP('',(#348,#349,#350,#351));
#1430=EDGE_LOOP('',(#352,#353,#354,#355));
#1431=EDGE_LOOP('',(#356,#357,#358,#359));
#1432=EDGE_LOOP('',(#360,#361,#362,#363));
#1433=EDGE_LOOP('',(#364,#365,#366,#367));
#1434=EDGE_LOOP('',(#368,#369,#370,#371));
#1435=EDGE_LOOP('',(#372,#373,#374,#375));
#1436=EDGE_LOOP('',(#376,#377,#378,#379));
#1437=EDGE_LOOP('',(#380,#381,#382,#383));
#1438=EDGE_LOOP('',(#384,#385,#386,#387));
#1439=EDGE_LOOP('',(#388,#389,#390,#391));
#1440=EDGE_LOOP('',(#392,#393,#394,#395));
#1441=EDGE_LOOP('',(#396,#397,#398,#399));
#1442=EDGE_LOOP('',(#400,#401,#402,#403));
#1443=EDGE_LOOP('',(#404,#405,#406,#407));
#1444=EDGE_LOOP('',(#408,#409,#410,#411));
#1445=EDGE_LOOP('',(#412,#413,#414,#415));
#1446=EDGE_LOOP('',(#416,#417,#418,#419));
#1447=EDGE_LOOP('',(#420,#421,#422,#423));
#1448=EDGE_LOOP('',(#424,#425,#426,#427));
#1449=EDGE_LOOP('',(#428,#429,#430,#431));
#1450=EDGE_LOOP('',(#432,#433,#434,#435));
#1451=EDGE_LOOP('',(#436,#437,#438,#439));
#1452=EDGE_LOOP('',(#440));
#1453=EDGE_LOOP('',(#441));
#1454=EDGE_LOOP('',(#442));
#1455=EDGE_LOOP('',(#443));
#1456=EDGE_LOOP('',(#444));
#1457=EDGE_LOOP('',(#445));
#1458=EDGE_LOOP('',(#446));
#1459=EDGE_LOOP('',(#447));
#1460=EDGE_LOOP('',(#448));
#1461=EDGE_LOOP('',(#449));
#1462=EDGE_LOOP('',(#450));
#1463=EDGE_LOOP('',(#451));
#1464=EDGE_LOOP('',(#452,#453,#454,#455));
#1465=EDGE_LOOP('',(#456,#457,#458,#459));
#1466=EDGE_LOOP('',(#460,#461,#462,#463));
#1467=EDGE_LOOP('',(#464,#465,#466,#467));
#1468=EDGE_LOOP('',(#468,#469,#470,#471));
#1469=EDGE_LOOP('',(#472,#473,#474,#475));
#1470=EDGE_LOOP('',(#476,#477,#478,#479));
#1471=EDGE_LOOP('',(#480,#481,#482,#483));
#1472=EDGE_LOOP('',(#484,#485,#486,#487));
#1473=EDGE_LOOP('',(#488,#489,#490,#491));
#1474=EDGE_LOOP('',(#492,#493,#494,#495));
#1475=EDGE_LOOP('',(#496,#497,#498,#499));
#1476=EDGE_LOOP('',(#500,#501,#502,#503));
#1477=EDGE_LOOP('',(#504,#505,#506,#507));
#1478=EDGE_LOOP('',(#508,#509,#510,#511));
#1479=EDGE_LOOP('',(#512,#513,#514,#515));
#1480=EDGE_LOOP('',(#516,#517,#518,#519));
#1481=EDGE_LOOP('',(#520,#521,#522,#523));
#1482=EDGE_LOOP('',(#524,#525,#526,#527));
#1483=EDGE_LOOP('',(#528,#529,#530,#531));
#1484=EDGE_LOOP('',(#532,#533,#534,#535));
#1485=EDGE_LOOP('',(#536,#537,#538,#539));
#1486=EDGE_LOOP('',(#540,#541,#542,#543));
#1487=EDGE_LOOP('',(#544,#545,#546,#547));
#1488=EDGE_LOOP('',(#548,#549,#550,#551));
#1489=EDGE_LOOP('',(#552,#553,#554,#555));
#1490=EDGE_LOOP('',(#556,#557,#558,#559));
#1491=EDGE_LOOP('',(#560,#561,#562,#563));
#1492=EDGE_LOOP('',(#564,#565,#566,#567));
#1493=EDGE_LOOP('',(#568,#569,#570,#571));
#1494=EDGE_LOOP('',(#572,#573,#574,#575));
#1495=EDGE_LOOP('',(#576,#577,#578,#579));
#1496=EDGE_LOOP('',(#580,#581,#582,#583));
#1497=EDGE_LOOP('',(#584,#585,#586,#587));
#1498=EDGE_LOOP('',(#588,#589,#590,#591));
#1499=EDGE_LOOP('',(#592,#593,#594,#595));
#1500=EDGE_LOOP('',(#596,#597,#598,#599));
#1501=EDGE_LOOP('',(#600,#601,#602,#603));
#1502=EDGE_LOOP('',(#604,#605,#606,#607));
#1503=EDGE_LOOP('',(#608,#609,#610,#611));
#1504=EDGE_LOOP('',(#612,#613,#614,#615));
#1505=EDGE_LOOP('',(#616,#617,#618,#619));
#1506=EDGE_LOOP('',(#620,#621,#622,#623));
#1507=EDGE_LOOP('',(#624,#625,#626,#627));
#1508=FACE_BOUND('',#1344,.T.);
#1509=FACE_BOUND('',#1345,.T.);
#1510=FACE_BOUND('',#1346,.T.);
#1511=FACE_BOUND('',#1347,.T.);
#1512=FACE_BOUND('',#1348,.T.);
#1513=FACE_BOUND('',#1349,.T.);
#1514=FACE_BOUND('',#1350,.T.);
#1515=FACE_BOUND('',#1351,.T.);
#1516=FACE_BOUND('',#1352,.T.);
#1517=FACE_BOUND('',#1353,.T.);
#1518=FACE_BOUND('',#1354,.T.);
#1519=FACE_BOUND('',#1355,.T.);
#1520=FACE_BOUND('',#1356,.T.);
#1521=FACE_BOUND('',#1357,.T.);
#1522=FACE_BOUND('',#1358,.T.);
#1523=FACE_BOUND('',#1359,.T.);
#1524=FACE_BOUND('',#1360,.T.);
#1525=FACE_BOUND('',#1361,.T.);
#1526=FACE_BOUND('',#1362,.T.);
#1527=FACE_BOUND('',#1363,.T.);
#1528=FACE_BOUND('',#1364,.T.);
#1529=FACE_BOUND('',#1365,.T.);
#1530=FACE_BOUND('',#1366,.T.);
#1531=FACE_BOUND('',#1367,.T.);
#1532=FACE_BOUND('',#1368,.T.);
#1533=FACE_BOUND('',#1369,.T.);
#1534=FACE_BOUND('',#1370,.T.);
#1535=FACE_BOUND('',#1371,.T.);
#1536=FACE_BOUND('',#1372,.T.);
#1537=FACE_BOUND('',#1373,.T.);
#1538=FACE_BOUND('',#1374,.T.);
#1539=FACE_BOUND('',#1375,.T.);
#1540=FACE_BOUND('',#1376,.T.);
#1541=FACE_BOUND('',#1377,.T.);
#1542=FACE_BOUND('',#1378,.T.);
#1543=FACE_BOUND('',#1379,.T.);
#1544=FACE_BOUND('',#1380,.T.);
#1545=FACE_BOUND('',#1381,.T.);
#1546=FACE_BOUND('',#1382,.T.);
#1547=FACE_BOUND('',#1383,.T.);
#1548=FACE_BOUND('',#1384,.T.);
#1549=FACE_BOUND('',#1385,.T.);
#1550=FACE_BOUND('',#1386,.T.);
#1551=FACE_BOUND('',#1387,.T.);
#1552=FACE_BOUND('',#1388,.T.);
#1553=FACE_BOUND('',#1389,.T.);
#1554=FACE_BOUND('',#1390,.T.);
#1555=FACE_BOUND('',#1391,.T.);
#1556=FACE_BOUND('',#1392,.T.);
#1557=FACE_BOUND('',#1393,.T.);
#1558=FACE_BOUND('',#1394,.T.);
#1559=FACE_BOUND('',#1395,.T.);
#1560=FACE_BOUND('',#1396,.T.);
#1561=FACE_BOUND('',#1397,.T.);
#1562=FACE_BOUND('',#1398,.T.);
#1563=FACE_BOUND('',#1399,.T.);
#1564=FACE_BOUND('',#1400,.T.);
#1565=FACE_BOUND('',#1401,.T.);
#1566=FACE_BOUND('',#1402,.T.);
#1567=FACE_BOUND('',#1403,.T.);
#1568=FACE_BOUND('',#1404,.T.);
#1569=FACE_BOUND('',#1405,.T.);
#1570=FACE_BOUND('',#1406,.T.);
#1571=FACE_BOUND('',#1407,.T.);
#1572=FACE_BOUND('',#1408,.T.);
#1573=FACE_BOUND('',#1409,.T.);
#1574=FACE_BOUND('',#1410,.T.);
#1575=FACE_BOUND('',#1411,.T.);
#1576=FACE_BOUND('',#1412,.T.);
#1577=FACE_BOUND('',#1413,.T.);
#1578=FACE_BOUND('',#1414,.T.);
#1579=FACE_BOUND('',#1415,.T.);
#1580=FACE_BOUND('',#1416,.T.);
#1581=FACE_BOUND('',#1417,.T.);
#1582=FACE_BOUND('',#1418,.T.);
#1583=FACE_BOUND('',#1419,.T.);
#1584=FACE_BOUND('',#1420,.T.);
#1585=FACE_BOUND('',#1421,.T.);
#1586=FACE_BOUND('',#1422,.T.);
#1587=FACE_BOUND('',#1423,.T.);
#1588=FACE_BOUND('',#1424,.T.);
#1589=FACE_BOUND('',#1425,.T.);
#1590=FACE_BOUND('',#1426,.T.);
#1591=FACE_BOUND('',#1427,.T.);
#1592=FACE_BOUND('',#1428,.T.);
#1593=FACE_BOUND('',#1429,.T.);
#1594=FACE_BOUND('',#1430,.T.);
#1595=FACE_BOUND('',#1431,.T.);
#1596=FACE_BOUND('',#1432,.T.);
#1597=FACE_BOUND('',#1433,.T.);
#1598=FACE_BOUND('',#1434,.T.);
#1599=FACE_BOUND('',#1435,.T.);
#1600=FACE_BOUND('',#1436,.T.);
#1601=FACE_BOUND('',#1437,.T.);
#1602=FACE_BOUND('',#1438,.T.);
#1603=FACE_BOUND('',#1439,.T.);
#1604=FACE_BOUND('',#1440,.T.);
#1605=FACE_BOUND('',#1441,.T.);
#1606=FACE_BOUND('',#1442,.T.);
#1607=FACE_BOUND('',#1443,.T.);
#1608=FACE_BOUND('',#1444,.T.);
#1609=FACE_BOUND('',#1445,.T.);
#1610=FACE_BOUND('',#1446,.T.);
#1611=FACE_BOUND('',#1447,.T.);
#1612=FACE_BOUND('',#1448,.T.);
#1613=FACE_BOUND('',#1449,.T.);
#1614=FACE_BOUND('',#1450,.T.);
#1615=FACE_BOUND('',#1451,.T.);
#1616=FACE_BOUND('',#1452,.T.);
#1617=FACE_BOUND('',#1453,.T.);
#1618=FACE_BOUND('',#1454,.T.);
#1619=FACE_BOUND('',#1455,.T.);
#1620=FACE_BOUND('',#1456,.T.);
#1621=FACE_BOUND('',#1457,.T.);
#1622=FACE_BOUND('',#1458,.T.);
#1623=FACE_BOUND('',#1459,.T.);
#1624=FACE_BOUND('',#1460,.T.);
#1625=FACE_BOUND('',#1461,.T.);
#1626=FACE_BOUND('',#1462,.T.);
#1627=FACE_BOUND('',#1463,.T.);
#1628=FACE_BOUND('',#1464,.T.);
#1629=FACE_BOUND('',#1465,.T.);
#1630=FACE_BOUND('',#1466,.T.);
#1631=FACE_BOUND('',#1467,.T.);
#1632=FACE_BOUND('',#1468,.T.);
#1633=FACE_BOUND('',#1469,.T.);
#1634=FACE_BOUND('',#1470,.T.);
#1635=FACE_BOUND('',#1471,.T.);
#1636=FACE_BOUND('',#1472,.T.);
#1637=FACE_BOUND('',#1473,.T.);
#1638=FACE_BOUND('',#1474,.T.);
#1639=FACE_BOUND('',#1475,.T.);
#1640=FACE_BOUND('',#1476,.T.);
#1641=FACE_BOUND('',#1477,.T.);
#1642=FACE_BOUND('',#1478,.T.);
#1643=FACE_BOUND('',#1479,.T.);
#1644=FACE_BOUND('',#1480,.T.);
#1645=FACE_BOUND('',#1481,.T.);
#1646=FACE_BOUND('',#1482,.T.);
#1647=FACE_BOUND('',#1483,.T.);
#1648=FACE_BOUND('',#1484,.T.);
#1649=FACE_BOUND('',#1485,.T.);
#1650=FACE_BOUND('',#1486,.T.);
#1651=FACE_BOUND('',#1487,.T.);
#1652=FACE_BOUND('',#1488,.T.);
#1653=FACE_BOUND('',#1489,.T.);
#1654=FACE_BOUND('',#1490,.T.);
#1655=FACE_BOUND('',#1491,.T.);
#1656=FACE_BOUND('',#1492,.T.);
#1657=FACE_BOUND('',#1493,.T.);
#1658=FACE_BOUND('',#1494,.T.);
#1659=FACE_BOUND('',#1495,.T.);
#1660=FACE_BOUND('',#1496,.T.);
#1661=FACE_BOUND('',#1497,.T.);
#1662=FACE_BOUND('',#1498,.T.);
#1663=FACE_BOUND('',#1499,.T.);
#1664=FACE_BOUND('',#1500,.T.);
#1665=FACE_BOUND('',#1501,.T.);
#1666=FACE_BOUND('',#1502,.T.);
#1667=FACE_BOUND('',#1503,.T.);
#1668=FACE_BOUND('',#1504,.T.);
#1669=FACE_BOUND('',#1505,.T.);
#1670=FACE_BOUND('',#1506,.T.);
#1671=FACE_BOUND('',#1507,.T.);
#1672=PLANE('',#2748);
#1673=PLANE('',#2761);
#1674=PLANE('',#2768);
#1675=PLANE('',#2769);
#1676=PLANE('',#2774);
#1677=PLANE('',#2775);
#1678=PLANE('',#2780);
#1679=PLANE('',#2782);
#1680=PLANE('',#2784);
#1681=PLANE('',#2788);
#1682=PLANE('',#2792);
#1683=PLANE('',#2796);
#1684=PLANE('',#2800);
#1685=PLANE('',#2804);
#1686=PLANE('',#2808);
#1687=PLANE('',#2812);
#1688=PLANE('',#2816);
#1689=PLANE('',#2820);
#1690=PLANE('',#2824);
#1691=PLANE('',#2828);
#1692=PLANE('',#2832);
#1693=PLANE('',#2836);
#1694=PLANE('',#2840);
#1695=PLANE('',#2841);
#1696=PLANE('',#2842);
#1697=PLANE('',#2843);
#1698=PLANE('',#2844);
#1699=PLANE('',#2845);
#1700=PLANE('',#2846);
#1701=PLANE('',#2847);
#1702=PLANE('',#2848);
#1703=PLANE('',#2849);
#1704=PLANE('',#2850);
#1705=PLANE('',#2851);
#1706=PLANE('',#2852);
#1707=PLANE('',#2853);
#1708=PLANE('',#2854);
#1709=PLANE('',#2855);
#1710=PLANE('',#2856);
#1711=PLANE('',#2857);
#1712=PLANE('',#2858);
#1713=PLANE('',#2859);
#1714=PLANE('',#2860);
#1715=PLANE('',#2861);
#1716=PLANE('',#2862);
#1717=PLANE('',#2863);
#1718=PLANE('',#2864);
#1719=PLANE('',#2865);
#1720=PLANE('',#2866);
#1721=PLANE('',#2867);
#1722=PLANE('',#2868);
#1723=PLANE('',#2869);
#1724=PLANE('',#2870);
#1725=PLANE('',#2871);
#1726=PLANE('',#2872);
#1727=PLANE('',#2873);
#1728=PLANE('',#2874);
#1729=PLANE('',#2881);
#1730=PLANE('',#2882);
#1731=PLANE('',#2883);
#1732=PLANE('',#2884);
#1733=PLANE('',#2885);
#1734=PLANE('',#2886);
#1735=PLANE('',#2887);
#1736=PLANE('',#2888);
#1737=PLANE('',#2889);
#1738=PLANE('',#2890);
#1739=PLANE('',#2891);
#1740=PLANE('',#2892);
#1741=PLANE('',#2893);
#1742=PLANE('',#2894);
#1743=PLANE('',#2895);
#1744=PLANE('',#2896);
#1745=PLANE('',#2897);
#1746=PLANE('',#2898);
#1747=PLANE('',#2899);
#1748=PLANE('',#2900);
#1749=PLANE('',#2901);
#1750=PLANE('',#2902);
#1751=PLANE('',#2903);
#1752=PLANE('',#2904);
#1753=PLANE('',#2905);
#1754=PLANE('',#2906);
#1755=PLANE('',#2907);
#1756=PLANE('',#2908);
#1757=STYLED_ITEM('',(#1880),#2620);
#1758=STYLED_ITEM('',(#1881),#2621);
#1759=STYLED_ITEM('',(#1882),#2622);
#1760=STYLED_ITEM('',(#1883),#2623);
#1761=STYLED_ITEM('',(#1884),#2624);
#1762=STYLED_ITEM('',(#1885),#2625);
#1763=STYLED_ITEM('',(#1886),#2626);
#1764=STYLED_ITEM('',(#1887),#2627);
#1765=STYLED_ITEM('',(#1888),#2628);
#1766=STYLED_ITEM('',(#1889),#2629);
#1767=STYLED_ITEM('',(#1890),#2630);
#1768=STYLED_ITEM('',(#1891),#2631);
#1769=STYLED_ITEM('',(#1892),#2632);
#1770=STYLED_ITEM('',(#1893),#2633);
#1771=STYLED_ITEM('',(#1894),#2634);
#1772=STYLED_ITEM('',(#1895),#2635);
#1773=STYLED_ITEM('',(#1896),#2636);
#1774=STYLED_ITEM('',(#1897),#2637);
#1775=STYLED_ITEM('',(#1898),#2638);
#1776=STYLED_ITEM('',(#1899),#2639);
#1777=STYLED_ITEM('',(#1900),#2640);
#1778=STYLED_ITEM('',(#1901),#2641);
#1779=STYLED_ITEM('',(#1902),#2642);
#1780=STYLED_ITEM('',(#1903),#2643);
#1781=STYLED_ITEM('',(#1904),#2644);
#1782=STYLED_ITEM('',(#1905),#2645);
#1783=STYLED_ITEM('',(#1906),#2646);
#1784=STYLED_ITEM('',(#1907),#2647);
#1785=STYLED_ITEM('',(#1908),#2648);
#1786=STYLED_ITEM('',(#1909),#2649);
#1787=STYLED_ITEM('',(#1910),#2650);
#1788=STYLED_ITEM('',(#1911),#2651);
#1789=STYLED_ITEM('',(#1912),#2652);
#1790=STYLED_ITEM('',(#1913),#2653);
#1791=STYLED_ITEM('',(#1914),#2654);
#1792=STYLED_ITEM('',(#1915),#2655);
#1793=STYLED_ITEM('',(#1916),#2656);
#1794=STYLED_ITEM('',(#1917),#2657);
#1795=STYLED_ITEM('',(#1918),#2658);
#1796=STYLED_ITEM('',(#1919),#2659);
#1797=STYLED_ITEM('',(#1920),#2660);
#1798=STYLED_ITEM('',(#1921),#2661);
#1799=STYLED_ITEM('',(#1922),#2662);
#1800=STYLED_ITEM('',(#1923),#2663);
#1801=STYLED_ITEM('',(#1924),#2664);
#1802=STYLED_ITEM('',(#1925),#2665);
#1803=STYLED_ITEM('',(#1926),#2666);
#1804=STYLED_ITEM('',(#1927),#2667);
#1805=STYLED_ITEM('',(#1928),#2668);
#1806=STYLED_ITEM('',(#1929),#2669);
#1807=STYLED_ITEM('',(#1930),#2670);
#1808=STYLED_ITEM('',(#1931),#2671);
#1809=STYLED_ITEM('',(#1932),#2672);
#1810=STYLED_ITEM('',(#1933),#2673);
#1811=STYLED_ITEM('',(#1934),#2674);
#1812=STYLED_ITEM('',(#1935),#2675);
#1813=STYLED_ITEM('',(#1936),#2676);
#1814=STYLED_ITEM('',(#1937),#2677);
#1815=STYLED_ITEM('',(#1938),#2678);
#1816=STYLED_ITEM('',(#1939),#2679);
#1817=STYLED_ITEM('',(#1940),#2680);
#1818=STYLED_ITEM('',(#1941),#2681);
#1819=STYLED_ITEM('',(#1942),#2682);
#1820=STYLED_ITEM('',(#1943),#2683);
#1821=STYLED_ITEM('',(#1944),#2684);
#1822=STYLED_ITEM('',(#1945),#2685);
#1823=STYLED_ITEM('',(#1946),#2686);
#1824=STYLED_ITEM('',(#1947),#2687);
#1825=STYLED_ITEM('',(#1948),#2688);
#1826=STYLED_ITEM('',(#1949),#2689);
#1827=STYLED_ITEM('',(#1950),#2690);
#1828=STYLED_ITEM('',(#1951),#2691);
#1829=STYLED_ITEM('',(#1952),#2692);
#1830=STYLED_ITEM('',(#1953),#2693);
#1831=STYLED_ITEM('',(#1954),#2694);
#1832=STYLED_ITEM('',(#1955),#2695);
#1833=STYLED_ITEM('',(#1956),#2696);
#1834=STYLED_ITEM('',(#1957),#2697);
#1835=STYLED_ITEM('',(#1958),#2698);
#1836=STYLED_ITEM('',(#1959),#2699);
#1837=STYLED_ITEM('',(#1960),#2700);
#1838=STYLED_ITEM('',(#1961),#2701);
#1839=STYLED_ITEM('',(#1962),#2702);
#1840=STYLED_ITEM('',(#1963),#2703);
#1841=STYLED_ITEM('',(#1964),#2704);
#1842=STYLED_ITEM('',(#1965),#2705);
#1843=STYLED_ITEM('',(#1966),#2706);
#1844=STYLED_ITEM('',(#1967),#2707);
#1845=STYLED_ITEM('',(#1968),#2708);
#1846=STYLED_ITEM('',(#1969),#2709);
#1847=STYLED_ITEM('',(#1970),#2710);
#1848=STYLED_ITEM('',(#1971),#2711);
#1849=STYLED_ITEM('',(#1972),#2712);
#1850=STYLED_ITEM('',(#1973),#2713);
#1851=STYLED_ITEM('',(#1974),#2714);
#1852=STYLED_ITEM('',(#1975),#2715);
#1853=STYLED_ITEM('',(#1976),#2716);
#1854=STYLED_ITEM('',(#1977),#2717);
#1855=STYLED_ITEM('',(#1978),#2718);
#1856=STYLED_ITEM('',(#1979),#2719);
#1857=STYLED_ITEM('',(#1980),#2720);
#1858=STYLED_ITEM('',(#1981),#2721);
#1859=STYLED_ITEM('',(#1982),#2722);
#1860=STYLED_ITEM('',(#1983),#2723);
#1861=STYLED_ITEM('',(#1984),#2724);
#1862=STYLED_ITEM('',(#1985),#2725);
#1863=STYLED_ITEM('',(#1986),#2726);
#1864=STYLED_ITEM('',(#1987),#2727);
#1865=STYLED_ITEM('',(#1988),#2728);
#1866=STYLED_ITEM('',(#1989),#2729);
#1867=STYLED_ITEM('',(#1990),#2730);
#1868=STYLED_ITEM('',(#1991),#2731);
#1869=STYLED_ITEM('',(#1992),#2732);
#1870=STYLED_ITEM('',(#1993),#2733);
#1871=STYLED_ITEM('',(#1994),#2734);
#1872=STYLED_ITEM('',(#1995),#2735);
#1873=STYLED_ITEM('',(#1996),#2736);
#1874=STYLED_ITEM('',(#1997),#2737);
#1875=STYLED_ITEM('',(#1998),#2738);
#1876=STYLED_ITEM('',(#1999),#2739);
#1877=STYLED_ITEM('',(#2000),#2740);
#1878=STYLED_ITEM('',(#2001),#2741);
#1879=STYLED_ITEM('',(#2002),#2742);
#1880=PRESENTATION_STYLE_ASSIGNMENT((#2003));
#1881=PRESENTATION_STYLE_ASSIGNMENT((#2004));
#1882=PRESENTATION_STYLE_ASSIGNMENT((#2005));
#1883=PRESENTATION_STYLE_ASSIGNMENT((#2006));
#1884=PRESENTATION_STYLE_ASSIGNMENT((#2007));
#1885=PRESENTATION_STYLE_ASSIGNMENT((#2008));
#1886=PRESENTATION_STYLE_ASSIGNMENT((#2009));
#1887=PRESENTATION_STYLE_ASSIGNMENT((#2010));
#1888=PRESENTATION_STYLE_ASSIGNMENT((#2011));
#1889=PRESENTATION_STYLE_ASSIGNMENT((#2012));
#1890=PRESENTATION_STYLE_ASSIGNMENT((#2013));
#1891=PRESENTATION_STYLE_ASSIGNMENT((#2014));
#1892=PRESENTATION_STYLE_ASSIGNMENT((#2015));
#1893=PRESENTATION_STYLE_ASSIGNMENT((#2016));
#1894=PRESENTATION_STYLE_ASSIGNMENT((#2017));
#1895=PRESENTATION_STYLE_ASSIGNMENT((#2018));
#1896=PRESENTATION_STYLE_ASSIGNMENT((#2019));
#1897=PRESENTATION_STYLE_ASSIGNMENT((#2020));
#1898=PRESENTATION_STYLE_ASSIGNMENT((#2021));
#1899=PRESENTATION_STYLE_ASSIGNMENT((#2022));
#1900=PRESENTATION_STYLE_ASSIGNMENT((#2023));
#1901=PRESENTATION_STYLE_ASSIGNMENT((#2024));
#1902=PRESENTATION_STYLE_ASSIGNMENT((#2025));
#1903=PRESENTATION_STYLE_ASSIGNMENT((#2026));
#1904=PRESENTATION_STYLE_ASSIGNMENT((#2027));
#1905=PRESENTATION_STYLE_ASSIGNMENT((#2028));
#1906=PRESENTATION_STYLE_ASSIGNMENT((#2029));
#1907=PRESENTATION_STYLE_ASSIGNMENT((#2030));
#1908=PRESENTATION_STYLE_ASSIGNMENT((#2031));
#1909=PRESENTATION_STYLE_ASSIGNMENT((#2032));
#1910=PRESENTATION_STYLE_ASSIGNMENT((#2033));
#1911=PRESENTATION_STYLE_ASSIGNMENT((#2034));
#1912=PRESENTATION_STYLE_ASSIGNMENT((#2035));
#1913=PRESENTATION_STYLE_ASSIGNMENT((#2036));
#1914=PRESENTATION_STYLE_ASSIGNMENT((#2037));
#1915=PRESENTATION_STYLE_ASSIGNMENT((#2038));
#1916=PRESENTATION_STYLE_ASSIGNMENT((#2039));
#1917=PRESENTATION_STYLE_ASSIGNMENT((#2040));
#1918=PRESENTATION_STYLE_ASSIGNMENT((#2041));
#1919=PRESENTATION_STYLE_ASSIGNMENT((#2042));
#1920=PRESENTATION_STYLE_ASSIGNMENT((#2043));
#1921=PRESENTATION_STYLE_ASSIGNMENT((#2044));
#1922=PRESENTATION_STYLE_ASSIGNMENT((#2045));
#1923=PRESENTATION_STYLE_ASSIGNMENT((#2046));
#1924=PRESENTATION_STYLE_ASSIGNMENT((#2047));
#1925=PRESENTATION_STYLE_ASSIGNMENT((#2048));
#1926=PRESENTATION_STYLE_ASSIGNMENT((#2049));
#1927=PRESENTATION_STYLE_ASSIGNMENT((#2050));
#1928=PRESENTATION_STYLE_ASSIGNMENT((#2051));
#1929=PRESENTATION_STYLE_ASSIGNMENT((#2052));
#1930=PRESENTATION_STYLE_ASSIGNMENT((#2053));
#1931=PRESENTATION_STYLE_ASSIGNMENT((#2054));
#1932=PRESENTATION_STYLE_ASSIGNMENT((#2055));
#1933=PRESENTATION_STYLE_ASSIGNMENT((#2056));
#1934=PRESENTATION_STYLE_ASSIGNMENT((#2057));
#1935=PRESENTATION_STYLE_ASSIGNMENT((#2058));
#1936=PRESENTATION_STYLE_ASSIGNMENT((#2059));
#1937=PRESENTATION_STYLE_ASSIGNMENT((#2060));
#1938=PRESENTATION_STYLE_ASSIGNMENT((#2061));
#1939=PRESENTATION_STYLE_ASSIGNMENT((#2062));
#1940=PRESENTATION_STYLE_ASSIGNMENT((#2063));
#1941=PRESENTATION_STYLE_ASSIGNMENT((#2064));
#1942=PRESENTATION_STYLE_ASSIGNMENT((#2065));
#1943=PRESENTATION_STYLE_ASSIGNMENT((#2066));
#1944=PRESENTATION_STYLE_ASSIGNMENT((#2067));
#1945=PRESENTATION_STYLE_ASSIGNMENT((#2068));
#1946=PRESENTATION_STYLE_ASSIGNMENT((#2069));
#1947=PRESENTATION_STYLE_ASSIGNMENT((#2070));
#1948=PRESENTATION_STYLE_ASSIGNMENT((#2071));
#1949=PRESENTATION_STYLE_ASSIGNMENT((#2072));
#1950=PRESENTATION_STYLE_ASSIGNMENT((#2073));
#1951=PRESENTATION_STYLE_ASSIGNMENT((#2074));
#1952=PRESENTATION_STYLE_ASSIGNMENT((#2075));
#1953=PRESENTATION_STYLE_ASSIGNMENT((#2076));
#1954=PRESENTATION_STYLE_ASSIGNMENT((#2077));
#1955=PRESENTATION_STYLE_ASSIGNMENT((#2078));
#1956=PRESENTATION_STYLE_ASSIGNMENT((#2079));
#1957=PRESENTATION_STYLE_ASSIGNMENT((#2080));
#1958=PRESENTATION_STYLE_ASSIGNMENT((#2081));
#1959=PRESENTATION_STYLE_ASSIGNMENT((#2082));
#1960=PRESENTATION_STYLE_ASSIGNMENT((#2083));
#1961=PRESENTATION_STYLE_ASSIGNMENT((#2084));
#1962=PRESENTATION_STYLE_ASSIGNMENT((#2085));
#1963=PRESENTATION_STYLE_ASSIGNMENT((#2086));
#1964=PRESENTATION_STYLE_ASSIGNMENT((#2087));
#1965=PRESENTATION_STYLE_ASSIGNMENT((#2088));
#1966=PRESENTATION_STYLE_ASSIGNMENT((#2089));
#1967=PRESENTATION_STYLE_ASSIGNMENT((#2090));
#1968=PRESENTATION_STYLE_ASSIGNMENT((#2091));
#1969=PRESENTATION_STYLE_ASSIGNMENT((#2092));
#1970=PRESENTATION_STYLE_ASSIGNMENT((#2093));
#1971=PRESENTATION_STYLE_ASSIGNMENT((#2094));
#1972=PRESENTATION_STYLE_ASSIGNMENT((#2095));
#1973=PRESENTATION_STYLE_ASSIGNMENT((#2096));
#1974=PRESENTATION_STYLE_ASSIGNMENT((#2097));
#1975=PRESENTATION_STYLE_ASSIGNMENT((#2098));
#1976=PRESENTATION_STYLE_ASSIGNMENT((#2099));
#1977=PRESENTATION_STYLE_ASSIGNMENT((#2100));
#1978=PRESENTATION_STYLE_ASSIGNMENT((#2101));
#1979=PRESENTATION_STYLE_ASSIGNMENT((#2102));
#1980=PRESENTATION_STYLE_ASSIGNMENT((#2103));
#1981=PRESENTATION_STYLE_ASSIGNMENT((#2104));
#1982=PRESENTATION_STYLE_ASSIGNMENT((#2105));
#1983=PRESENTATION_STYLE_ASSIGNMENT((#2106));
#1984=PRESENTATION_STYLE_ASSIGNMENT((#2107));
#1985=PRESENTATION_STYLE_ASSIGNMENT((#2108));
#1986=PRESENTATION_STYLE_ASSIGNMENT((#2109));
#1987=PRESENTATION_STYLE_ASSIGNMENT((#2110));
#1988=PRESENTATION_STYLE_ASSIGNMENT((#2111));
#1989=PRESENTATION_STYLE_ASSIGNMENT((#2112));
#1990=PRESENTATION_STYLE_ASSIGNMENT((#2113));
#1991=PRESENTATION_STYLE_ASSIGNMENT((#2114));
#1992=PRESENTATION_STYLE_ASSIGNMENT((#2115));
#1993=PRESENTATION_STYLE_ASSIGNMENT((#2116));
#1994=PRESENTATION_STYLE_ASSIGNMENT((#2117));
#1995=PRESENTATION_STYLE_ASSIGNMENT((#2118));
#1996=PRESENTATION_STYLE_ASSIGNMENT((#2119));
#1997=PRESENTATION_STYLE_ASSIGNMENT((#2120));
#1998=PRESENTATION_STYLE_ASSIGNMENT((#2121));
#1999=PRESENTATION_STYLE_ASSIGNMENT((#2122));
#2000=PRESENTATION_STYLE_ASSIGNMENT((#2123));
#2001=PRESENTATION_STYLE_ASSIGNMENT((#2124));
#2002=PRESENTATION_STYLE_ASSIGNMENT((#2125));
#2003=SURFACE_STYLE_USAGE(.BOTH.,#2126);
#2004=SURFACE_STYLE_USAGE(.BOTH.,#2127);
#2005=SURFACE_STYLE_USAGE(.BOTH.,#2128);
#2006=SURFACE_STYLE_USAGE(.BOTH.,#2129);
#2007=SURFACE_STYLE_USAGE(.BOTH.,#2130);
#2008=SURFACE_STYLE_USAGE(.BOTH.,#2131);
#2009=SURFACE_STYLE_USAGE(.BOTH.,#2132);
#2010=SURFACE_STYLE_USAGE(.BOTH.,#2133);
#2011=SURFACE_STYLE_USAGE(.BOTH.,#2134);
#2012=SURFACE_STYLE_USAGE(.BOTH.,#2135);
#2013=SURFACE_STYLE_USAGE(.BOTH.,#2136);
#2014=SURFACE_STYLE_USAGE(.BOTH.,#2137);
#2015=SURFACE_STYLE_USAGE(.BOTH.,#2138);
#2016=SURFACE_STYLE_USAGE(.BOTH.,#2139);
#2017=SURFACE_STYLE_USAGE(.BOTH.,#2140);
#2018=SURFACE_STYLE_USAGE(.BOTH.,#2141);
#2019=SURFACE_STYLE_USAGE(.BOTH.,#2142);
#2020=SURFACE_STYLE_USAGE(.BOTH.,#2143);
#2021=SURFACE_STYLE_USAGE(.BOTH.,#2144);
#2022=SURFACE_STYLE_USAGE(.BOTH.,#2145);
#2023=SURFACE_STYLE_USAGE(.BOTH.,#2146);
#2024=SURFACE_STYLE_USAGE(.BOTH.,#2147);
#2025=SURFACE_STYLE_USAGE(.BOTH.,#2148);
#2026=SURFACE_STYLE_USAGE(.BOTH.,#2149);
#2027=SURFACE_STYLE_USAGE(.BOTH.,#2150);
#2028=SURFACE_STYLE_USAGE(.BOTH.,#2151);
#2029=SURFACE_STYLE_USAGE(.BOTH.,#2152);
#2030=SURFACE_STYLE_USAGE(.BOTH.,#2153);
#2031=SURFACE_STYLE_USAGE(.BOTH.,#2154);
#2032=SURFACE_STYLE_USAGE(.BOTH.,#2155);
#2033=SURFACE_STYLE_USAGE(.BOTH.,#2156);
#2034=SURFACE_STYLE_USAGE(.BOTH.,#2157);
#2035=SURFACE_STYLE_USAGE(.BOTH.,#2158);
#2036=SURFACE_STYLE_USAGE(.BOTH.,#2159);
#2037=SURFACE_STYLE_USAGE(.BOTH.,#2160);
#2038=SURFACE_STYLE_USAGE(.BOTH.,#2161);
#2039=SURFACE_STYLE_USAGE(.BOTH.,#2162);
#2040=SURFACE_STYLE_USAGE(.BOTH.,#2163);
#2041=SURFACE_STYLE_USAGE(.BOTH.,#2164);
#2042=SURFACE_STYLE_USAGE(.BOTH.,#2165);
#2043=SURFACE_STYLE_USAGE(.BOTH.,#2166);
#2044=SURFACE_STYLE_USAGE(.BOTH.,#2167);
#2045=SURFACE_STYLE_USAGE(.BOTH.,#2168);
#2046=SURFACE_STYLE_USAGE(.BOTH.,#2169);
#2047=SURFACE_STYLE_USAGE(.BOTH.,#2170);
#2048=SURFACE_STYLE_USAGE(.BOTH.,#2171);
#2049=SURFACE_STYLE_USAGE(.BOTH.,#2172);
#2050=SURFACE_STYLE_USAGE(.BOTH.,#2173);
#2051=SURFACE_STYLE_USAGE(.BOTH.,#2174);
#2052=SURFACE_STYLE_USAGE(.BOTH.,#2175);
#2053=SURFACE_STYLE_USAGE(.BOTH.,#2176);
#2054=SURFACE_STYLE_USAGE(.BOTH.,#2177);
#2055=SURFACE_STYLE_USAGE(.BOTH.,#2178);
#2056=SURFACE_STYLE_USAGE(.BOTH.,#2179);
#2057=SURFACE_STYLE_USAGE(.BOTH.,#2180);
#2058=SURFACE_STYLE_USAGE(.BOTH.,#2181);
#2059=SURFACE_STYLE_USAGE(.BOTH.,#2182);
#2060=SURFACE_STYLE_USAGE(.BOTH.,#2183);
#2061=SURFACE_STYLE_USAGE(.BOTH.,#2184);
#2062=SURFACE_STYLE_USAGE(.BOTH.,#2185);
#2063=SURFACE_STYLE_USAGE(.BOTH.,#2186);
#2064=SURFACE_STYLE_USAGE(.BOTH.,#2187);
#2065=SURFACE_STYLE_USAGE(.BOTH.,#2188);
#2066=SURFACE_STYLE_USAGE(.BOTH.,#2189);
#2067=SURFACE_STYLE_USAGE(.BOTH.,#2190);
#2068=SURFACE_STYLE_USAGE(.BOTH.,#2191);
#2069=SURFACE_STYLE_USAGE(.BOTH.,#2192);
#2070=SURFACE_STYLE_USAGE(.BOTH.,#2193);
#2071=SURFACE_STYLE_USAGE(.BOTH.,#2194);
#2072=SURFACE_STYLE_USAGE(.BOTH.,#2195);
#2073=SURFACE_STYLE_USAGE(.BOTH.,#2196);
#2074=SURFACE_STYLE_USAGE(.BOTH.,#2197);
#2075=SURFACE_STYLE_USAGE(.BOTH.,#2198);
#2076=SURFACE_STYLE_USAGE(.BOTH.,#2199);
#2077=SURFACE_STYLE_USAGE(.BOTH.,#2200);
#2078=SURFACE_STYLE_USAGE(.BOTH.,#2201);
#2079=SURFACE_STYLE_USAGE(.BOTH.,#2202);
#2080=SURFACE_STYLE_USAGE(.BOTH.,#2203);
#2081=SURFACE_STYLE_USAGE(.BOTH.,#2204);
#2082=SURFACE_STYLE_USAGE(.BOTH.,#2205);
#2083=SURFACE_STYLE_USAGE(.BOTH.,#2206);
#2084=SURFACE_STYLE_USAGE(.BOTH.,#2207);
#2085=SURFACE_STYLE_USAGE(.BOTH.,#2208);
#2086=SURFACE_STYLE_USAGE(.BOTH.,#2209);
#2087=SURFACE_STYLE_USAGE(.BOTH.,#2210);
#2088=SURFACE_STYLE_USAGE(.BOTH.,#2211);
#2089=SURFACE_STYLE_USAGE(.BOTH.,#2212);
#2090=SURFACE_STYLE_USAGE(.BOTH.,#2213);
#2091=SURFACE_STYLE_USAGE(.BOTH.,#2214);
#2092=SURFACE_STYLE_USAGE(.BOTH.,#2215);
#2093=SURFACE_STYLE_USAGE(.BOTH.,#2216);
#2094=SURFACE_STYLE_USAGE(.BOTH.,#2217);
#2095=SURFACE_STYLE_USAGE(.BOTH.,#2218);
#2096=SURFACE_STYLE_USAGE(.BOTH.,#2219);
#2097=SURFACE_STYLE_USAGE(.BOTH.,#2220);
#2098=SURFACE_STYLE_USAGE(.BOTH.,#2221);
#2099=SURFACE_STYLE_USAGE(.BOTH.,#2222);
#2100=SURFACE_STYLE_USAGE(.BOTH.,#2223);
#2101=SURFACE_STYLE_USAGE(.BOTH.,#2224);
#2102=SURFACE_STYLE_USAGE(.BOTH.,#2225);
#2103=SURFACE_STYLE_USAGE(.BOTH.,#2226);
#2104=SURFACE_STYLE_USAGE(.BOTH.,#2227);
#2105=SURFACE_STYLE_USAGE(.BOTH.,#2228);
#2106=SURFACE_STYLE_USAGE(.BOTH.,#2229);
#2107=SURFACE_STYLE_USAGE(.BOTH.,#2230);
#2108=SURFACE_STYLE_USAGE(.BOTH.,#2231);
#2109=SURFACE_STYLE_USAGE(.BOTH.,#2232);
#2110=SURFACE_STYLE_USAGE(.BOTH.,#2233);
#2111=SURFACE_STYLE_USAGE(.BOTH.,#2234);
#2112=SURFACE_STYLE_USAGE(.BOTH.,#2235);
#2113=SURFACE_STYLE_USAGE(.BOTH.,#2236);
#2114=SURFACE_STYLE_USAGE(.BOTH.,#2237);
#2115=SURFACE_STYLE_USAGE(.BOTH.,#2238);
#2116=SURFACE_STYLE_USAGE(.BOTH.,#2239);
#2117=SURFACE_STYLE_USAGE(.BOTH.,#2240);
#2118=SURFACE_STYLE_USAGE(.BOTH.,#2241);
#2119=SURFACE_STYLE_USAGE(.BOTH.,#2242);
#2120=SURFACE_STYLE_USAGE(.BOTH.,#2243);
#2121=SURFACE_STYLE_USAGE(.BOTH.,#2244);
#2122=SURFACE_STYLE_USAGE(.BOTH.,#2245);
#2123=SURFACE_STYLE_USAGE(.BOTH.,#2246);
#2124=SURFACE_STYLE_USAGE(.BOTH.,#2247);
#2125=SURFACE_STYLE_USAGE(.BOTH.,#2248);
#2126=SURFACE_SIDE_STYLE('',(#2249));
#2127=SURFACE_SIDE_STYLE('',(#2250));
#2128=SURFACE_SIDE_STYLE('',(#2251));
#2129=SURFACE_SIDE_STYLE('',(#2252));
#2130=SURFACE_SIDE_STYLE('',(#2253));
#2131=SURFACE_SIDE_STYLE('',(#2254));
#2132=SURFACE_SIDE_STYLE('',(#2255));
#2133=SURFACE_SIDE_STYLE('',(#2256));
#2134=SURFACE_SIDE_STYLE('',(#2257));
#2135=SURFACE_SIDE_STYLE('',(#2258));
#2136=SURFACE_SIDE_STYLE('',(#2259));
#2137=SURFACE_SIDE_STYLE('',(#2260));
#2138=SURFACE_SIDE_STYLE('',(#2261));
#2139=SURFACE_SIDE_STYLE('',(#2262));
#2140=SURFACE_SIDE_STYLE('',(#2263));
#2141=SURFACE_SIDE_STYLE('',(#2264));
#2142=SURFACE_SIDE_STYLE('',(#2265));
#2143=SURFACE_SIDE_STYLE('',(#2266));
#2144=SURFACE_SIDE_STYLE('',(#2267));
#2145=SURFACE_SIDE_STYLE('',(#2268));
#2146=SURFACE_SIDE_STYLE('',(#2269));
#2147=SURFACE_SIDE_STYLE('',(#2270));
#2148=SURFACE_SIDE_STYLE('',(#2271));
#2149=SURFACE_SIDE_STYLE('',(#2272));
#2150=SURFACE_SIDE_STYLE('',(#2273));
#2151=SURFACE_SIDE_STYLE('',(#2274));
#2152=SURFACE_SIDE_STYLE('',(#2275));
#2153=SURFACE_SIDE_STYLE('',(#2276));
#2154=SURFACE_SIDE_STYLE('',(#2277));
#2155=SURFACE_SIDE_STYLE('',(#2278));
#2156=SURFACE_SIDE_STYLE('',(#2279));
#2157=SURFACE_SIDE_STYLE('',(#2280));
#2158=SURFACE_SIDE_STYLE('',(#2281));
#2159=SURFACE_SIDE_STYLE('',(#2282));
#2160=SURFACE_SIDE_STYLE('',(#2283));
#2161=SURFACE_SIDE_STYLE('',(#2284));
#2162=SURFACE_SIDE_STYLE('',(#2285));
#2163=SURFACE_SIDE_STYLE('',(#2286));
#2164=SURFACE_SIDE_STYLE('',(#2287));
#2165=SURFACE_SIDE_STYLE('',(#2288));
#2166=SURFACE_SIDE_STYLE('',(#2289));
#2167=SURFACE_SIDE_STYLE('',(#2290));
#2168=SURFACE_SIDE_STYLE('',(#2291));
#2169=SURFACE_SIDE_STYLE('',(#2292));
#2170=SURFACE_SIDE_STYLE('',(#2293));
#2171=SURFACE_SIDE_STYLE('',(#2294));
#2172=SURFACE_SIDE_STYLE('',(#2295));
#2173=SURFACE_SIDE_STYLE('',(#2296));
#2174=SURFACE_SIDE_STYLE('',(#2297));
#2175=SURFACE_SIDE_STYLE('',(#2298));
#2176=SURFACE_SIDE_STYLE('',(#2299));
#2177=SURFACE_SIDE_STYLE('',(#2300));
#2178=SURFACE_SIDE_STYLE('',(#2301));
#2179=SURFACE_SIDE_STYLE('',(#2302));
#2180=SURFACE_SIDE_STYLE('',(#2303));
#2181=SURFACE_SIDE_STYLE('',(#2304));
#2182=SURFACE_SIDE_STYLE('',(#2305));
#2183=SURFACE_SIDE_STYLE('',(#2306));
#2184=SURFACE_SIDE_STYLE('',(#2307));
#2185=SURFACE_SIDE_STYLE('',(#2308));
#2186=SURFACE_SIDE_STYLE('',(#2309));
#2187=SURFACE_SIDE_STYLE('',(#2310));
#2188=SURFACE_SIDE_STYLE('',(#2311));
#2189=SURFACE_SIDE_STYLE('',(#2312));
#2190=SURFACE_SIDE_STYLE('',(#2313));
#2191=SURFACE_SIDE_STYLE('',(#2314));
#2192=SURFACE_SIDE_STYLE('',(#2315));
#2193=SURFACE_SIDE_STYLE('',(#2316));
#2194=SURFACE_SIDE_STYLE('',(#2317));
#2195=SURFACE_SIDE_STYLE('',(#2318));
#2196=SURFACE_SIDE_STYLE('',(#2319));
#2197=SURFACE_SIDE_STYLE('',(#2320));
#2198=SURFACE_SIDE_STYLE('',(#2321));
#2199=SURFACE_SIDE_STYLE('',(#2322));
#2200=SURFACE_SIDE_STYLE('',(#2323));
#2201=SURFACE_SIDE_STYLE('',(#2324));
#2202=SURFACE_SIDE_STYLE('',(#2325));
#2203=SURFACE_SIDE_STYLE('',(#2326));
#2204=SURFACE_SIDE_STYLE('',(#2327));
#2205=SURFACE_SIDE_STYLE('',(#2328));
#2206=SURFACE_SIDE_STYLE('',(#2329));
#2207=SURFACE_SIDE_STYLE('',(#2330));
#2208=SURFACE_SIDE_STYLE('',(#2331));
#2209=SURFACE_SIDE_STYLE('',(#2332));
#2210=SURFACE_SIDE_STYLE('',(#2333));
#2211=SURFACE_SIDE_STYLE('',(#2334));
#2212=SURFACE_SIDE_STYLE('',(#2335));
#2213=SURFACE_SIDE_STYLE('',(#2336));
#2214=SURFACE_SIDE_STYLE('',(#2337));
#2215=SURFACE_SIDE_STYLE('',(#2338));
#2216=SURFACE_SIDE_STYLE('',(#2339));
#2217=SURFACE_SIDE_STYLE('',(#2340));
#2218=SURFACE_SIDE_STYLE('',(#2341));
#2219=SURFACE_SIDE_STYLE('',(#2342));
#2220=SURFACE_SIDE_STYLE('',(#2343));
#2221=SURFACE_SIDE_STYLE('',(#2344));
#2222=SURFACE_SIDE_STYLE('',(#2345));
#2223=SURFACE_SIDE_STYLE('',(#2346));
#2224=SURFACE_SIDE_STYLE('',(#2347));
#2225=SURFACE_SIDE_STYLE('',(#2348));
#2226=SURFACE_SIDE_STYLE('',(#2349));
#2227=SURFACE_SIDE_STYLE('',(#2350));
#2228=SURFACE_SIDE_STYLE('',(#2351));
#2229=SURFACE_SIDE_STYLE('',(#2352));
#2230=SURFACE_SIDE_STYLE('',(#2353));
#2231=SURFACE_SIDE_STYLE('',(#2354));
#2232=SURFACE_SIDE_STYLE('',(#2355));
#2233=SURFACE_SIDE_STYLE('',(#2356));
#2234=SURFACE_SIDE_STYLE('',(#2357));
#2235=SURFACE_SIDE_STYLE('',(#2358));
#2236=SURFACE_SIDE_STYLE('',(#2359));
#2237=SURFACE_SIDE_STYLE('',(#2360));
#2238=SURFACE_SIDE_STYLE('',(#2361));
#2239=SURFACE_SIDE_STYLE('',(#2362));
#2240=SURFACE_SIDE_STYLE('',(#2363));
#2241=SURFACE_SIDE_STYLE('',(#2364));
#2242=SURFACE_SIDE_STYLE('',(#2365));
#2243=SURFACE_SIDE_STYLE('',(#2366));
#2244=SURFACE_SIDE_STYLE('',(#2367));
#2245=SURFACE_SIDE_STYLE('',(#2368));
#2246=SURFACE_SIDE_STYLE('',(#2369));
#2247=SURFACE_SIDE_STYLE('',(#2370));
#2248=SURFACE_SIDE_STYLE('',(#2371));
#2249=SURFACE_STYLE_FILL_AREA(#2372);
#2250=SURFACE_STYLE_FILL_AREA(#2373);
#2251=SURFACE_STYLE_FILL_AREA(#2374);
#2252=SURFACE_STYLE_FILL_AREA(#2375);
#2253=SURFACE_STYLE_FILL_AREA(#2376);
#2254=SURFACE_STYLE_FILL_AREA(#2377);
#2255=SURFACE_STYLE_FILL_AREA(#2378);
#2256=SURFACE_STYLE_FILL_AREA(#2379);
#2257=SURFACE_STYLE_FILL_AREA(#2380);
#2258=SURFACE_STYLE_FILL_AREA(#2381);
#2259=SURFACE_STYLE_FILL_AREA(#2382);
#2260=SURFACE_STYLE_FILL_AREA(#2383);
#2261=SURFACE_STYLE_FILL_AREA(#2384);
#2262=SURFACE_STYLE_FILL_AREA(#2385);
#2263=SURFACE_STYLE_FILL_AREA(#2386);
#2264=SURFACE_STYLE_FILL_AREA(#2387);
#2265=SURFACE_STYLE_FILL_AREA(#2388);
#2266=SURFACE_STYLE_FILL_AREA(#2389);
#2267=SURFACE_STYLE_FILL_AREA(#2390);
#2268=SURFACE_STYLE_FILL_AREA(#2391);
#2269=SURFACE_STYLE_FILL_AREA(#2392);
#2270=SURFACE_STYLE_FILL_AREA(#2393);
#2271=SURFACE_STYLE_FILL_AREA(#2394);
#2272=SURFACE_STYLE_FILL_AREA(#2395);
#2273=SURFACE_STYLE_FILL_AREA(#2396);
#2274=SURFACE_STYLE_FILL_AREA(#2397);
#2275=SURFACE_STYLE_FILL_AREA(#2398);
#2276=SURFACE_STYLE_FILL_AREA(#2399);
#2277=SURFACE_STYLE_FILL_AREA(#2400);
#2278=SURFACE_STYLE_FILL_AREA(#2401);
#2279=SURFACE_STYLE_FILL_AREA(#2402);
#2280=SURFACE_STYLE_FILL_AREA(#2403);
#2281=SURFACE_STYLE_FILL_AREA(#2404);
#2282=SURFACE_STYLE_FILL_AREA(#2405);
#2283=SURFACE_STYLE_FILL_AREA(#2406);
#2284=SURFACE_STYLE_FILL_AREA(#2407);
#2285=SURFACE_STYLE_FILL_AREA(#2408);
#2286=SURFACE_STYLE_FILL_AREA(#2409);
#2287=SURFACE_STYLE_FILL_AREA(#2410);
#2288=SURFACE_STYLE_FILL_AREA(#2411);
#2289=SURFACE_STYLE_FILL_AREA(#2412);
#2290=SURFACE_STYLE_FILL_AREA(#2413);
#2291=SURFACE_STYLE_FILL_AREA(#2414);
#2292=SURFACE_STYLE_FILL_AREA(#2415);
#2293=SURFACE_STYLE_FILL_AREA(#2416);
#2294=SURFACE_STYLE_FILL_AREA(#2417);
#2295=SURFACE_STYLE_FILL_AREA(#2418);
#2296=SURFACE_STYLE_FILL_AREA(#2419);
#2297=SURFACE_STYLE_FILL_AREA(#2420);
#2298=SURFACE_STYLE_FILL_AREA(#2421);
#2299=SURFACE_STYLE_FILL_AREA(#2422);
#2300=SURFACE_STYLE_FILL_AREA(#2423);
#2301=SURFACE_STYLE_FILL_AREA(#2424);
#2302=SURFACE_STYLE_FILL_AREA(#2425);
#2303=SURFACE_STYLE_FILL_AREA(#2426);
#2304=SURFACE_STYLE_FILL_AREA(#2427);
#2305=SURFACE_STYLE_FILL_AREA(#2428);
#2306=SURFACE_STYLE_FILL_AREA(#2429);
#2307=SURFACE_STYLE_FILL_AREA(#2430);
#2308=SURFACE_STYLE_FILL_AREA(#2431);
#2309=SURFACE_STYLE_FILL_AREA(#2432);
#2310=SURFACE_STYLE_FILL_AREA(#2433);
#2311=SURFACE_STYLE_FILL_AREA(#2434);
#2312=SURFACE_STYLE_FILL_AREA(#2435);
#2313=SURFACE_STYLE_FILL_AREA(#2436);
#2314=SURFACE_STYLE_FILL_AREA(#2437);
#2315=SURFACE_STYLE_FILL_AREA(#2438);
#2316=SURFACE_STYLE_FILL_AREA(#2439);
#2317=SURFACE_STYLE_FILL_AREA(#2440);
#2318=SURFACE_STYLE_FILL_AREA(#2441);
#2319=SURFACE_STYLE_FILL_AREA(#2442);
#2320=SURFACE_STYLE_FILL_AREA(#2443);
#2321=SURFACE_STYLE_FILL_AREA(#2444);
#2322=SURFACE_STYLE_FILL_AREA(#2445);
#2323=SURFACE_STYLE_FILL_AREA(#2446);
#2324=SURFACE_STYLE_FILL_AREA(#2447);
#2325=SURFACE_STYLE_FILL_AREA(#2448);
#2326=SURFACE_STYLE_FILL_AREA(#2449);
#2327=SURFACE_STYLE_FILL_AREA(#2450);
#2328=SURFACE_STYLE_FILL_AREA(#2451);
#2329=SURFACE_STYLE_FILL_AREA(#2452);
#2330=SURFACE_STYLE_FILL_AREA(#2453);
#2331=SURFACE_STYLE_FILL_AREA(#2454);
#2332=SURFACE_STYLE_FILL_AREA(#2455);
#2333=SURFACE_STYLE_FILL_AREA(#2456);
#2334=SURFACE_STYLE_FILL_AREA(#2457);
#2335=SURFACE_STYLE_FILL_AREA(#2458);
#2336=SURFACE_STYLE_FILL_AREA(#2459);
#2337=SURFACE_STYLE_FILL_AREA(#2460);
#2338=SURFACE_STYLE_FILL_AREA(#2461);
#2339=SURFACE_STYLE_FILL_AREA(#2462);
#2340=SURFACE_STYLE_FILL_AREA(#2463);
#2341=SURFACE_STYLE_FILL_AREA(#2464);
#2342=SURFACE_STYLE_FILL_AREA(#2465);
#2343=SURFACE_STYLE_FILL_AREA(#2466);
#2344=SURFACE_STYLE_FILL_AREA(#2467);
#2345=SURFACE_STYLE_FILL_AREA(#2468);
#2346=SURFACE_STYLE_FILL_AREA(#2469);
#2347=SURFACE_STYLE_FILL_AREA(#2470);
#2348=SURFACE_STYLE_FILL_AREA(#2471);
#2349=SURFACE_STYLE_FILL_AREA(#2472);
#2350=SURFACE_STYLE_FILL_AREA(#2473);
#2351=SURFACE_STYLE_FILL_AREA(#2474);
#2352=SURFACE_STYLE_FILL_AREA(#2475);
#2353=SURFACE_STYLE_FILL_AREA(#2476);
#2354=SURFACE_STYLE_FILL_AREA(#2477);
#2355=SURFACE_STYLE_FILL_AREA(#2478);
#2356=SURFACE_STYLE_FILL_AREA(#2479);
#2357=SURFACE_STYLE_FILL_AREA(#2480);
#2358=SURFACE_STYLE_FILL_AREA(#2481);
#2359=SURFACE_STYLE_FILL_AREA(#2482);
#2360=SURFACE_STYLE_FILL_AREA(#2483);
#2361=SURFACE_STYLE_FILL_AREA(#2484);
#2362=SURFACE_STYLE_FILL_AREA(#2485);
#2363=SURFACE_STYLE_FILL_AREA(#2486);
#2364=SURFACE_STYLE_FILL_AREA(#2487);
#2365=SURFACE_STYLE_FILL_AREA(#2488);
#2366=SURFACE_STYLE_FILL_AREA(#2489);
#2367=SURFACE_STYLE_FILL_AREA(#2490);
#2368=SURFACE_STYLE_FILL_AREA(#2491);
#2369=SURFACE_STYLE_FILL_AREA(#2492);
#2370=SURFACE_STYLE_FILL_AREA(#2493);
#2371=SURFACE_STYLE_FILL_AREA(#2494);
#2372=FILL_AREA_STYLE('',(#2495));
#2373=FILL_AREA_STYLE('',(#2496));
#2374=FILL_AREA_STYLE('',(#2497));
#2375=FILL_AREA_STYLE('',(#2498));
#2376=FILL_AREA_STYLE('',(#2499));
#2377=FILL_AREA_STYLE('',(#2500));
#2378=FILL_AREA_STYLE('',(#2501));
#2379=FILL_AREA_STYLE('',(#2502));
#2380=FILL_AREA_STYLE('',(#2503));
#2381=FILL_AREA_STYLE('',(#2504));
#2382=FILL_AREA_STYLE('',(#2505));
#2383=FILL_AREA_STYLE('',(#2506));
#2384=FILL_AREA_STYLE('',(#2507));
#2385=FILL_AREA_STYLE('',(#2508));
#2386=FILL_AREA_STYLE('',(#2509));
#2387=FILL_AREA_STYLE('',(#2510));
#2388=FILL_AREA_STYLE('',(#2511));
#2389=FILL_AREA_STYLE('',(#2512));
#2390=FILL_AREA_STYLE('',(#2513));
#2391=FILL_AREA_STYLE('',(#2514));
#2392=FILL_AREA_STYLE('',(#2515));
#2393=FILL_AREA_STYLE('',(#2516));
#2394=FILL_AREA_STYLE('',(#2517));
#2395=FILL_AREA_STYLE('',(#2518));
#2396=FILL_AREA_STYLE('',(#2519));
#2397=FILL_AREA_STYLE('',(#2520));
#2398=FILL_AREA_STYLE('',(#2521));
#2399=FILL_AREA_STYLE('',(#2522));
#2400=FILL_AREA_STYLE('',(#2523));
#2401=FILL_AREA_STYLE('',(#2524));
#2402=FILL_AREA_STYLE('',(#2525));
#2403=FILL_AREA_STYLE('',(#2526));
#2404=FILL_AREA_STYLE('',(#2527));
#2405=FILL_AREA_STYLE('',(#2528));
#2406=FILL_AREA_STYLE('',(#2529));
#2407=FILL_AREA_STYLE('',(#2530));
#2408=FILL_AREA_STYLE('',(#2531));
#2409=FILL_AREA_STYLE('',(#2532));
#2410=FILL_AREA_STYLE('',(#2533));
#2411=FILL_AREA_STYLE('',(#2534));
#2412=FILL_AREA_STYLE('',(#2535));
#2413=FILL_AREA_STYLE('',(#2536));
#2414=FILL_AREA_STYLE('',(#2537));
#2415=FILL_AREA_STYLE('',(#2538));
#2416=FILL_AREA_STYLE('',(#2539));
#2417=FILL_AREA_STYLE('',(#2540));
#2418=FILL_AREA_STYLE('',(#2541));
#2419=FILL_AREA_STYLE('',(#2542));
#2420=FILL_AREA_STYLE('',(#2543));
#2421=FILL_AREA_STYLE('',(#2544));
#2422=FILL_AREA_STYLE('',(#2545));
#2423=FILL_AREA_STYLE('',(#2546));
#2424=FILL_AREA_STYLE('',(#2547));
#2425=FILL_AREA_STYLE('',(#2548));
#2426=FILL_AREA_STYLE('',(#2549));
#2427=FILL_AREA_STYLE('',(#2550));
#2428=FILL_AREA_STYLE('',(#2551));
#2429=FILL_AREA_STYLE('',(#2552));
#2430=FILL_AREA_STYLE('',(#2553));
#2431=FILL_AREA_STYLE('',(#2554));
#2432=FILL_AREA_STYLE('',(#2555));
#2433=FILL_AREA_STYLE('',(#2556));
#2434=FILL_AREA_STYLE('',(#2557));
#2435=FILL_AREA_STYLE('',(#2558));
#2436=FILL_AREA_STYLE('',(#2559));
#2437=FILL_AREA_STYLE('',(#2560));
#2438=FILL_AREA_STYLE('',(#2561));
#2439=FILL_AREA_STYLE('',(#2562));
#2440=FILL_AREA_STYLE('',(#2563));
#2441=FILL_AREA_STYLE('',(#2564));
#2442=FILL_AREA_STYLE('',(#2565));
#2443=FILL_AREA_STYLE('',(#2566));
#2444=FILL_AREA_STYLE('',(#2567));
#2445=FILL_AREA_STYLE('',(#2568));
#2446=FILL_AREA_STYLE('',(#2569));
#2447=FILL_AREA_STYLE('',(#2570));
#2448=FILL_AREA_STYLE('',(#2571));
#2449=FILL_AREA_STYLE('',(#2572));
#2450=FILL_AREA_STYLE('',(#2573));
#2451=FILL_AREA_STYLE('',(#2574));
#2452=FILL_AREA_STYLE('',(#2575));
#2453=FILL_AREA_STYLE('',(#2576));
#2454=FILL_AREA_STYLE('',(#2577));
#2455=FILL_AREA_STYLE('',(#2578));
#2456=FILL_AREA_STYLE('',(#2579));
#2457=FILL_AREA_STYLE('',(#2580));
#2458=FILL_AREA_STYLE('',(#2581));
#2459=FILL_AREA_STYLE('',(#2582));
#2460=FILL_AREA_STYLE('',(#2583));
#2461=FILL_AREA_STYLE('',(#2584));
#2462=FILL_AREA_STYLE('',(#2585));
#2463=FILL_AREA_STYLE('',(#2586));
#2464=FILL_AREA_STYLE('',(#2587));
#2465=FILL_AREA_STYLE('',(#2588));
#2466=FILL_AREA_STYLE('',(#2589));
#2467=FILL_AREA_STYLE('',(#2590));
#2468=FILL_AREA_STYLE('',(#2591));
#2469=FILL_AREA_STYLE('',(#2592));
#2470=FILL_AREA_STYLE('',(#2593));
#2471=FILL_AREA_STYLE('',(#2594));
#2472=FILL_AREA_STYLE('',(#2595));
#2473=FILL_AREA_STYLE('',(#2596));
#2474=FILL_AREA_STYLE('',(#2597));
#2475=FILL_AREA_STYLE('',(#2598));
#2476=FILL_AREA_STYLE('',(#2599));
#2477=FILL_AREA_STYLE('',(#2600));
#2478=FILL_AREA_STYLE('',(#2601));
#2479=FILL_AREA_STYLE('',(#2602));
#2480=FILL_AREA_STYLE('',(#2603));
#2481=FILL_AREA_STYLE('',(#2604));
#2482=FILL_AREA_STYLE('',(#2605));
#2483=FILL_AREA_STYLE('',(#2606));
#2484=FILL_AREA_STYLE('',(#2607));
#2485=FILL_AREA_STYLE('',(#2608));
#2486=FILL_AREA_STYLE('',(#2609));
#2487=FILL_AREA_STYLE('',(#2610));
#2488=FILL_AREA_STYLE('',(#2611));
#2489=FILL_AREA_STYLE('',(#2612));
#2490=FILL_AREA_STYLE('',(#2613));
#2491=FILL_AREA_STYLE('',(#2614));
#2492=FILL_AREA_STYLE('',(#2615));
#2493=FILL_AREA_STYLE('',(#2616));
#2494=FILL_AREA_STYLE('',(#2617));
#2495=FILL_AREA_STYLE_COLOUR('',#2618);
#2496=FILL_AREA_STYLE_COLOUR('',#2619);
#2497=FILL_AREA_STYLE_COLOUR('',#2619);
#2498=FILL_AREA_STYLE_COLOUR('',#2618);
#2499=FILL_AREA_STYLE_COLOUR('',#2618);
#2500=FILL_AREA_STYLE_COLOUR('',#2619);
#2501=FILL_AREA_STYLE_COLOUR('',#2618);
#2502=FILL_AREA_STYLE_COLOUR('',#2619);
#2503=FILL_AREA_STYLE_COLOUR('',#2619);
#2504=FILL_AREA_STYLE_COLOUR('',#2619);
#2505=FILL_AREA_STYLE_COLOUR('',#2619);
#2506=FILL_AREA_STYLE_COLOUR('',#2619);
#2507=FILL_AREA_STYLE_COLOUR('',#2619);
#2508=FILL_AREA_STYLE_COLOUR('',#2619);
#2509=FILL_AREA_STYLE_COLOUR('',#2619);
#2510=FILL_AREA_STYLE_COLOUR('',#2619);
#2511=FILL_AREA_STYLE_COLOUR('',#2619);
#2512=FILL_AREA_STYLE_COLOUR('',#2619);
#2513=FILL_AREA_STYLE_COLOUR('',#2619);
#2514=FILL_AREA_STYLE_COLOUR('',#2619);
#2515=FILL_AREA_STYLE_COLOUR('',#2619);
#2516=FILL_AREA_STYLE_COLOUR('',#2619);
#2517=FILL_AREA_STYLE_COLOUR('',#2619);
#2518=FILL_AREA_STYLE_COLOUR('',#2619);
#2519=FILL_AREA_STYLE_COLOUR('',#2619);
#2520=FILL_AREA_STYLE_COLOUR('',#2619);
#2521=FILL_AREA_STYLE_COLOUR('',#2619);
#2522=FILL_AREA_STYLE_COLOUR('',#2619);
#2523=FILL_AREA_STYLE_COLOUR('',#2619);
#2524=FILL_AREA_STYLE_COLOUR('',#2619);
#2525=FILL_AREA_STYLE_COLOUR('',#2619);
#2526=FILL_AREA_STYLE_COLOUR('',#2619);
#2527=FILL_AREA_STYLE_COLOUR('',#2619);
#2528=FILL_AREA_STYLE_COLOUR('',#2619);
#2529=FILL_AREA_STYLE_COLOUR('',#2619);
#2530=FILL_AREA_STYLE_COLOUR('',#2619);
#2531=FILL_AREA_STYLE_COLOUR('',#2619);
#2532=FILL_AREA_STYLE_COLOUR('',#2619);
#2533=FILL_AREA_STYLE_COLOUR('',#2619);
#2534=FILL_AREA_STYLE_COLOUR('',#2619);
#2535=FILL_AREA_STYLE_COLOUR('',#2619);
#2536=FILL_AREA_STYLE_COLOUR('',#2619);
#2537=FILL_AREA_STYLE_COLOUR('',#2619);
#2538=FILL_AREA_STYLE_COLOUR('',#2619);
#2539=FILL_AREA_STYLE_COLOUR('',#2619);
#2540=FILL_AREA_STYLE_COLOUR('',#2619);
#2541=FILL_AREA_STYLE_COLOUR('',#2619);
#2542=FILL_AREA_STYLE_COLOUR('',#2619);
#2543=FILL_AREA_STYLE_COLOUR('',#2619);
#2544=FILL_AREA_STYLE_COLOUR('',#2619);
#2545=FILL_AREA_STYLE_COLOUR('',#2619);
#2546=FILL_AREA_STYLE_COLOUR('',#2619);
#2547=FILL_AREA_STYLE_COLOUR('',#2619);
#2548=FILL_AREA_STYLE_COLOUR('',#2619);
#2549=FILL_AREA_STYLE_COLOUR('',#2619);
#2550=FILL_AREA_STYLE_COLOUR('',#2619);
#2551=FILL_AREA_STYLE_COLOUR('',#2619);
#2552=FILL_AREA_STYLE_COLOUR('',#2619);
#2553=FILL_AREA_STYLE_COLOUR('',#2619);
#2554=FILL_AREA_STYLE_COLOUR('',#2619);
#2555=FILL_AREA_STYLE_COLOUR('',#2619);
#2556=FILL_AREA_STYLE_COLOUR('',#2619);
#2557=FILL_AREA_STYLE_COLOUR('',#2619);
#2558=FILL_AREA_STYLE_COLOUR('',#2619);
#2559=FILL_AREA_STYLE_COLOUR('',#2619);
#2560=FILL_AREA_STYLE_COLOUR('',#2619);
#2561=FILL_AREA_STYLE_COLOUR('',#2619);
#2562=FILL_AREA_STYLE_COLOUR('',#2619);
#2563=FILL_AREA_STYLE_COLOUR('',#2619);
#2564=FILL_AREA_STYLE_COLOUR('',#2619);
#2565=FILL_AREA_STYLE_COLOUR('',#2619);
#2566=FILL_AREA_STYLE_COLOUR('',#2619);
#2567=FILL_AREA_STYLE_COLOUR('',#2619);
#2568=FILL_AREA_STYLE_COLOUR('',#2619);
#2569=FILL_AREA_STYLE_COLOUR('',#2619);
#2570=FILL_AREA_STYLE_COLOUR('',#2619);
#2571=FILL_AREA_STYLE_COLOUR('',#2619);
#2572=FILL_AREA_STYLE_COLOUR('',#2619);
#2573=FILL_AREA_STYLE_COLOUR('',#2619);
#2574=FILL_AREA_STYLE_COLOUR('',#2619);
#2575=FILL_AREA_STYLE_COLOUR('',#2619);
#2576=FILL_AREA_STYLE_COLOUR('',#2619);
#2577=FILL_AREA_STYLE_COLOUR('',#2619);
#2578=FILL_AREA_STYLE_COLOUR('',#2619);
#2579=FILL_AREA_STYLE_COLOUR('',#2619);
#2580=FILL_AREA_STYLE_COLOUR('',#2619);
#2581=FILL_AREA_STYLE_COLOUR('',#2619);
#2582=FILL_AREA_STYLE_COLOUR('',#2619);
#2583=FILL_AREA_STYLE_COLOUR('',#2619);
#2584=FILL_AREA_STYLE_COLOUR('',#2619);
#2585=FILL_AREA_STYLE_COLOUR('',#2619);
#2586=FILL_AREA_STYLE_COLOUR('',#2619);
#2587=FILL_AREA_STYLE_COLOUR('',#2619);
#2588=FILL_AREA_STYLE_COLOUR('',#2619);
#2589=FILL_AREA_STYLE_COLOUR('',#2619);
#2590=FILL_AREA_STYLE_COLOUR('',#2619);
#2591=FILL_AREA_STYLE_COLOUR('',#2619);
#2592=FILL_AREA_STYLE_COLOUR('',#2619);
#2593=FILL_AREA_STYLE_COLOUR('',#2619);
#2594=FILL_AREA_STYLE_COLOUR('',#2619);
#2595=FILL_AREA_STYLE_COLOUR('',#2619);
#2596=FILL_AREA_STYLE_COLOUR('',#2619);
#2597=FILL_AREA_STYLE_COLOUR('',#2619);
#2598=FILL_AREA_STYLE_COLOUR('',#2619);
#2599=FILL_AREA_STYLE_COLOUR('',#2619);
#2600=FILL_AREA_STYLE_COLOUR('',#2619);
#2601=FILL_AREA_STYLE_COLOUR('',#2619);
#2602=FILL_AREA_STYLE_COLOUR('',#2619);
#2603=FILL_AREA_STYLE_COLOUR('',#2619);
#2604=FILL_AREA_STYLE_COLOUR('',#2619);
#2605=FILL_AREA_STYLE_COLOUR('',#2619);
#2606=FILL_AREA_STYLE_COLOUR('',#2619);
#2607=FILL_AREA_STYLE_COLOUR('',#2619);
#2608=FILL_AREA_STYLE_COLOUR('',#2619);
#2609=FILL_AREA_STYLE_COLOUR('',#2619);
#2610=FILL_AREA_STYLE_COLOUR('',#2619);
#2611=FILL_AREA_STYLE_COLOUR('',#2619);
#2612=FILL_AREA_STYLE_COLOUR('',#2619);
#2613=FILL_AREA_STYLE_COLOUR('',#2619);
#2614=FILL_AREA_STYLE_COLOUR('',#2618);
#2615=FILL_AREA_STYLE_COLOUR('',#2618);
#2616=FILL_AREA_STYLE_COLOUR('',#2618);
#2617=FILL_AREA_STYLE_COLOUR('',#2618);
#2618=COLOUR_RGB('',0.200000002980232,0.200000002980232,0.200000002980232);
#2619=COLOUR_RGB('',0.699999988079071,0.699999988079071,0.699999988079071);
#2620=ADVANCED_FACE('',(#1508,#1509,#1510,#1511,#1512),#1672,.T.);
#2621=ADVANCED_FACE('',(#1513),#50,.F.);
#2622=ADVANCED_FACE('',(#1514),#51,.F.);
#2623=ADVANCED_FACE('',(#1515,#1516,#1517,#1518,#1519,#1520,#1521,#1522,
#1523,#1524,#1525,#1526,#1527,#1528),#1673,.F.);
#2624=ADVANCED_FACE('',(#1529),#1674,.F.);
#2625=ADVANCED_FACE('',(#1530),#1675,.F.);
#2626=ADVANCED_FACE('',(#1531),#1676,.F.);
#2627=ADVANCED_FACE('',(#1532),#1677,.F.);
#2628=ADVANCED_FACE('',(#1533),#1678,.F.);
#2629=ADVANCED_FACE('',(#1534),#1679,.F.);
#2630=ADVANCED_FACE('',(#1535),#1680,.T.);
#2631=ADVANCED_FACE('',(#1536),#52,.F.);
#2632=ADVANCED_FACE('',(#1537),#1681,.T.);
#2633=ADVANCED_FACE('',(#1538),#53,.F.);
#2634=ADVANCED_FACE('',(#1539,#1540),#1682,.F.);
#2635=ADVANCED_FACE('',(#1541,#1542),#54,.T.);
#2636=ADVANCED_FACE('',(#1543,#1544),#1683,.F.);
#2637=ADVANCED_FACE('',(#1545,#1546),#55,.T.);
#2638=ADVANCED_FACE('',(#1547,#1548),#1684,.F.);
#2639=ADVANCED_FACE('',(#1549,#1550),#56,.T.);
#2640=ADVANCED_FACE('',(#1551,#1552),#1685,.F.);
#2641=ADVANCED_FACE('',(#1553,#1554),#57,.T.);
#2642=ADVANCED_FACE('',(#1555,#1556),#1686,.F.);
#2643=ADVANCED_FACE('',(#1557,#1558),#58,.T.);
#2644=ADVANCED_FACE('',(#1559,#1560),#1687,.F.);
#2645=ADVANCED_FACE('',(#1561,#1562),#59,.T.);
#2646=ADVANCED_FACE('',(#1563),#1688,.F.);
#2647=ADVANCED_FACE('',(#1564,#1565),#60,.T.);
#2648=ADVANCED_FACE('',(#1566),#1689,.F.);
#2649=ADVANCED_FACE('',(#1567,#1568),#61,.T.);
#2650=ADVANCED_FACE('',(#1569),#1690,.F.);
#2651=ADVANCED_FACE('',(#1570,#1571),#62,.T.);
#2652=ADVANCED_FACE('',(#1572),#1691,.F.);
#2653=ADVANCED_FACE('',(#1573,#1574),#63,.T.);
#2654=ADVANCED_FACE('',(#1575),#1692,.F.);
#2655=ADVANCED_FACE('',(#1576,#1577),#64,.T.);
#2656=ADVANCED_FACE('',(#1578),#1693,.F.);
#2657=ADVANCED_FACE('',(#1579,#1580),#65,.T.);
#2658=ADVANCED_FACE('',(#1581),#1694,.T.);
#2659=ADVANCED_FACE('',(#1582),#1695,.F.);
#2660=ADVANCED_FACE('',(#1583),#1696,.F.);
#2661=ADVANCED_FACE('',(#1584),#1697,.F.);
#2662=ADVANCED_FACE('',(#1585),#1698,.F.);
#2663=ADVANCED_FACE('',(#1586),#1699,.T.);
#2664=ADVANCED_FACE('',(#1587),#1700,.F.);
#2665=ADVANCED_FACE('',(#1588),#1701,.F.);
#2666=ADVANCED_FACE('',(#1589),#1702,.F.);
#2667=ADVANCED_FACE('',(#1590),#1703,.F.);
#2668=ADVANCED_FACE('',(#1591),#1704,.T.);
#2669=ADVANCED_FACE('',(#1592),#1705,.F.);
#2670=ADVANCED_FACE('',(#1593),#1706,.F.);
#2671=ADVANCED_FACE('',(#1594),#1707,.F.);
#2672=ADVANCED_FACE('',(#1595),#1708,.F.);
#2673=ADVANCED_FACE('',(#1596),#1709,.T.);
#2674=ADVANCED_FACE('',(#1597),#1710,.F.);
#2675=ADVANCED_FACE('',(#1598),#1711,.F.);
#2676=ADVANCED_FACE('',(#1599),#1712,.F.);
#2677=ADVANCED_FACE('',(#1600),#1713,.F.);
#2678=ADVANCED_FACE('',(#1601),#1714,.F.);
#2679=ADVANCED_FACE('',(#1602),#1715,.T.);
#2680=ADVANCED_FACE('',(#1603),#1716,.T.);
#2681=ADVANCED_FACE('',(#1604),#1717,.T.);
#2682=ADVANCED_FACE('',(#1605),#1718,.T.);
#2683=ADVANCED_FACE('',(#1606),#1719,.F.);
#2684=ADVANCED_FACE('',(#1607),#1720,.T.);
#2685=ADVANCED_FACE('',(#1608),#1721,.T.);
#2686=ADVANCED_FACE('',(#1609),#1722,.T.);
#2687=ADVANCED_FACE('',(#1610),#1723,.T.);
#2688=ADVANCED_FACE('',(#1611),#1724,.F.);
#2689=ADVANCED_FACE('',(#1612),#1725,.T.);
#2690=ADVANCED_FACE('',(#1613),#1726,.T.);
#2691=ADVANCED_FACE('',(#1614),#1727,.T.);
#2692=ADVANCED_FACE('',(#1615),#1728,.T.);
#2693=ADVANCED_FACE('',(#1616,#1617),#30,.T.);
#2694=ADVANCED_FACE('',(#1618,#1619),#28,.T.);
#2695=ADVANCED_FACE('',(#1620,#1621),#31,.T.);
#2696=ADVANCED_FACE('',(#1622,#1623),#29,.T.);
#2697=ADVANCED_FACE('',(#1624,#1625),#32,.T.);
#2698=ADVANCED_FACE('',(#1626,#1627),#33,.T.);
#2699=ADVANCED_FACE('',(#1628),#1729,.T.);
#2700=ADVANCED_FACE('',(#1629),#1730,.T.);
#2701=ADVANCED_FACE('',(#1630),#1731,.T.);
#2702=ADVANCED_FACE('',(#1631),#1732,.T.);
#2703=ADVANCED_FACE('',(#1632),#1733,.T.);
#2704=ADVANCED_FACE('',(#1633),#1734,.T.);
#2705=ADVANCED_FACE('',(#1634),#1735,.T.);
#2706=ADVANCED_FACE('',(#1635),#1736,.T.);
#2707=ADVANCED_FACE('',(#1636),#1737,.T.);
#2708=ADVANCED_FACE('',(#1637),#1738,.T.);
#2709=ADVANCED_FACE('',(#1638),#1739,.T.);
#2710=ADVANCED_FACE('',(#1639),#1740,.T.);
#2711=ADVANCED_FACE('',(#1640),#1741,.T.);
#2712=ADVANCED_FACE('',(#1641),#1742,.T.);
#2713=ADVANCED_FACE('',(#1642),#1743,.T.);
#2714=ADVANCED_FACE('',(#1643),#1744,.T.);
#2715=ADVANCED_FACE('',(#1644),#1745,.T.);
#2716=ADVANCED_FACE('',(#1645),#1746,.T.);
#2717=ADVANCED_FACE('',(#1646),#1747,.T.);
#2718=ADVANCED_FACE('',(#1647),#1748,.T.);
#2719=ADVANCED_FACE('',(#1648),#1749,.T.);
#2720=ADVANCED_FACE('',(#1649),#1750,.T.);
#2721=ADVANCED_FACE('',(#1650),#1751,.T.);
#2722=ADVANCED_FACE('',(#1651),#1752,.T.);
#2723=ADVANCED_FACE('',(#1652),#1753,.T.);
#2724=ADVANCED_FACE('',(#1653),#1754,.T.);
#2725=ADVANCED_FACE('',(#1654),#1755,.T.);
#2726=ADVANCED_FACE('',(#1655),#1756,.T.);
#2727=ADVANCED_FACE('',(#1656),#20,.T.);
#2728=ADVANCED_FACE('',(#1657),#66,.F.);
#2729=ADVANCED_FACE('',(#1658),#21,.T.);
#2730=ADVANCED_FACE('',(#1659),#22,.T.);
#2731=ADVANCED_FACE('',(#1660),#67,.F.);
#2732=ADVANCED_FACE('',(#1661),#23,.T.);
#2733=ADVANCED_FACE('',(#1662),#24,.T.);
#2734=ADVANCED_FACE('',(#1663),#68,.F.);
#2735=ADVANCED_FACE('',(#1664),#25,.T.);
#2736=ADVANCED_FACE('',(#1665),#26,.T.);
#2737=ADVANCED_FACE('',(#1666),#69,.F.);
#2738=ADVANCED_FACE('',(#1667),#27,.T.);
#2739=ADVANCED_FACE('',(#1668),#70,.T.);
#2740=ADVANCED_FACE('',(#1669),#71,.T.);
#2741=ADVANCED_FACE('',(#1670),#72,.T.);
#2742=ADVANCED_FACE('',(#1671),#73,.T.);
#2743=CLOSED_SHELL('',(#2620,#2621,#2622,#2623,#2624,#2625,#2626,#2627,
#2628,#2629,#2630,#2631,#2632,#2633,#2634,#2635,#2636,#2637,#2638,#2639,
#2640,#2641,#2642,#2643,#2644,#2645,#2646,#2647,#2648,#2649,#2650,#2651,
#2652,#2653,#2654,#2655,#2656,#2657,#2658,#2659,#2660,#2661,#2662,#2663,
#2664,#2665,#2666,#2667,#2668,#2669,#2670,#2671,#2672,#2673,#2674,#2675,
#2676,#2677,#2678,#2679,#2680,#2681,#2682,#2683,#2684,#2685,#2686,#2687,
#2688,#2689,#2690,#2691,#2692,#2693,#2694,#2695,#2696,#2697,#2698,#2699,
#2700,#2701,#2702,#2703,#2704,#2705,#2706,#2707,#2708,#2709,#2710,#2711,
#2712,#2713,#2714,#2715,#2716,#2717,#2718,#2719,#2720,#2721,#2722,#2723,
#2724,#2725,#2726,#2727,#2728,#2729,#2730,#2731,#2732,#2733,#2734,#2735,
#2736,#2737,#2738,#2739,#2740,#2741,#2742));
#2744=MANIFOLD_SOLID_BREP('',#2743);
#2745=SHAPE_DEFINITION_REPRESENTATION(#11379,#2746);
#2746=SHAPE_REPRESENTATION('E48SC12030NRFH',(#2747),#11374);
#2747=AXIS2_PLACEMENT_3D('',#3413,#2917,#2918);
#2748=AXIS2_PLACEMENT_3D('',#3414,#2919,#2920);
#2749=AXIS2_PLACEMENT_3D('',#3423,#2925,#2926);
#2750=AXIS2_PLACEMENT_3D('',#3432,#2927,#2928);
#2751=AXIS2_PLACEMENT_3D('',#3439,#2929,#2930);
#2752=AXIS2_PLACEMENT_3D('',#3448,#2931,#2932);
#2753=AXIS2_PLACEMENT_3D('',#3455,#2933,#2934);
#2754=AXIS2_PLACEMENT_3D('',#3464,#2935,#2936);
#2755=AXIS2_PLACEMENT_3D('',#3471,#2937,#2938);
#2756=AXIS2_PLACEMENT_3D('',#3480,#2939,#2940);
#2757=AXIS2_PLACEMENT_3D('',#3487,#2941,#2942);
#2758=AXIS2_PLACEMENT_3D('',#3770,#2943,#2944);
#2759=AXIS2_PLACEMENT_3D('',#4053,#2945,#2946);
#2760=AXIS2_PLACEMENT_3D('',#4336,#2947,#2948);
#2761=AXIS2_PLACEMENT_3D('',#4619,#2949,#2950);
#2762=AXIS2_PLACEMENT_3D('',#4660,#2971,#2972);
#2763=AXIS2_PLACEMENT_3D('',#4662,#2973,#2974);
#2764=AXIS2_PLACEMENT_3D('',#4664,#2975,#2976);
#2765=AXIS2_PLACEMENT_3D('',#4666,#2977,#2978);
#2766=AXIS2_PLACEMENT_3D('',#4668,#2979,#2980);
#2767=AXIS2_PLACEMENT_3D('',#4670,#2981,#2982);
#2768=AXIS2_PLACEMENT_3D('',#4696,#2995,#2996);
#2769=AXIS2_PLACEMENT_3D('',#4705,#3001,#3002);
#2770=AXIS2_PLACEMENT_3D('',#4706,#3003,#3004);
#2771=AXIS2_PLACEMENT_3D('',#4707,#3005,#3006);
#2772=AXIS2_PLACEMENT_3D('',#4711,#3008,#3009);
#2773=AXIS2_PLACEMENT_3D('',#4712,#3010,#3011);
#2774=AXIS2_PLACEMENT_3D('',#4713,#3012,#3013);
#2775=AXIS2_PLACEMENT_3D('',#4719,#3017,#3018);
#2776=AXIS2_PLACEMENT_3D('',#4720,#3019,#3020);
#2777=AXIS2_PLACEMENT_3D('',#4721,#3021,#3022);
#2778=AXIS2_PLACEMENT_3D('',#4722,#3023,#3024);
#2779=AXIS2_PLACEMENT_3D('',#4723,#3025,#3026);
#2780=AXIS2_PLACEMENT_3D('',#4724,#3027,#3028);
#2781=AXIS2_PLACEMENT_3D('',#4731,#3029,#3030);
#2782=AXIS2_PLACEMENT_3D('',#4738,#3031,#3032);
#2783=AXIS2_PLACEMENT_3D('',#4745,#3033,#3034);
#2784=AXIS2_PLACEMENT_3D('',#4752,#3035,#3036);
#2785=AXIS2_PLACEMENT_3D('',#4753,#3037,#3038);
#2786=AXIS2_PLACEMENT_3D('',#4762,#3039,#3040);
#2787=AXIS2_PLACEMENT_3D('',#4769,#3041,#3042);
#2788=AXIS2_PLACEMENT_3D('',#5332,#3043,#3044);
#2789=AXIS2_PLACEMENT_3D('',#5333,#3045,#3046);
#2790=AXIS2_PLACEMENT_3D('',#5342,#3047,#3048);
#2791=AXIS2_PLACEMENT_3D('',#5349,#3049,#3050);
#2792=AXIS2_PLACEMENT_3D('',#5912,#3051,#3052);
#2793=AXIS2_PLACEMENT_3D('',#5913,#3053,#3054);
#2794=AXIS2_PLACEMENT_3D('',#5915,#3055,#3056);
#2795=AXIS2_PLACEMENT_3D('',#5917,#3057,#3058);
#2796=AXIS2_PLACEMENT_3D('',#5918,#3059,#3060);
#2797=AXIS2_PLACEMENT_3D('',#5919,#3061,#3062);
#2798=AXIS2_PLACEMENT_3D('',#5921,#3063,#3064);
#2799=AXIS2_PLACEMENT_3D('',#5923,#3065,#3066);
#2800=AXIS2_PLACEMENT_3D('',#5924,#3067,#3068);
#2801=AXIS2_PLACEMENT_3D('',#5925,#3069,#3070);
#2802=AXIS2_PLACEMENT_3D('',#5927,#3071,#3072);
#2803=AXIS2_PLACEMENT_3D('',#5929,#3073,#3074);
#2804=AXIS2_PLACEMENT_3D('',#5930,#3075,#3076);
#2805=AXIS2_PLACEMENT_3D('',#5931,#3077,#3078);
#2806=AXIS2_PLACEMENT_3D('',#5933,#3079,#3080);
#2807=AXIS2_PLACEMENT_3D('',#5935,#3081,#3082);
#2808=AXIS2_PLACEMENT_3D('',#5936,#3083,#3084);
#2809=AXIS2_PLACEMENT_3D('',#5937,#3085,#3086);
#2810=AXIS2_PLACEMENT_3D('',#5939,#3087,#3088);
#2811=AXIS2_PLACEMENT_3D('',#5941,#3089,#3090);
#2812=AXIS2_PLACEMENT_3D('',#5942,#3091,#3092);
#2813=AXIS2_PLACEMENT_3D('',#5943,#3093,#3094);
#2814=AXIS2_PLACEMENT_3D('',#5945,#3095,#3096);
#2815=AXIS2_PLACEMENT_3D('',#5947,#3097,#3098);
#2816=AXIS2_PLACEMENT_3D('',#5948,#3099,#3100);
#2817=AXIS2_PLACEMENT_3D('',#5949,#3101,#3102);
#2818=AXIS2_PLACEMENT_3D('',#5951,#3103,#3104);
#2819=AXIS2_PLACEMENT_3D('',#5952,#3105,#3106);
#2820=AXIS2_PLACEMENT_3D('',#5954,#3107,#3108);
#2821=AXIS2_PLACEMENT_3D('',#5955,#3109,#3110);
#2822=AXIS2_PLACEMENT_3D('',#5957,#3111,#3112);
#2823=AXIS2_PLACEMENT_3D('',#5958,#3113,#3114);
#2824=AXIS2_PLACEMENT_3D('',#5960,#3115,#3116);
#2825=AXIS2_PLACEMENT_3D('',#5961,#3117,#3118);
#2826=AXIS2_PLACEMENT_3D('',#5963,#3119,#3120);
#2827=AXIS2_PLACEMENT_3D('',#5964,#3121,#3122);
#2828=AXIS2_PLACEMENT_3D('',#5966,#3123,#3124);
#2829=AXIS2_PLACEMENT_3D('',#5967,#3125,#3126);
#2830=AXIS2_PLACEMENT_3D('',#5969,#3127,#3128);
#2831=AXIS2_PLACEMENT_3D('',#5970,#3129,#3130);
#2832=AXIS2_PLACEMENT_3D('',#5972,#3131,#3132);
#2833=AXIS2_PLACEMENT_3D('',#5973,#3133,#3134);
#2834=AXIS2_PLACEMENT_3D('',#5975,#3135,#3136);
#2835=AXIS2_PLACEMENT_3D('',#5976,#3137,#3138);
#2836=AXIS2_PLACEMENT_3D('',#5978,#3139,#3140);
#2837=AXIS2_PLACEMENT_3D('',#5979,#3141,#3142);
#2838=AXIS2_PLACEMENT_3D('',#5981,#3143,#3144);
#2839=AXIS2_PLACEMENT_3D('',#5982,#3145,#3146);
#2840=AXIS2_PLACEMENT_3D('',#5984,#3147,#3148);
#2841=AXIS2_PLACEMENT_3D('',#5993,#3153,#3154);
#2842=AXIS2_PLACEMENT_3D('',#5999,#3158,#3159);
#2843=AXIS2_PLACEMENT_3D('',#6003,#3162,#3163);
#2844=AXIS2_PLACEMENT_3D('',#6007,#3166,#3167);
#2845=AXIS2_PLACEMENT_3D('',#6009,#3169,#3170);
#2846=AXIS2_PLACEMENT_3D('',#6018,#3175,#3176);
#2847=AXIS2_PLACEMENT_3D('',#6024,#3180,#3181);
#2848=AXIS2_PLACEMENT_3D('',#6028,#3184,#3185);
#2849=AXIS2_PLACEMENT_3D('',#6032,#3188,#3189);
#2850=AXIS2_PLACEMENT_3D('',#6034,#3191,#3192);
#2851=AXIS2_PLACEMENT_3D('',#6043,#3197,#3198);
#2852=AXIS2_PLACEMENT_3D('',#6049,#3202,#3203);
#2853=AXIS2_PLACEMENT_3D('',#6053,#3206,#3207);
#2854=AXIS2_PLACEMENT_3D('',#6057,#3210,#3211);
#2855=AXIS2_PLACEMENT_3D('',#6059,#3213,#3214);
#2856=AXIS2_PLACEMENT_3D('',#6068,#3219,#3220);
#2857=AXIS2_PLACEMENT_3D('',#6074,#3224,#3225);
#2858=AXIS2_PLACEMENT_3D('',#6078,#3228,#3229);
#2859=AXIS2_PLACEMENT_3D('',#6082,#3232,#3233);
#2860=AXIS2_PLACEMENT_3D('',#6084,#3235,#3236);
#2861=AXIS2_PLACEMENT_3D('',#6093,#3241,#3242);
#2862=AXIS2_PLACEMENT_3D('',#6099,#3246,#3247);
#2863=AXIS2_PLACEMENT_3D('',#6103,#3250,#3251);
#2864=AXIS2_PLACEMENT_3D('',#6107,#3254,#3255);
#2865=AXIS2_PLACEMENT_3D('',#6109,#3257,#3258);
#2866=AXIS2_PLACEMENT_3D('',#6118,#3263,#3264);
#2867=AXIS2_PLACEMENT_3D('',#6124,#3268,#3269);
#2868=AXIS2_PLACEMENT_3D('',#6128,#3272,#3273);
#2869=AXIS2_PLACEMENT_3D('',#6132,#3276,#3277);
#2870=AXIS2_PLACEMENT_3D('',#6134,#3279,#3280);
#2871=AXIS2_PLACEMENT_3D('',#6143,#3285,#3286);
#2872=AXIS2_PLACEMENT_3D('',#6149,#3290,#3291);
#2873=AXIS2_PLACEMENT_3D('',#6153,#3294,#3295);
#2874=AXIS2_PLACEMENT_3D('',#6157,#3298,#3299);
#2875=AXIS2_PLACEMENT_3D('',#6159,#3301,#3302);
#2876=AXIS2_PLACEMENT_3D('',#6160,#3303,#3304);
#2877=AXIS2_PLACEMENT_3D('',#6161,#3305,#3306);
#2878=AXIS2_PLACEMENT_3D('',#6162,#3307,#3308);
#2879=AXIS2_PLACEMENT_3D('',#6163,#3309,#3310);
#2880=AXIS2_PLACEMENT_3D('',#6164,#3311,#3312);
#2881=AXIS2_PLACEMENT_3D('',#6165,#3313,#3314);
#2882=AXIS2_PLACEMENT_3D('',#6168,#3317,#3318);
#2883=AXIS2_PLACEMENT_3D('',#6170,#3320,#3321);
#2884=AXIS2_PLACEMENT_3D('',#6172,#3323,#3324);
#2885=AXIS2_PLACEMENT_3D('',#6173,#3325,#3326);
#2886=AXIS2_PLACEMENT_3D('',#6176,#3329,#3330);
#2887=AXIS2_PLACEMENT_3D('',#6178,#3332,#3333);
#2888=AXIS2_PLACEMENT_3D('',#6180,#3335,#3336);
#2889=AXIS2_PLACEMENT_3D('',#6181,#3337,#3338);
#2890=AXIS2_PLACEMENT_3D('',#6184,#3341,#3342);
#2891=AXIS2_PLACEMENT_3D('',#6186,#3344,#3345);
#2892=AXIS2_PLACEMENT_3D('',#6188,#3347,#3348);
#2893=AXIS2_PLACEMENT_3D('',#6189,#3349,#3350);
#2894=AXIS2_PLACEMENT_3D('',#6192,#3353,#3354);
#2895=AXIS2_PLACEMENT_3D('',#6194,#3356,#3357);
#2896=AXIS2_PLACEMENT_3D('',#6196,#3359,#3360);
#2897=AXIS2_PLACEMENT_3D('',#6197,#3361,#3362);
#2898=AXIS2_PLACEMENT_3D('',#6200,#3365,#3366);
#2899=AXIS2_PLACEMENT_3D('',#6202,#3368,#3369);
#2900=AXIS2_PLACEMENT_3D('',#6204,#3371,#3372);
#2901=AXIS2_PLACEMENT_3D('',#6205,#3373,#3374);
#2902=AXIS2_PLACEMENT_3D('',#6208,#3377,#3378);
#2903=AXIS2_PLACEMENT_3D('',#6210,#3380,#3381);
#2904=AXIS2_PLACEMENT_3D('',#6212,#3383,#3384);
#2905=AXIS2_PLACEMENT_3D('',#6213,#3385,#3386);
#2906=AXIS2_PLACEMENT_3D('',#6216,#3389,#3390);
#2907=AXIS2_PLACEMENT_3D('',#6218,#3392,#3393);
#2908=AXIS2_PLACEMENT_3D('',#6220,#3395,#3396);
#2909=AXIS2_PLACEMENT_3D('',#6868,#3397,#3398);
#2910=AXIS2_PLACEMENT_3D('',#8155,#3399,#3400);
#2911=AXIS2_PLACEMENT_3D('',#9442,#3401,#3402);
#2912=AXIS2_PLACEMENT_3D('',#10729,#3403,#3404);
#2913=AXIS2_PLACEMENT_3D('',#11369,#3405,#3406);
#2914=AXIS2_PLACEMENT_3D('',#11370,#3407,#3408);
#2915=AXIS2_PLACEMENT_3D('',#11371,#3409,#3410);
#2916=AXIS2_PLACEMENT_3D('',#11372,#3411,#3412);
#2917=DIRECTION('',(0.,0.,1.));
#2918=DIRECTION('',(1.,0.,0.));
#2919=DIRECTION('',(0.,0.,1.));
#2920=DIRECTION('',(1.,0.,0.));
#2921=DIRECTION('',(0.,1.,0.));
#2922=DIRECTION('',(-1.,0.,0.));
#2923=DIRECTION('',(0.,-1.,0.));
#2924=DIRECTION('',(1.,0.,0.));
#2925=DIRECTION('',(0.,0.,-1.));
#2926=DIRECTION('',(-1.,0.,0.));
#2927=DIRECTION('',(0.,0.,1.));
#2928=DIRECTION('',(1.,0.,0.));
#2929=DIRECTION('',(0.,0.,-1.));
#2930=DIRECTION('',(-1.,0.,0.));
#2931=DIRECTION('',(0.,0.,1.));
#2932=DIRECTION('',(1.,0.,0.));
#2933=DIRECTION('',(0.,0.,-1.));
#2934=DIRECTION('',(-1.,0.,0.));
#2935=DIRECTION('',(0.,0.,1.));
#2936=DIRECTION('',(1.,0.,0.));
#2937=DIRECTION('',(0.,0.,-1.));
#2938=DIRECTION('',(-1.,0.,0.));
#2939=DIRECTION('',(0.,0.,1.));
#2940=DIRECTION('',(1.,0.,0.));
#2941=DIRECTION('',(0.,0.,1.));
#2942=DIRECTION('',(1.,0.,0.));
#2943=DIRECTION('',(0.,0.,-1.));
#2944=DIRECTION('',(-1.,0.,0.));
#2945=DIRECTION('',(0.,0.,1.));
#2946=DIRECTION('',(1.,0.,0.));
#2947=DIRECTION('',(0.,0.,-1.));
#2948=DIRECTION('',(-1.,0.,0.));
#2949=DIRECTION('',(0.,0.,1.));
#2950=DIRECTION('',(1.,0.,0.));
#2951=DIRECTION('',(0.,1.,0.));
#2952=DIRECTION('',(-1.,0.,0.));
#2953=DIRECTION('',(0.,-1.,0.));
#2954=DIRECTION('',(1.,0.,0.));
#2955=DIRECTION('',(0.,1.,0.));
#2956=DIRECTION('',(-1.,0.,0.));
#2957=DIRECTION('',(0.,-1.,0.));
#2958=DIRECTION('',(1.,-8.67361737988403E-16,0.));
#2959=DIRECTION('',(-1.,0.,0.));
#2960=DIRECTION('',(0.,-1.,0.));
#2961=DIRECTION('',(1.,0.,0.));
#2962=DIRECTION('',(0.,1.,0.));
#2963=DIRECTION('',(-1.,0.,0.));
#2964=DIRECTION('',(0.,-1.,0.));
#2965=DIRECTION('',(1.,0.,0.));
#2966=DIRECTION('',(0.,1.,0.));
#2967=DIRECTION('',(-1.,0.,0.));
#2968=DIRECTION('',(0.,-1.,0.));
#2969=DIRECTION('',(1.,0.,0.));
#2970=DIRECTION('',(0.,1.,0.));
#2971=DIRECTION('',(0.,0.,1.));
#2972=DIRECTION('',(0.,1.,0.));
#2973=DIRECTION('',(0.,0.,1.));
#2974=DIRECTION('',(0.,1.,0.));
#2975=DIRECTION('',(0.,0.,1.));
#2976=DIRECTION('',(0.,1.,0.));
#2977=DIRECTION('',(0.,0.,1.));
#2978=DIRECTION('',(0.,1.,0.));
#2979=DIRECTION('',(0.,0.,1.));
#2980=DIRECTION('',(0.,1.,0.));
#2981=DIRECTION('',(0.,0.,1.));
#2982=DIRECTION('',(0.,1.,0.));
#2983=DIRECTION('',(0.,1.,0.));
#2984=DIRECTION('',(1.,0.,0.));
#2985=DIRECTION('',(0.,-1.,0.));
#2986=DIRECTION('',(-1.,0.,0.));
#2987=DIRECTION('',(-1.,0.,0.));
#2988=DIRECTION('',(0.,-1.,0.));
#2989=DIRECTION('',(1.,0.,0.));
#2990=DIRECTION('',(0.,1.,0.));
#2991=DIRECTION('',(-1.,0.,0.));
#2992=DIRECTION('',(0.,-1.,0.));
#2993=DIRECTION('',(1.,0.,0.));
#2994=DIRECTION('',(0.,1.,0.));
#2995=DIRECTION('',(0.,1.,0.));
#2996=DIRECTION('',(0.,0.,1.));
#2997=DIRECTION('',(0.,0.,-1.));
#2998=DIRECTION('',(1.,0.,0.));
#2999=DIRECTION('',(0.,0.,-1.));
#3000=DIRECTION('',(1.,0.,0.));
#3001=DIRECTION('',(-1.,0.,0.));
#3002=DIRECTION('',(0.,0.,1.));
#3003=DIRECTION('',(-1.,0.,0.));
#3004=DIRECTION('',(0.,0.,1.));
#3005=DIRECTION('',(-1.,0.,0.));
#3006=DIRECTION('',(0.,0.,1.));
#3007=DIRECTION('',(0.,0.,-1.));
#3008=DIRECTION('',(-1.,0.,0.));
#3009=DIRECTION('',(0.,0.,1.));
#3010=DIRECTION('',(-1.,0.,0.));
#3011=DIRECTION('',(0.,0.,1.));
#3012=DIRECTION('',(0.,-1.,0.));
#3013=DIRECTION('',(0.,0.,-1.));
#3014=DIRECTION('',(0.,0.,-1.));
#3015=DIRECTION('',(-1.,0.,0.));
#3016=DIRECTION('',(-1.,0.,0.));
#3017=DIRECTION('',(1.,0.,0.));
#3018=DIRECTION('',(0.,0.,-1.));
#3019=DIRECTION('',(1.,0.,0.));
#3020=DIRECTION('',(0.,0.,-1.));
#3021=DIRECTION('',(1.,0.,0.));
#3022=DIRECTION('',(0.,0.,-1.));
#3023=DIRECTION('',(1.,0.,0.));
#3024=DIRECTION('',(0.,0.,-1.));
#3025=DIRECTION('',(1.,0.,0.));
#3026=DIRECTION('',(0.,0.,-1.));
#3027=DIRECTION('',(0.,0.,-1.));
#3028=DIRECTION('',(-1.,0.,0.));
#3029=DIRECTION('',(0.,0.,-1.));
#3030=DIRECTION('',(-1.,0.,0.));
#3031=DIRECTION('',(0.,0.,-1.));
#3032=DIRECTION('',(-1.,0.,0.));
#3033=DIRECTION('',(0.,0.,-1.));
#3034=DIRECTION('',(-1.,0.,0.));
#3035=DIRECTION('',(0.,0.,1.));
#3036=DIRECTION('',(1.,0.,0.));
#3037=DIRECTION('',(0.,0.,1.));
#3038=DIRECTION('',(1.,0.,0.));
#3039=DIRECTION('',(0.,0.,-1.));
#3040=DIRECTION('',(-1.,0.,0.));
#3041=DIRECTION('',(0.,0.,1.));
#3042=DIRECTION('',(1.,0.,0.));
#3043=DIRECTION('',(0.,0.,1.));
#3044=DIRECTION('',(1.,0.,0.));
#3045=DIRECTION('',(0.,0.,1.));
#3046=DIRECTION('',(1.,0.,0.));
#3047=DIRECTION('',(0.,0.,-1.));
#3048=DIRECTION('',(-1.,0.,0.));
#3049=DIRECTION('',(0.,0.,1.));
#3050=DIRECTION('',(1.,0.,0.));
#3051=DIRECTION('',(0.,0.,1.));
#3052=DIRECTION('',(1.,0.,0.));
#3053=DIRECTION('',(0.,0.,1.));
#3054=DIRECTION('',(1.,0.,0.));
#3055=DIRECTION('',(0.,0.,1.));
#3056=DIRECTION('',(0.,1.,0.));
#3057=DIRECTION('',(0.,0.,1.));
#3058=DIRECTION('',(1.,0.,0.));
#3059=DIRECTION('',(0.,0.,1.));
#3060=DIRECTION('',(1.,0.,0.));
#3061=DIRECTION('',(0.,0.,1.));
#3062=DIRECTION('',(1.,0.,0.));
#3063=DIRECTION('',(0.,0.,1.));
#3064=DIRECTION('',(0.,1.,0.));
#3065=DIRECTION('',(0.,0.,1.));
#3066=DIRECTION('',(1.,0.,0.));
#3067=DIRECTION('',(0.,0.,1.));
#3068=DIRECTION('',(1.,0.,0.));
#3069=DIRECTION('',(0.,0.,1.));
#3070=DIRECTION('',(1.,0.,0.));
#3071=DIRECTION('',(0.,0.,1.));
#3072=DIRECTION('',(0.,1.,0.));
#3073=DIRECTION('',(0.,0.,1.));
#3074=DIRECTION('',(1.,0.,0.));
#3075=DIRECTION('',(0.,0.,1.));
#3076=DIRECTION('',(1.,0.,0.));
#3077=DIRECTION('',(0.,0.,1.));
#3078=DIRECTION('',(1.,0.,0.));
#3079=DIRECTION('',(0.,0.,1.));
#3080=DIRECTION('',(0.,1.,0.));
#3081=DIRECTION('',(0.,0.,1.));
#3082=DIRECTION('',(1.,0.,0.));
#3083=DIRECTION('',(0.,0.,1.));
#3084=DIRECTION('',(1.,0.,0.));
#3085=DIRECTION('',(0.,0.,1.));
#3086=DIRECTION('',(1.,0.,0.));
#3087=DIRECTION('',(0.,0.,1.));
#3088=DIRECTION('',(0.,1.,0.));
#3089=DIRECTION('',(0.,0.,1.));
#3090=DIRECTION('',(1.,0.,0.));
#3091=DIRECTION('',(0.,0.,1.));
#3092=DIRECTION('',(1.,0.,0.));
#3093=DIRECTION('',(0.,0.,1.));
#3094=DIRECTION('',(1.,0.,0.));
#3095=DIRECTION('',(0.,0.,1.));
#3096=DIRECTION('',(0.,1.,0.));
#3097=DIRECTION('',(0.,0.,1.));
#3098=DIRECTION('',(1.,0.,0.));
#3099=DIRECTION('',(0.,0.,1.));
#3100=DIRECTION('',(1.,0.,0.));
#3101=DIRECTION('',(0.,0.,1.));
#3102=DIRECTION('',(1.,0.,0.));
#3103=DIRECTION('',(0.,0.,1.));
#3104=DIRECTION('',(1.,0.,0.));
#3105=DIRECTION('',(0.,0.,1.));
#3106=DIRECTION('',(1.,0.,0.));
#3107=DIRECTION('',(0.,0.,1.));
#3108=DIRECTION('',(1.,0.,0.));
#3109=DIRECTION('',(0.,0.,1.));
#3110=DIRECTION('',(1.,0.,0.));
#3111=DIRECTION('',(0.,0.,1.));
#3112=DIRECTION('',(1.,0.,0.));
#3113=DIRECTION('',(0.,0.,1.));
#3114=DIRECTION('',(1.,0.,0.));
#3115=DIRECTION('',(0.,0.,1.));
#3116=DIRECTION('',(1.,0.,0.));
#3117=DIRECTION('',(0.,0.,1.));
#3118=DIRECTION('',(1.,0.,0.));
#3119=DIRECTION('',(0.,0.,1.));
#3120=DIRECTION('',(1.,0.,0.));
#3121=DIRECTION('',(0.,0.,1.));
#3122=DIRECTION('',(1.,0.,0.));
#3123=DIRECTION('',(0.,0.,1.));
#3124=DIRECTION('',(1.,0.,0.));
#3125=DIRECTION('',(0.,0.,1.));
#3126=DIRECTION('',(1.,0.,0.));
#3127=DIRECTION('',(0.,0.,1.));
#3128=DIRECTION('',(1.,0.,0.));
#3129=DIRECTION('',(0.,0.,1.));
#3130=DIRECTION('',(1.,0.,0.));
#3131=DIRECTION('',(0.,0.,1.));
#3132=DIRECTION('',(1.,0.,0.));
#3133=DIRECTION('',(0.,0.,1.));
#3134=DIRECTION('',(1.,0.,0.));
#3135=DIRECTION('',(0.,0.,1.));
#3136=DIRECTION('',(1.,0.,0.));
#3137=DIRECTION('',(0.,0.,1.));
#3138=DIRECTION('',(1.,0.,0.));
#3139=DIRECTION('',(0.,0.,1.));
#3140=DIRECTION('',(1.,0.,0.));
#3141=DIRECTION('',(0.,0.,1.));
#3142=DIRECTION('',(1.,0.,0.));
#3143=DIRECTION('',(0.,0.,1.));
#3144=DIRECTION('',(1.,0.,0.));
#3145=DIRECTION('',(0.,0.,1.));
#3146=DIRECTION('',(1.,0.,0.));
#3147=DIRECTION('',(0.,0.,-1.));
#3148=DIRECTION('',(-1.,0.,0.));
#3149=DIRECTION('',(1.,0.,0.));
#3150=DIRECTION('',(0.,-1.,0.));
#3151=DIRECTION('',(-1.,0.,0.));
#3152=DIRECTION('',(0.,1.,0.));
#3153=DIRECTION('',(0.,1.,0.));
#3154=DIRECTION('',(0.,0.,1.));
#3155=DIRECTION('',(0.,0.,1.));
#3156=DIRECTION('',(1.,0.,0.));
#3157=DIRECTION('',(0.,0.,1.));
#3158=DIRECTION('',(1.,0.,0.));
#3159=DIRECTION('',(0.,0.,-1.));
#3160=DIRECTION('',(0.,0.,1.));
#3161=DIRECTION('',(0.,-1.,0.));
#3162=DIRECTION('',(0.,-1.,0.));
#3163=DIRECTION('',(0.,0.,-1.));
#3164=DIRECTION('',(0.,0.,1.));
#3165=DIRECTION('',(-1.,0.,0.));
#3166=DIRECTION('',(-1.,0.,0.));
#3167=DIRECTION('',(0.,0.,1.));
#3168=DIRECTION('',(0.,1.,0.));
#3169=DIRECTION('',(0.,0.,-1.));
#3170=DIRECTION('',(-1.,0.,0.));
#3171=DIRECTION('',(1.,0.,0.));
#3172=DIRECTION('',(0.,-1.,0.));
#3173=DIRECTION('',(-1.,0.,0.));
#3174=DIRECTION('',(0.,1.,0.));
#3175=DIRECTION('',(0.,1.,0.));
#3176=DIRECTION('',(0.,0.,1.));
#3177=DIRECTION('',(0.,0.,1.));
#3178=DIRECTION('',(1.,0.,0.));
#3179=DIRECTION('',(0.,0.,1.));
#3180=DIRECTION('',(1.,0.,0.));
#3181=DIRECTION('',(0.,0.,-1.));
#3182=DIRECTION('',(0.,0.,1.));
#3183=DIRECTION('',(0.,-1.,0.));
#3184=DIRECTION('',(0.,-1.,0.));
#3185=DIRECTION('',(0.,0.,-1.));
#3186=DIRECTION('',(0.,0.,1.));
#3187=DIRECTION('',(-1.,0.,0.));
#3188=DIRECTION('',(-1.,0.,0.));
#3189=DIRECTION('',(0.,0.,1.));
#3190=DIRECTION('',(0.,1.,0.));
#3191=DIRECTION('',(0.,0.,-1.));
#3192=DIRECTION('',(-1.,0.,0.));
#3193=DIRECTION('',(1.,0.,0.));
#3194=DIRECTION('',(0.,-1.,0.));
#3195=DIRECTION('',(-1.,0.,0.));
#3196=DIRECTION('',(0.,1.,0.));
#3197=DIRECTION('',(0.,1.,0.));
#3198=DIRECTION('',(0.,0.,1.));
#3199=DIRECTION('',(0.,0.,1.));
#3200=DIRECTION('',(1.,0.,0.));
#3201=DIRECTION('',(0.,0.,1.));
#3202=DIRECTION('',(1.,0.,0.));
#3203=DIRECTION('',(0.,0.,-1.));
#3204=DIRECTION('',(0.,0.,1.));
#3205=DIRECTION('',(0.,-1.,0.));
#3206=DIRECTION('',(0.,-1.,0.));
#3207=DIRECTION('',(0.,0.,-1.));
#3208=DIRECTION('',(0.,0.,1.));
#3209=DIRECTION('',(-1.,0.,0.));
#3210=DIRECTION('',(-1.,0.,0.));
#3211=DIRECTION('',(0.,0.,1.));
#3212=DIRECTION('',(0.,1.,0.));
#3213=DIRECTION('',(0.,0.,-1.));
#3214=DIRECTION('',(-1.,0.,0.));
#3215=DIRECTION('',(0.,1.,0.));
#3216=DIRECTION('',(1.,0.,0.));
#3217=DIRECTION('',(0.,-1.,0.));
#3218=DIRECTION('',(-1.,0.,0.));
#3219=DIRECTION('',(0.,1.,0.));
#3220=DIRECTION('',(0.,0.,1.));
#3221=DIRECTION('',(0.,0.,1.));
#3222=DIRECTION('',(1.,0.,0.));
#3223=DIRECTION('',(0.,0.,1.));
#3224=DIRECTION('',(1.,0.,0.));
#3225=DIRECTION('',(0.,0.,-1.));
#3226=DIRECTION('',(0.,0.,1.));
#3227=DIRECTION('',(0.,-1.,0.));
#3228=DIRECTION('',(0.,-1.,0.));
#3229=DIRECTION('',(0.,0.,-1.));
#3230=DIRECTION('',(0.,0.,1.));
#3231=DIRECTION('',(-1.,0.,0.));
#3232=DIRECTION('',(-1.,0.,0.));
#3233=DIRECTION('',(0.,0.,1.));
#3234=DIRECTION('',(0.,1.,0.));
#3235=DIRECTION('',(0.,0.,1.));
#3236=DIRECTION('',(1.,0.,0.));
#3237=DIRECTION('',(0.,1.,0.));
#3238=DIRECTION('',(1.,0.,0.));
#3239=DIRECTION('',(0.,-1.,0.));
#3240=DIRECTION('',(-1.,0.,0.));
#3241=DIRECTION('',(-1.,0.,0.));
#3242=DIRECTION('',(0.,0.,1.));
#3243=DIRECTION('',(0.,0.,1.));
#3244=DIRECTION('',(0.,-1.,0.));
#3245=DIRECTION('',(0.,0.,1.));
#3246=DIRECTION('',(0.,-1.,0.));
#3247=DIRECTION('',(0.,0.,-1.));
#3248=DIRECTION('',(1.,0.,0.));
#3249=DIRECTION('',(0.,0.,1.));
#3250=DIRECTION('',(1.,0.,0.));
#3251=DIRECTION('',(0.,0.,-1.));
#3252=DIRECTION('',(0.,1.,0.));
#3253=DIRECTION('',(0.,0.,1.));
#3254=DIRECTION('',(0.,1.,0.));
#3255=DIRECTION('',(0.,0.,1.));
#3256=DIRECTION('',(-1.,0.,0.));
#3257=DIRECTION('',(0.,0.,1.));
#3258=DIRECTION('',(1.,0.,0.));
#3259=DIRECTION('',(1.,0.,0.));
#3260=DIRECTION('',(0.,-1.,0.));
#3261=DIRECTION('',(-1.,8.67361737988403E-16,0.));
#3262=DIRECTION('',(0.,1.,0.));
#3263=DIRECTION('',(0.,1.,0.));
#3264=DIRECTION('',(0.,0.,1.));
#3265=DIRECTION('',(0.,0.,1.));
#3266=DIRECTION('',(-1.,0.,0.));
#3267=DIRECTION('',(0.,0.,1.));
#3268=DIRECTION('',(-1.,0.,0.));
#3269=DIRECTION('',(0.,0.,1.));
#3270=DIRECTION('',(0.,-1.,0.));
#3271=DIRECTION('',(0.,0.,1.));
#3272=DIRECTION('',(-8.67361737988403E-16,-1.,0.));
#3273=DIRECTION('',(1.,-8.67361737988403E-16,0.));
#3274=DIRECTION('',(1.,-8.67361737988403E-16,0.));
#3275=DIRECTION('',(0.,0.,1.));
#3276=DIRECTION('',(1.,0.,0.));
#3277=DIRECTION('',(0.,0.,-1.));
#3278=DIRECTION('',(0.,1.,0.));
#3279=DIRECTION('',(0.,0.,1.));
#3280=DIRECTION('',(1.,0.,0.));
#3281=DIRECTION('',(1.,0.,0.));
#3282=DIRECTION('',(0.,-1.,0.));
#3283=DIRECTION('',(-1.,0.,0.));
#3284=DIRECTION('',(0.,1.,0.));
#3285=DIRECTION('',(0.,1.,0.));
#3286=DIRECTION('',(0.,0.,1.));
#3287=DIRECTION('',(0.,0.,1.));
#3288=DIRECTION('',(-1.,0.,0.));
#3289=DIRECTION('',(0.,0.,1.));
#3290=DIRECTION('',(-1.,0.,0.));
#3291=DIRECTION('',(0.,0.,1.));
#3292=DIRECTION('',(0.,-1.,0.));
#3293=DIRECTION('',(0.,0.,1.));
#3294=DIRECTION('',(0.,-1.,0.));
#3295=DIRECTION('',(0.,0.,-1.));
#3296=DIRECTION('',(1.,0.,0.));
#3297=DIRECTION('',(0.,0.,1.));
#3298=DIRECTION('',(1.,0.,0.));
#3299=DIRECTION('',(0.,0.,-1.));
#3300=DIRECTION('',(0.,1.,0.));
#3301=DIRECTION('',(0.,0.,1.));
#3302=DIRECTION('',(1.,0.,0.));
#3303=DIRECTION('',(0.,0.,1.));
#3304=DIRECTION('',(1.,0.,0.));
#3305=DIRECTION('',(0.,0.,1.));
#3306=DIRECTION('',(1.,0.,0.));
#3307=DIRECTION('',(0.,0.,1.));
#3308=DIRECTION('',(1.,0.,0.));
#3309=DIRECTION('',(0.,0.,1.));
#3310=DIRECTION('',(1.,0.,0.));
#3311=DIRECTION('',(0.,0.,1.));
#3312=DIRECTION('',(1.,0.,0.));
#3313=DIRECTION('',(-0.70710678118655,0.,-0.707106781186545));
#3314=DIRECTION('',(0.,1.,0.));
#3315=DIRECTION('',(-0.577350269189625,0.577350269189625,0.577350269189628));
#3316=DIRECTION('',(-0.577350269189625,-0.577350269189625,0.577350269189628));
#3317=DIRECTION('',(0.,-0.70710678118655,-0.707106781186545));
#3318=DIRECTION('',(-1.,0.,0.));
#3319=DIRECTION('',(0.577350269189625,-0.577350269189625,0.577350269189628));
#3320=DIRECTION('',(0.,0.70710678118655,-0.707106781186545));
#3321=DIRECTION('',(1.,0.,0.));
#3322=DIRECTION('',(-0.577350269189625,-0.577350269189625,-0.577350269189628));
#3323=DIRECTION('',(0.70710678118655,0.,-0.707106781186545));
#3324=DIRECTION('',(0.,-1.,0.));
#3325=DIRECTION('',(-0.70710678118655,0.,-0.707106781186545));
#3326=DIRECTION('',(0.,1.,0.));
#3327=DIRECTION('',(-0.577350269189625,0.577350269189625,0.577350269189628));
#3328=DIRECTION('',(-0.577350269189624,-0.577350269189625,0.577350269189628));
#3329=DIRECTION('',(-6.13317366673351E-16,-0.707106781186549,-0.707106781186546));
#3330=DIRECTION('',(-1.,8.67361737988403E-16,0.));
#3331=DIRECTION('',(0.577350269189624,-0.577350269189626,0.577350269189628));
#3332=DIRECTION('',(0.,0.70710678118655,-0.707106781186545));
#3333=DIRECTION('',(1.,0.,0.));
#3334=DIRECTION('',(-0.577350269189625,-0.577350269189625,-0.577350269189628));
#3335=DIRECTION('',(0.70710678118655,0.,-0.707106781186545));
#3336=DIRECTION('',(0.,-1.,0.));
#3337=DIRECTION('',(0.,-0.707106781186549,-0.707106781186546));
#3338=DIRECTION('',(-1.,0.,0.));
#3339=DIRECTION('',(-0.577350269189624,-0.577350269189626,0.577350269189628));
#3340=DIRECTION('',(0.577350269189624,-0.577350269189626,0.577350269189628));
#3341=DIRECTION('',(0.70710678118655,0.,-0.707106781186545));
#3342=DIRECTION('',(0.,-1.,0.));
#3343=DIRECTION('',(0.577350269189624,0.577350269189626,0.577350269189628));
#3344=DIRECTION('',(-0.70710678118655,0.,-0.707106781186545));
#3345=DIRECTION('',(0.,1.,0.));
#3346=DIRECTION('',(0.577350269189624,-0.577350269189626,-0.577350269189628));
#3347=DIRECTION('',(0.,0.707106781186549,-0.707106781186546));
#3348=DIRECTION('',(1.,0.,0.));
#3349=DIRECTION('',(-0.70710678118655,0.,-0.707106781186545));
#3350=DIRECTION('',(0.,-1.,0.));
#3351=DIRECTION('',(0.577350269189624,0.577350269189626,-0.577350269189628));
#3352=DIRECTION('',(0.577350269189624,-0.577350269189626,-0.577350269189628));
#3353=DIRECTION('',(0.,0.707106781186549,-0.707106781186546));
#3354=DIRECTION('',(-1.,0.,0.));
#3355=DIRECTION('',(-0.577350269189624,-0.577350269189626,-0.577350269189628));
#3356=DIRECTION('',(0.,-0.707106781186549,-0.707106781186546));
#3357=DIRECTION('',(1.,0.,0.));
#3358=DIRECTION('',(0.577350269189624,-0.577350269189626,0.577350269189628));
#3359=DIRECTION('',(0.70710678118655,0.,-0.707106781186545));
#3360=DIRECTION('',(0.,1.,0.));
#3361=DIRECTION('',(-0.70710678118655,0.,-0.707106781186545));
#3362=DIRECTION('',(0.,-1.,0.));
#3363=DIRECTION('',(0.577350269189624,0.577350269189626,-0.577350269189628));
#3364=DIRECTION('',(0.577350269189624,-0.577350269189626,-0.577350269189628));
#3365=DIRECTION('',(0.,0.707106781186549,-0.707106781186546));
#3366=DIRECTION('',(-1.,0.,0.));
#3367=DIRECTION('',(-0.577350269189624,-0.577350269189626,-0.577350269189628));
#3368=DIRECTION('',(0.,-0.707106781186549,-0.707106781186546));
#3369=DIRECTION('',(1.,0.,0.));
#3370=DIRECTION('',(0.577350269189624,-0.577350269189626,0.577350269189628));
#3371=DIRECTION('',(0.70710678118655,0.,-0.707106781186545));
#3372=DIRECTION('',(0.,1.,0.));
#3373=DIRECTION('',(-0.70710678118655,0.,-0.707106781186545));
#3374=DIRECTION('',(0.,-1.,0.));
#3375=DIRECTION('',(0.577350269189625,0.577350269189625,-0.577350269189628));
#3376=DIRECTION('',(0.577350269189624,-0.577350269189626,-0.577350269189628));
#3377=DIRECTION('',(0.,0.707106781186549,-0.707106781186546));
#3378=DIRECTION('',(-1.,0.,0.));
#3379=DIRECTION('',(-0.577350269189624,-0.577350269189626,-0.577350269189628));
#3380=DIRECTION('',(0.,-0.70710678118655,-0.707106781186545));
#3381=DIRECTION('',(1.,0.,0.));
#3382=DIRECTION('',(0.577350269189625,-0.577350269189625,0.577350269189628));
#3383=DIRECTION('',(0.70710678118655,0.,-0.707106781186545));
#3384=DIRECTION('',(0.,1.,0.));
#3385=DIRECTION('',(0.,-0.70710678118655,-0.707106781186545));
#3386=DIRECTION('',(1.,0.,0.));
#3387=DIRECTION('',(-0.577350269189625,0.577350269189625,-0.577350269189628));
#3388=DIRECTION('',(0.577350269189625,0.577350269189625,-0.577350269189628));
#3389=DIRECTION('',(-0.70710678118655,0.,-0.707106781186545));
#3390=DIRECTION('',(0.,-1.,0.));
#3391=DIRECTION('',(0.577350269189625,-0.577350269189625,-0.577350269189628));
#3392=DIRECTION('',(0.70710678118655,0.,-0.707106781186545));
#3393=DIRECTION('',(0.,1.,0.));
#3394=DIRECTION('',(0.577350269189625,0.577350269189625,0.577350269189628));
#3395=DIRECTION('',(0.,0.70710678118655,-0.707106781186545));
#3396=DIRECTION('',(-1.,0.,0.));
#3397=DIRECTION('',(0.,0.,-1.));
#3398=DIRECTION('',(-1.,0.,0.));
#3399=DIRECTION('',(0.,0.,-1.));
#3400=DIRECTION('',(-1.,0.,0.));
#3401=DIRECTION('',(0.,0.,-1.));
#3402=DIRECTION('',(-1.,0.,0.));
#3403=DIRECTION('',(0.,0.,-1.));
#3404=DIRECTION('',(-1.,0.,0.));
#3405=DIRECTION('',(-1.,0.,0.));
#3406=DIRECTION('',(0.,0.,1.));
#3407=DIRECTION('',(-1.,0.,0.));
#3408=DIRECTION('',(0.,0.,1.));
#3409=DIRECTION('',(1.,0.,0.));
#3410=DIRECTION('',(0.,0.,-1.));
#3411=DIRECTION('',(1.,0.,0.));
#3412=DIRECTION('',(0.,0.,-1.));
#3413=CARTESIAN_POINT('',(0.,0.,0.));
#3414=CARTESIAN_POINT('',(0.,0.,7.55316481691059));
#3415=CARTESIAN_POINT('',(29.2,-11.4,7.55316481691059));
#3416=CARTESIAN_POINT('',(29.2,-11.1,7.55316481691059));
#3417=CARTESIAN_POINT('',(29.2,11.1,7.55316481691059));
#3418=CARTESIAN_POINT('',(-29.2,11.1,7.55316481691059));
#3419=CARTESIAN_POINT('',(-29.2,11.1,7.55316481691059));
#3420=CARTESIAN_POINT('',(-29.2,11.4,7.55316481691059));
#3421=CARTESIAN_POINT('',(-29.2,-11.1,7.55316481691059));
#3422=CARTESIAN_POINT('',(29.2,-11.1,7.55316481691059));
#3423=CARTESIAN_POINT('',(-25.4,7.6,7.55316481691059));
#3424=CARTESIAN_POINT('',(-24.8253129692808,8.98568887216565,7.55316481691059));
#3425=CARTESIAN_POINT('',(-24.0136997499832,8.17321065109075,7.55316481691059));
#3426=CARTESIAN_POINT('',(-24.0136997499832,8.17321065109073,7.55316481691059));
#3427=CARTESIAN_POINT('',(-23.8795027848753,7.74087642844949,7.55316481691059));
#3428=CARTESIAN_POINT('',(-24.0325653133537,6.75929366719559,7.55316481691059));
#3429=CARTESIAN_POINT('',(-24.9494139137174,6.31956093487802,7.55316481691059));
#3430=CARTESIAN_POINT('',(-25.4,6.3705,7.55316481691059));
#3431=CARTESIAN_POINT('',(-25.4,6.3705,7.55316481691059));
#3432=CARTESIAN_POINT('',(-25.4,7.6,7.55316481691059));
#3433=CARTESIAN_POINT('',(-26.6295,7.6,7.55316481691059));
#3434=CARTESIAN_POINT('',(-26.6295,7.6,7.5531648169106));
#3435=CARTESIAN_POINT('',(-26.6791879290435,8.05082210076894,7.5531648169106));
#3436=CARTESIAN_POINT('',(-26.2418723956534,8.96732257539482,7.5531648169106));
#3437=CARTESIAN_POINT('',(-25.257642738153,9.11984602796426,7.55316481691059));
#3438=CARTESIAN_POINT('',(-24.8253129692808,8.98568887216566,7.55316481691059));
#3439=CARTESIAN_POINT('',(-25.4,-7.6,7.55316481691059));
#3440=CARTESIAN_POINT('',(-24.8253129692808,-6.21431112783434,7.55316481691059));
#3441=CARTESIAN_POINT('',(-24.0136997499832,-7.02678934890925,7.55316481691059));
#3442=CARTESIAN_POINT('',(-24.0136997499832,-7.02678934890927,7.55316481691059));
#3443=CARTESIAN_POINT('',(-23.8795027848753,-7.45912357155051,7.55316481691059));
#3444=CARTESIAN_POINT('',(-24.0325653133537,-8.4407063328044,7.55316481691058));
#3445=CARTESIAN_POINT('',(-24.9494139137174,-8.88043906512197,7.55316481691059));
#3446=CARTESIAN_POINT('',(-25.4,-8.8295,7.55316481691059));
#3447=CARTESIAN_POINT('',(-25.4,-8.8295,7.55316481691059));
#3448=CARTESIAN_POINT('',(-25.4,-7.6,7.55316481691059));
#3449=CARTESIAN_POINT('',(-26.6295,-7.6,7.55316481691059));
#3450=CARTESIAN_POINT('',(-26.6295,-7.6,7.55316481691059));
#3451=CARTESIAN_POINT('',(-26.6791879290435,-7.14917789923106,7.5531648169106));
#3452=CARTESIAN_POINT('',(-26.2418723956534,-6.23267742460518,7.55316481691059));
#3453=CARTESIAN_POINT('',(-25.257642738153,-6.08015397203575,7.55316481691059));
#3454=CARTESIAN_POINT('',(-24.8253129692808,-6.21431112783435,7.55316481691059));
#3455=CARTESIAN_POINT('',(25.4,7.6,7.55316481691059));
#3456=CARTESIAN_POINT('',(25.9746870307192,8.98568887216566,7.55316481691059));
#3457=CARTESIAN_POINT('',(26.7863002500168,8.17321065109078,7.55316481691059));
#3458=CARTESIAN_POINT('',(26.7863002500168,8.17321065109073,7.55316481691059));
#3459=CARTESIAN_POINT('',(26.9204972151247,7.74087642844949,7.55316481691059));
#3460=CARTESIAN_POINT('',(26.7674346866462,6.75929366719555,7.55316481691059));
#3461=CARTESIAN_POINT('',(25.8505860862825,6.31956093487802,7.55316481691059));
#3462=CARTESIAN_POINT('',(25.4,6.3705,7.55316481691059));
#3463=CARTESIAN_POINT('',(25.4,6.3705,7.55316481691059));
#3464=CARTESIAN_POINT('',(25.4,7.6,7.55316481691059));
#3465=CARTESIAN_POINT('',(24.1705,7.6,7.55316481691059));
#3466=CARTESIAN_POINT('',(24.1705,7.6,7.55316481691059));
#3467=CARTESIAN_POINT('',(24.1208120709565,8.05082210076893,7.55316481691059));
#3468=CARTESIAN_POINT('',(24.5581276043466,8.96732257539481,7.55316481691059));
#3469=CARTESIAN_POINT('',(25.542357261847,9.11984602796425,7.55316481691059));
#3470=CARTESIAN_POINT('',(25.9746870307192,8.98568887216565,7.55316481691059));
#3471=CARTESIAN_POINT('',(25.4,-7.6,7.55316481691059));
#3472=CARTESIAN_POINT('',(25.9746870307192,-6.21431112783434,7.55316481691059));
#3473=CARTESIAN_POINT('',(26.7863002500168,-7.02678934890927,7.55316481691059));
#3474=CARTESIAN_POINT('',(26.7863002500168,-7.02678934890927,7.55316481691059));
#3475=CARTESIAN_POINT('',(26.9204972151247,-7.45912357155051,7.55316481691059));
#3476=CARTESIAN_POINT('',(26.7674346866462,-8.44070633280439,7.5531648169106));
#3477=CARTESIAN_POINT('',(25.8505860862826,-8.88043906512198,7.55316481691059));
#3478=CARTESIAN_POINT('',(25.4,-8.8295,7.55316481691059));
#3479=CARTESIAN_POINT('',(25.4,-8.8295,7.55316481691059));
#3480=CARTESIAN_POINT('',(25.4,-7.6,7.55316481691059));
#3481=CARTESIAN_POINT('',(24.1705,-7.6,7.55316481691059));
#3482=CARTESIAN_POINT('',(24.1705,-7.6,7.55316481691059));
#3483=CARTESIAN_POINT('',(24.1208120709565,-7.14917789923107,7.5531648169106));
#3484=CARTESIAN_POINT('',(24.5581276043466,-6.23267742460519,7.55316481691059));
#3485=CARTESIAN_POINT('',(25.542357261847,-6.08015397203575,7.55316481691059));
#3486=CARTESIAN_POINT('',(25.9746870307192,-6.21431112783435,7.55316481691059));
#3487=CARTESIAN_POINT('',(25.4,-7.6,4.55316481691059));
#3488=CARTESIAN_POINT('',(24.1705,-7.6,7.92816481691059));
#3489=CARTESIAN_POINT('',(24.1705,-7.31937464823731,7.91030767405345));
#3490=CARTESIAN_POINT('',(24.292258776914,-7.06653994275496,7.89245053119631));
#3491=CARTESIAN_POINT('',(24.414017553828,-6.81370523727261,7.87459338833917));
#3492=CARTESIAN_POINT('',(24.6334192886147,-6.63873819230556,7.85673624548202));
#3493=CARTESIAN_POINT('',(24.8528210234014,-6.4637711473385,7.83887910262488));
#3494=CARTESIAN_POINT('',(25.1264105117007,-6.40132613197245,7.82102195976774));
#3495=CARTESIAN_POINT('',(25.4,-6.33888111660639,7.80316481691059));
#3496=CARTESIAN_POINT('',(25.6735894882993,-6.40132613197245,7.78530767405345));
#3497=CARTESIAN_POINT('',(25.9471789765986,-6.4637711473385,7.76745053119631));
#3498=CARTESIAN_POINT('',(26.1665807113853,-6.63873819230556,7.74959338833917));
#3499=CARTESIAN_POINT('',(26.3859824461721,-6.81370523727261,7.73173624548202));
#3500=CARTESIAN_POINT('',(26.507741223086,-7.06653994275496,7.71387910262488));
#3501=CARTESIAN_POINT('',(26.6295,-7.31937464823731,7.69602195976774));
#3502=CARTESIAN_POINT('',(26.6295,-7.6,7.67816481691059));
#3503=CARTESIAN_POINT('',(26.6295,-7.88062535176269,7.66030767405345));
#3504=CARTESIAN_POINT('',(26.507741223086,-8.13346005724504,7.64245053119631));
#3505=CARTESIAN_POINT('',(26.3859824461721,-8.38629476272739,7.62459338833917));
#3506=CARTESIAN_POINT('',(26.1665807113853,-8.56126180769444,7.60673624548202));
#3507=CARTESIAN_POINT('',(25.9471789765986,-8.7362288526615,7.58887910262488));
#3508=CARTESIAN_POINT('',(25.6735894882993,-8.79867386802755,7.57102195976774));
#3509=CARTESIAN_POINT('',(25.4,-8.86111888339361,7.55316481691059));
#3510=CARTESIAN_POINT('',(25.1264105117007,-8.79867386802755,7.53530767405345));
#3511=CARTESIAN_POINT('',(24.8528210234014,-8.7362288526615,7.51745053119631));
#3512=CARTESIAN_POINT('',(24.6334192886147,-8.56126180769444,7.49959338833917));
#3513=CARTESIAN_POINT('',(24.414017553828,-8.38629476272739,7.48173624548202));
#3514=CARTESIAN_POINT('',(24.292258776914,-8.13346005724504,7.46387910262488));
#3515=CARTESIAN_POINT('',(24.1705,-7.88062535176269,7.44602195976774));
#3516=CARTESIAN_POINT('',(24.1705,-7.6,7.42816481691059));
#3517=CARTESIAN_POINT('',(24.1705,-7.31937464823731,7.41030767405345));
#3518=CARTESIAN_POINT('',(24.292258776914,-7.06653994275496,7.39245053119631));
#3519=CARTESIAN_POINT('',(24.414017553828,-6.81370523727261,7.37459338833917));
#3520=CARTESIAN_POINT('',(24.6334192886147,-6.63873819230556,7.35673624548202));
#3521=CARTESIAN_POINT('',(24.8528210234014,-6.4637711473385,7.33887910262488));
#3522=CARTESIAN_POINT('',(25.1264105117007,-6.40132613197245,7.32102195976774));
#3523=CARTESIAN_POINT('',(25.4,-6.33888111660639,7.30316481691059));
#3524=CARTESIAN_POINT('',(25.6735894882993,-6.40132613197245,7.28530767405345));
#3525=CARTESIAN_POINT('',(25.9471789765986,-6.4637711473385,7.26745053119631));
#3526=CARTESIAN_POINT('',(26.1665807113853,-6.63873819230556,7.24959338833917));
#3527=CARTESIAN_POINT('',(26.3859824461721,-6.81370523727261,7.23173624548202));
#3528=CARTESIAN_POINT('',(26.507741223086,-7.06653994275496,7.21387910262488));
#3529=CARTESIAN_POINT('',(26.6295,-7.31937464823731,7.19602195976774));
#3530=CARTESIAN_POINT('',(26.6295,-7.6,7.17816481691059));
#3531=CARTESIAN_POINT('',(26.6295,-7.88062535176269,7.16030767405345));
#3532=CARTESIAN_POINT('',(26.507741223086,-8.13346005724504,7.14245053119631));
#3533=CARTESIAN_POINT('',(26.3859824461721,-8.38629476272739,7.12459338833917));
#3534=CARTESIAN_POINT('',(26.1665807113853,-8.56126180769444,7.10673624548202));
#3535=CARTESIAN_POINT('',(25.9471789765986,-8.7362288526615,7.08887910262488));
#3536=CARTESIAN_POINT('',(25.6735894882993,-8.79867386802755,7.07102195976774));
#3537=CARTESIAN_POINT('',(25.4,-8.86111888339361,7.05316481691059));
#3538=CARTESIAN_POINT('',(25.1264105117007,-8.79867386802755,7.03530767405345));
#3539=CARTESIAN_POINT('',(24.8528210234014,-8.7362288526615,7.01745053119631));
#3540=CARTESIAN_POINT('',(24.6334192886147,-8.56126180769444,6.99959338833917));
#3541=CARTESIAN_POINT('',(24.414017553828,-8.38629476272739,6.98173624548202));
#3542=CARTESIAN_POINT('',(24.292258776914,-8.13346005724504,6.96387910262488));
#3543=CARTESIAN_POINT('',(24.1705,-7.88062535176269,6.94602195976774));
#3544=CARTESIAN_POINT('',(24.1705,-7.6,6.92816481691059));
#3545=CARTESIAN_POINT('',(24.1705,-7.31937464823731,6.91030767405345));
#3546=CARTESIAN_POINT('',(24.292258776914,-7.06653994275496,6.89245053119631));
#3547=CARTESIAN_POINT('',(24.414017553828,-6.81370523727261,6.87459338833917));
#3548=CARTESIAN_POINT('',(24.6334192886147,-6.63873819230556,6.85673624548202));
#3549=CARTESIAN_POINT('',(24.8528210234014,-6.4637711473385,6.83887910262488));
#3550=CARTESIAN_POINT('',(25.1264105117007,-6.40132613197245,6.82102195976774));
#3551=CARTESIAN_POINT('',(25.4,-6.33888111660639,6.80316481691059));
#3552=CARTESIAN_POINT('',(25.6735894882993,-6.40132613197245,6.78530767405345));
#3553=CARTESIAN_POINT('',(25.9471789765986,-6.4637711473385,6.76745053119631));
#3554=CARTESIAN_POINT('',(26.1665807113853,-6.63873819230556,6.74959338833917));
#3555=CARTESIAN_POINT('',(26.3859824461721,-6.81370523727261,6.73173624548202));
#3556=CARTESIAN_POINT('',(26.507741223086,-7.06653994275496,6.71387910262488));
#3557=CARTESIAN_POINT('',(26.6295,-7.31937464823731,6.69602195976774));
#3558=CARTESIAN_POINT('',(26.6295,-7.6,6.67816481691059));
#3559=CARTESIAN_POINT('',(26.6295,-7.88062535176269,6.66030767405345));
#3560=CARTESIAN_POINT('',(26.507741223086,-8.13346005724504,6.64245053119631));
#3561=CARTESIAN_POINT('',(26.3859824461721,-8.38629476272738,6.62459338833917));
#3562=CARTESIAN_POINT('',(26.1665807113853,-8.56126180769444,6.60673624548202));
#3563=CARTESIAN_POINT('',(25.9471789765986,-8.7362288526615,6.58887910262488));
#3564=CARTESIAN_POINT('',(25.6735894882993,-8.79867386802755,6.57102195976774));
#3565=CARTESIAN_POINT('',(25.4,-8.86111888339361,6.55316481691059));
#3566=CARTESIAN_POINT('',(25.1264105117007,-8.79867386802755,6.53530767405345));
#3567=CARTESIAN_POINT('',(24.8528210234014,-8.7362288526615,6.51745053119631));
#3568=CARTESIAN_POINT('',(24.6334192886147,-8.56126180769444,6.49959338833917));
#3569=CARTESIAN_POINT('',(24.414017553828,-8.38629476272739,6.48173624548202));
#3570=CARTESIAN_POINT('',(24.292258776914,-8.13346005724504,6.46387910262488));
#3571=CARTESIAN_POINT('',(24.1705,-7.88062535176269,6.44602195976774));
#3572=CARTESIAN_POINT('',(24.1705,-7.6,6.42816481691059));
#3573=CARTESIAN_POINT('',(24.1705,-7.31937464823731,6.41030767405345));
#3574=CARTESIAN_POINT('',(24.292258776914,-7.06653994275496,6.39245053119631));
#3575=CARTESIAN_POINT('',(24.414017553828,-6.81370523727261,6.37459338833917));
#3576=CARTESIAN_POINT('',(24.6334192886147,-6.63873819230556,6.35673624548202));
#3577=CARTESIAN_POINT('',(24.8528210234014,-6.4637711473385,6.33887910262488));
#3578=CARTESIAN_POINT('',(25.1264105117007,-6.40132613197245,6.32102195976774));
#3579=CARTESIAN_POINT('',(25.4,-6.33888111660639,6.30316481691059));
#3580=CARTESIAN_POINT('',(25.6735894882993,-6.40132613197245,6.28530767405345));
#3581=CARTESIAN_POINT('',(25.9471789765986,-6.4637711473385,6.26745053119631));
#3582=CARTESIAN_POINT('',(26.1665807113853,-6.63873819230556,6.24959338833917));
#3583=CARTESIAN_POINT('',(26.3859824461721,-6.81370523727261,6.23173624548202));
#3584=CARTESIAN_POINT('',(26.507741223086,-7.06653994275496,6.21387910262488));
#3585=CARTESIAN_POINT('',(26.6295,-7.31937464823731,6.19602195976774));
#3586=CARTESIAN_POINT('',(26.6295,-7.6,6.17816481691059));
#3587=CARTESIAN_POINT('',(26.6295,-7.88062535176269,6.16030767405345));
#3588=CARTESIAN_POINT('',(26.507741223086,-8.13346005724504,6.14245053119631));
#3589=CARTESIAN_POINT('',(26.3859824461721,-8.38629476272738,6.12459338833917));
#3590=CARTESIAN_POINT('',(26.1665807113853,-8.56126180769444,6.10673624548202));
#3591=CARTESIAN_POINT('',(25.9471789765986,-8.7362288526615,6.08887910262488));
#3592=CARTESIAN_POINT('',(25.6735894882993,-8.79867386802755,6.07102195976774));
#3593=CARTESIAN_POINT('',(25.4,-8.86111888339361,6.05316481691059));
#3594=CARTESIAN_POINT('',(25.1264105117007,-8.79867386802755,6.03530767405345));
#3595=CARTESIAN_POINT('',(24.8528210234014,-8.7362288526615,6.01745053119631));
#3596=CARTESIAN_POINT('',(24.6334192886147,-8.56126180769444,5.99959338833917));
#3597=CARTESIAN_POINT('',(24.414017553828,-8.38629476272739,5.98173624548202));
#3598=CARTESIAN_POINT('',(24.292258776914,-8.13346005724504,5.96387910262488));
#3599=CARTESIAN_POINT('',(24.1705,-7.88062535176269,5.94602195976774));
#3600=CARTESIAN_POINT('',(24.1705,-7.6,5.92816481691059));
#3601=CARTESIAN_POINT('',(24.1705,-7.31937464823731,5.91030767405345));
#3602=CARTESIAN_POINT('',(24.292258776914,-7.06653994275496,5.89245053119631));
#3603=CARTESIAN_POINT('',(24.414017553828,-6.81370523727261,5.87459338833917));
#3604=CARTESIAN_POINT('',(24.6334192886147,-6.63873819230556,5.85673624548202));
#3605=CARTESIAN_POINT('',(24.8528210234014,-6.4637711473385,5.83887910262488));
#3606=CARTESIAN_POINT('',(25.1264105117007,-6.40132613197245,5.82102195976774));
#3607=CARTESIAN_POINT('',(25.4,-6.33888111660639,5.80316481691059));
#3608=CARTESIAN_POINT('',(25.6735894882993,-6.40132613197245,5.78530767405345));
#3609=CARTESIAN_POINT('',(25.9471789765986,-6.4637711473385,5.76745053119631));
#3610=CARTESIAN_POINT('',(26.1665807113853,-6.63873819230556,5.74959338833917));
#3611=CARTESIAN_POINT('',(26.3859824461721,-6.81370523727261,5.73173624548202));
#3612=CARTESIAN_POINT('',(26.507741223086,-7.06653994275496,5.71387910262488));
#3613=CARTESIAN_POINT('',(26.6295,-7.31937464823731,5.69602195976774));
#3614=CARTESIAN_POINT('',(26.6295,-7.6,5.67816481691059));
#3615=CARTESIAN_POINT('',(26.6295,-7.88062535176269,5.66030767405345));
#3616=CARTESIAN_POINT('',(26.507741223086,-8.13346005724504,5.64245053119631));
#3617=CARTESIAN_POINT('',(26.3859824461721,-8.38629476272738,5.62459338833917));
#3618=CARTESIAN_POINT('',(26.1665807113853,-8.56126180769444,5.60673624548202));
#3619=CARTESIAN_POINT('',(25.9471789765986,-8.7362288526615,5.58887910262488));
#3620=CARTESIAN_POINT('',(25.6735894882993,-8.79867386802755,5.57102195976774));
#3621=CARTESIAN_POINT('',(25.4,-8.86111888339361,5.55316481691059));
#3622=CARTESIAN_POINT('',(25.1264105117007,-8.79867386802755,5.53530767405345));
#3623=CARTESIAN_POINT('',(24.8528210234014,-8.7362288526615,5.51745053119631));
#3624=CARTESIAN_POINT('',(24.6334192886147,-8.56126180769444,5.49959338833917));
#3625=CARTESIAN_POINT('',(24.414017553828,-8.38629476272739,5.48173624548202));
#3626=CARTESIAN_POINT('',(24.292258776914,-8.13346005724504,5.46387910262488));
#3627=CARTESIAN_POINT('',(24.1705,-7.88062535176269,5.44602195976774));
#3628=CARTESIAN_POINT('',(24.1705,-7.6,5.42816481691059));
#3629=CARTESIAN_POINT('',(24.1705,-7.31937464823731,5.41030767405345));
#3630=CARTESIAN_POINT('',(24.292258776914,-7.06653994275496,5.39245053119631));
#3631=CARTESIAN_POINT('',(24.414017553828,-6.81370523727261,5.37459338833917));
#3632=CARTESIAN_POINT('',(24.6334192886147,-6.63873819230556,5.35673624548202));
#3633=CARTESIAN_POINT('',(24.8528210234014,-6.4637711473385,5.33887910262488));
#3634=CARTESIAN_POINT('',(25.1264105117007,-6.40132613197245,5.32102195976774));
#3635=CARTESIAN_POINT('',(25.4,-6.33888111660639,5.30316481691059));
#3636=CARTESIAN_POINT('',(25.6735894882993,-6.40132613197245,5.28530767405345));
#3637=CARTESIAN_POINT('',(25.9471789765986,-6.4637711473385,5.26745053119631));
#3638=CARTESIAN_POINT('',(26.1665807113853,-6.63873819230556,5.24959338833917));
#3639=CARTESIAN_POINT('',(26.3859824461721,-6.81370523727261,5.23173624548202));
#3640=CARTESIAN_POINT('',(26.507741223086,-7.06653994275496,5.21387910262488));
#3641=CARTESIAN_POINT('',(26.6295,-7.31937464823731,5.19602195976774));
#3642=CARTESIAN_POINT('',(26.6295,-7.59999999999999,5.17816481691059));
#3643=CARTESIAN_POINT('',(26.6295,-7.88062535176269,5.16030767405345));
#3644=CARTESIAN_POINT('',(26.507741223086,-8.13346005724504,5.14245053119631));
#3645=CARTESIAN_POINT('',(26.3859824461721,-8.38629476272738,5.12459338833917));
#3646=CARTESIAN_POINT('',(26.1665807113853,-8.56126180769444,5.10673624548202));
#3647=CARTESIAN_POINT('',(25.9471789765986,-8.7362288526615,5.08887910262488));
#3648=CARTESIAN_POINT('',(25.6735894882993,-8.79867386802755,5.07102195976774));
#3649=CARTESIAN_POINT('',(25.4,-8.86111888339361,5.05316481691059));
#3650=CARTESIAN_POINT('',(25.1264105117007,-8.79867386802755,5.03530767405345));
#3651=CARTESIAN_POINT('',(24.8528210234014,-8.7362288526615,5.01745053119631));
#3652=CARTESIAN_POINT('',(24.6334192886147,-8.56126180769444,4.99959338833917));
#3653=CARTESIAN_POINT('',(24.414017553828,-8.38629476272739,4.98173624548202));
#3654=CARTESIAN_POINT('',(24.292258776914,-8.13346005724503,4.96387910262488));
#3655=CARTESIAN_POINT('',(24.1705,-7.88062535176269,4.94602195976774));
#3656=CARTESIAN_POINT('',(24.1705,-7.6,4.92816481691059));
#3657=CARTESIAN_POINT('',(24.1705,-7.31937464823731,4.91030767405345));
#3658=CARTESIAN_POINT('',(24.292258776914,-7.06653994275497,4.89245053119631));
#3659=CARTESIAN_POINT('',(24.414017553828,-6.81370523727261,4.87459338833917));
#3660=CARTESIAN_POINT('',(24.6334192886147,-6.63873819230556,4.85673624548202));
#3661=CARTESIAN_POINT('',(24.8528210234014,-6.4637711473385,4.83887910262488));
#3662=CARTESIAN_POINT('',(25.1264105117007,-6.40132613197245,4.82102195976774));
#3663=CARTESIAN_POINT('',(25.4,-6.33888111660639,4.80316481691059));
#3664=CARTESIAN_POINT('',(25.6735894882993,-6.40132613197245,4.78530767405345));
#3665=CARTESIAN_POINT('',(25.9471789765986,-6.4637711473385,4.76745053119631));
#3666=CARTESIAN_POINT('',(26.1665807113853,-6.63873819230555,4.74959338833917));
#3667=CARTESIAN_POINT('',(26.3859824461721,-6.81370523727261,4.73173624548202));
#3668=CARTESIAN_POINT('',(26.507741223086,-7.06653994275496,4.71387910262488));
#3669=CARTESIAN_POINT('',(26.6295,-7.31937464823731,4.69602195976774));
#3670=CARTESIAN_POINT('',(26.6295,-7.6,4.67816481691059));
#3671=CARTESIAN_POINT('',(26.6295,-7.88062535176269,4.66030767405345));
#3672=CARTESIAN_POINT('',(26.507741223086,-8.13346005724504,4.64245053119631));
#3673=CARTESIAN_POINT('',(26.3859824461721,-8.38629476272738,4.62459338833917));
#3674=CARTESIAN_POINT('',(26.1665807113853,-8.56126180769444,4.60673624548202));
#3675=CARTESIAN_POINT('',(25.9471789765986,-8.7362288526615,4.58887910262488));
#3676=CARTESIAN_POINT('',(25.6735894882993,-8.79867386802755,4.57102195976774));
#3677=CARTESIAN_POINT('',(25.4,-8.86111888339361,4.55316481691059));
#3678=CARTESIAN_POINT('',(25.1264105117007,-8.79867386802755,4.53530767405345));
#3679=CARTESIAN_POINT('',(24.8528210234014,-8.7362288526615,4.51745053119631));
#3680=CARTESIAN_POINT('',(24.6334192886147,-8.56126180769444,4.49959338833917));
#3681=CARTESIAN_POINT('',(24.414017553828,-8.38629476272739,4.48173624548202));
#3682=CARTESIAN_POINT('',(24.292258776914,-8.13346005724504,4.46387910262488));
#3683=CARTESIAN_POINT('',(24.1705,-7.88062535176269,4.44602195976774));
#3684=CARTESIAN_POINT('',(24.1705,-7.6,4.42816481691059));
#3685=CARTESIAN_POINT('',(24.1705,-7.31937464823731,4.41030767405345));
#3686=CARTESIAN_POINT('',(24.292258776914,-7.06653994275496,4.39245053119631));
#3687=CARTESIAN_POINT('',(24.414017553828,-6.81370523727261,4.37459338833917));
#3688=CARTESIAN_POINT('',(24.6334192886147,-6.63873819230556,4.35673624548202));
#3689=CARTESIAN_POINT('',(24.8528210234014,-6.4637711473385,4.33887910262488));
#3690=CARTESIAN_POINT('',(25.1264105117007,-6.40132613197245,4.32102195976774));
#3691=CARTESIAN_POINT('',(25.4,-6.33888111660639,4.30316481691059));
#3692=CARTESIAN_POINT('',(25.6735894882993,-6.40132613197245,4.28530767405345));
#3693=CARTESIAN_POINT('',(25.9471789765986,-6.4637711473385,4.26745053119631));
#3694=CARTESIAN_POINT('',(26.1665807113853,-6.63873819230556,4.24959338833917));
#3695=CARTESIAN_POINT('',(26.3859824461721,-6.81370523727261,4.23173624548202));
#3696=CARTESIAN_POINT('',(26.507741223086,-7.06653994275496,4.21387910262488));
#3697=CARTESIAN_POINT('',(26.6295,-7.31937464823731,4.19602195976774));
#3698=CARTESIAN_POINT('',(26.6295,-7.59999999999999,4.17816481691059));
#3699=CARTESIAN_POINT('',(26.6295,-7.88062535176269,4.16030767405345));
#3700=CARTESIAN_POINT('',(26.507741223086,-8.13346005724504,4.14245053119631));
#3701=CARTESIAN_POINT('',(26.3859824461721,-8.38629476272738,4.12459338833917));
#3702=CARTESIAN_POINT('',(26.1665807113853,-8.56126180769444,4.10673624548202));
#3703=CARTESIAN_POINT('',(25.9471789765986,-8.7362288526615,4.08887910262488));
#3704=CARTESIAN_POINT('',(25.6735894882993,-8.79867386802755,4.07102195976774));
#3705=CARTESIAN_POINT('',(25.4,-8.86111888339361,4.05316481691059));
#3706=CARTESIAN_POINT('',(25.1264105117007,-8.79867386802755,4.03530767405345));
#3707=CARTESIAN_POINT('',(24.8528210234014,-8.7362288526615,4.01745053119631));
#3708=CARTESIAN_POINT('',(24.6334192886147,-8.56126180769444,3.99959338833917));
#3709=CARTESIAN_POINT('',(24.414017553828,-8.38629476272739,3.98173624548202));
#3710=CARTESIAN_POINT('',(24.292258776914,-8.13346005724504,3.96387910262488));
#3711=CARTESIAN_POINT('',(24.1705,-7.88062535176269,3.94602195976774));
#3712=CARTESIAN_POINT('',(24.1705,-7.6,3.92816481691059));
#3713=CARTESIAN_POINT('',(24.1705,-7.31937464823731,3.91030767405345));
#3714=CARTESIAN_POINT('',(24.292258776914,-7.06653994275497,3.89245053119631));
#3715=CARTESIAN_POINT('',(24.414017553828,-6.81370523727261,3.87459338833917));
#3716=CARTESIAN_POINT('',(24.6334192886147,-6.63873819230556,3.85673624548202));
#3717=CARTESIAN_POINT('',(24.8528210234014,-6.4637711473385,3.83887910262488));
#3718=CARTESIAN_POINT('',(25.1264105117007,-6.40132613197245,3.82102195976774));
#3719=CARTESIAN_POINT('',(25.4,-6.33888111660639,3.80316481691059));
#3720=CARTESIAN_POINT('',(25.6735894882993,-6.40132613197245,3.78530767405345));
#3721=CARTESIAN_POINT('',(25.9471789765986,-6.4637711473385,3.76745053119631));
#3722=CARTESIAN_POINT('',(26.1665807113853,-6.63873819230555,3.74959338833917));
#3723=CARTESIAN_POINT('',(26.3859824461721,-6.81370523727261,3.73173624548202));
#3724=CARTESIAN_POINT('',(26.507741223086,-7.06653994275496,3.71387910262488));
#3725=CARTESIAN_POINT('',(26.6295,-7.31937464823731,3.69602195976774));
#3726=CARTESIAN_POINT('',(26.6295,-7.6,3.67816481691059));
#3727=CARTESIAN_POINT('',(26.6295,-7.88062535176269,3.66030767405345));
#3728=CARTESIAN_POINT('',(26.507741223086,-8.13346005724503,3.64245053119631));
#3729=CARTESIAN_POINT('',(26.3859824461721,-8.38629476272738,3.62459338833917));
#3730=CARTESIAN_POINT('',(26.1665807113853,-8.56126180769444,3.60673624548202));
#3731=CARTESIAN_POINT('',(25.9471789765986,-8.7362288526615,3.58887910262488));
#3732=CARTESIAN_POINT('',(25.6735894882993,-8.79867386802755,3.57102195976774));
#3733=CARTESIAN_POINT('',(25.4,-8.86111888339361,3.55316481691059));
#3734=CARTESIAN_POINT('',(25.1264105117007,-8.79867386802755,3.53530767405345));
#3735=CARTESIAN_POINT('',(24.8528210234014,-8.7362288526615,3.51745053119631));
#3736=CARTESIAN_POINT('',(24.6334192886147,-8.56126180769444,3.49959338833917));
#3737=CARTESIAN_POINT('',(24.414017553828,-8.38629476272739,3.48173624548202));
#3738=CARTESIAN_POINT('',(24.292258776914,-8.13346005724504,3.46387910262488));
#3739=CARTESIAN_POINT('',(24.1705,-7.88062535176269,3.44602195976774));
#3740=CARTESIAN_POINT('',(24.1705,-7.6,3.42816481691059));
#3741=CARTESIAN_POINT('',(24.1705,-7.31937464823732,3.41030767405345));
#3742=CARTESIAN_POINT('',(24.292258776914,-7.06653994275496,3.39245053119631));
#3743=CARTESIAN_POINT('',(24.414017553828,-6.81370523727261,3.37459338833917));
#3744=CARTESIAN_POINT('',(24.6334192886147,-6.63873819230556,3.35673624548202));
#3745=CARTESIAN_POINT('',(24.8528210234014,-6.4637711473385,3.33887910262488));
#3746=CARTESIAN_POINT('',(25.1264105117007,-6.40132613197245,3.32102195976774));
#3747=CARTESIAN_POINT('',(25.4,-6.33888111660639,3.30316481691059));
#3748=CARTESIAN_POINT('',(25.6735894882993,-6.40132613197245,3.28530767405345));
#3749=CARTESIAN_POINT('',(25.9471789765986,-6.4637711473385,3.26745053119631));
#3750=CARTESIAN_POINT('',(26.1665807113853,-6.63873819230556,3.24959338833917));
#3751=CARTESIAN_POINT('',(26.3859824461721,-6.81370523727261,3.23173624548202));
#3752=CARTESIAN_POINT('',(26.507741223086,-7.06653994275496,3.21387910262488));
#3753=CARTESIAN_POINT('',(26.6295,-7.31937464823731,3.19602195976774));
#3754=CARTESIAN_POINT('',(26.6295,-7.59999999999999,3.17816481691059));
#3755=CARTESIAN_POINT('',(26.6295,-7.88062535176269,3.16030767405345));
#3756=CARTESIAN_POINT('',(26.507741223086,-8.13346005724503,3.14245053119631));
#3757=CARTESIAN_POINT('',(26.3859824461721,-8.38629476272738,3.12459338833917));
#3758=CARTESIAN_POINT('',(26.1665807113853,-8.56126180769444,3.10673624548202));
#3759=CARTESIAN_POINT('',(25.9471789765986,-8.7362288526615,3.08887910262488));
#3760=CARTESIAN_POINT('',(25.6735894882993,-8.79867386802755,3.07102195976774));
#3761=CARTESIAN_POINT('',(25.4,-8.86111888339361,3.05316481691059));
#3762=CARTESIAN_POINT('',(25.1264105117007,-8.79867386802756,3.03530767405345));
#3763=CARTESIAN_POINT('',(24.8528210234014,-8.7362288526615,3.01745053119631));
#3764=CARTESIAN_POINT('',(24.6334192886147,-8.56126180769444,2.99959338833917));
#3765=CARTESIAN_POINT('',(24.414017553828,-8.38629476272739,2.98173624548202));
#3766=CARTESIAN_POINT('',(24.292258776914,-8.13346005724504,2.96387910262488));
#3767=CARTESIAN_POINT('',(24.1705,-7.88062535176269,2.94602195976774));
#3768=CARTESIAN_POINT('',(24.1705,-7.6,2.92816481691059));
#3769=CARTESIAN_POINT('',(25.4,-8.8295,4.55316481691059));
#3770=CARTESIAN_POINT('',(25.4,-7.6,4.55316481691059));
#3771=CARTESIAN_POINT('',(24.1705,-7.6,4.55316481691059));
#3772=CARTESIAN_POINT('',(24.1705,-7.6,7.55316481691059));
#3773=CARTESIAN_POINT('',(24.1705,-7.31937464823731,7.53530767405345));
#3774=CARTESIAN_POINT('',(24.292258776914,-7.06653994275496,7.51745053119631));
#3775=CARTESIAN_POINT('',(24.414017553828,-6.81370523727261,7.49959338833917));
#3776=CARTESIAN_POINT('',(24.6334192886147,-6.63873819230556,7.48173624548202));
#3777=CARTESIAN_POINT('',(24.8528210234014,-6.4637711473385,7.46387910262488));
#3778=CARTESIAN_POINT('',(25.1264105117007,-6.40132613197245,7.44602195976774));
#3779=CARTESIAN_POINT('',(25.4,-6.33888111660639,7.42816481691059));
#3780=CARTESIAN_POINT('',(25.6735894882993,-6.40132613197245,7.41030767405345));
#3781=CARTESIAN_POINT('',(25.9471789765986,-6.4637711473385,7.39245053119631));
#3782=CARTESIAN_POINT('',(26.1665807113853,-6.63873819230556,7.37459338833917));
#3783=CARTESIAN_POINT('',(26.3859824461721,-6.81370523727261,7.35673624548202));
#3784=CARTESIAN_POINT('',(26.507741223086,-7.06653994275496,7.33887910262488));
#3785=CARTESIAN_POINT('',(26.6295,-7.31937464823731,7.32102195976774));
#3786=CARTESIAN_POINT('',(26.6295,-7.6,7.30316481691059));
#3787=CARTESIAN_POINT('',(26.6295,-7.88062535176269,7.28530767405345));
#3788=CARTESIAN_POINT('',(26.507741223086,-8.13346005724504,7.26745053119631));
#3789=CARTESIAN_POINT('',(26.3859824461721,-8.38629476272739,7.24959338833917));
#3790=CARTESIAN_POINT('',(26.1665807113853,-8.56126180769444,7.23173624548202));
#3791=CARTESIAN_POINT('',(25.9471789765986,-8.7362288526615,7.21387910262488));
#3792=CARTESIAN_POINT('',(25.6735894882993,-8.79867386802755,7.19602195976774));
#3793=CARTESIAN_POINT('',(25.4,-8.86111888339361,7.17816481691059));
#3794=CARTESIAN_POINT('',(25.1264105117007,-8.79867386802755,7.16030767405345));
#3795=CARTESIAN_POINT('',(24.8528210234014,-8.7362288526615,7.14245053119631));
#3796=CARTESIAN_POINT('',(24.6334192886147,-8.56126180769444,7.12459338833917));
#3797=CARTESIAN_POINT('',(24.414017553828,-8.38629476272739,7.10673624548202));
#3798=CARTESIAN_POINT('',(24.292258776914,-8.13346005724504,7.08887910262488));
#3799=CARTESIAN_POINT('',(24.1705,-7.88062535176269,7.07102195976774));
#3800=CARTESIAN_POINT('',(24.1705,-7.6,7.05316481691059));
#3801=CARTESIAN_POINT('',(24.1705,-7.31937464823731,7.03530767405345));
#3802=CARTESIAN_POINT('',(24.292258776914,-7.06653994275496,7.01745053119631));
#3803=CARTESIAN_POINT('',(24.414017553828,-6.81370523727261,6.99959338833917));
#3804=CARTESIAN_POINT('',(24.6334192886147,-6.63873819230556,6.98173624548202));
#3805=CARTESIAN_POINT('',(24.8528210234014,-6.4637711473385,6.96387910262488));
#3806=CARTESIAN_POINT('',(25.1264105117007,-6.40132613197245,6.94602195976774));
#3807=CARTESIAN_POINT('',(25.4,-6.33888111660639,6.92816481691059));
#3808=CARTESIAN_POINT('',(25.6735894882993,-6.40132613197245,6.91030767405345));
#3809=CARTESIAN_POINT('',(25.9471789765986,-6.4637711473385,6.89245053119631));
#3810=CARTESIAN_POINT('',(26.1665807113853,-6.63873819230556,6.87459338833917));
#3811=CARTESIAN_POINT('',(26.3859824461721,-6.81370523727261,6.85673624548202));
#3812=CARTESIAN_POINT('',(26.507741223086,-7.06653994275496,6.83887910262488));
#3813=CARTESIAN_POINT('',(26.6295,-7.31937464823731,6.82102195976774));
#3814=CARTESIAN_POINT('',(26.6295,-7.6,6.80316481691059));
#3815=CARTESIAN_POINT('',(26.6295,-7.88062535176269,6.78530767405345));
#3816=CARTESIAN_POINT('',(26.507741223086,-8.13346005724504,6.76745053119631));
#3817=CARTESIAN_POINT('',(26.3859824461721,-8.38629476272739,6.74959338833917));
#3818=CARTESIAN_POINT('',(26.1665807113853,-8.56126180769444,6.73173624548202));
#3819=CARTESIAN_POINT('',(25.9471789765986,-8.7362288526615,6.71387910262488));
#3820=CARTESIAN_POINT('',(25.6735894882993,-8.79867386802755,6.69602195976774));
#3821=CARTESIAN_POINT('',(25.4,-8.86111888339361,6.67816481691059));
#3822=CARTESIAN_POINT('',(25.1264105117007,-8.79867386802755,6.66030767405345));
#3823=CARTESIAN_POINT('',(24.8528210234014,-8.7362288526615,6.64245053119631));
#3824=CARTESIAN_POINT('',(24.6334192886147,-8.56126180769444,6.62459338833917));
#3825=CARTESIAN_POINT('',(24.414017553828,-8.38629476272739,6.60673624548202));
#3826=CARTESIAN_POINT('',(24.292258776914,-8.13346005724504,6.58887910262488));
#3827=CARTESIAN_POINT('',(24.1705,-7.88062535176269,6.57102195976774));
#3828=CARTESIAN_POINT('',(24.1705,-7.6,6.55316481691059));
#3829=CARTESIAN_POINT('',(24.1705,-7.31937464823731,6.53530767405345));
#3830=CARTESIAN_POINT('',(24.292258776914,-7.06653994275496,6.51745053119631));
#3831=CARTESIAN_POINT('',(24.414017553828,-6.81370523727261,6.49959338833917));
#3832=CARTESIAN_POINT('',(24.6334192886147,-6.63873819230556,6.48173624548202));
#3833=CARTESIAN_POINT('',(24.8528210234014,-6.4637711473385,6.46387910262488));
#3834=CARTESIAN_POINT('',(25.1264105117007,-6.40132613197245,6.44602195976774));
#3835=CARTESIAN_POINT('',(25.4,-6.33888111660639,6.42816481691059));
#3836=CARTESIAN_POINT('',(25.6735894882993,-6.40132613197245,6.41030767405345));
#3837=CARTESIAN_POINT('',(25.9471789765986,-6.4637711473385,6.39245053119631));
#3838=CARTESIAN_POINT('',(26.1665807113853,-6.63873819230556,6.37459338833917));
#3839=CARTESIAN_POINT('',(26.3859824461721,-6.81370523727261,6.35673624548202));
#3840=CARTESIAN_POINT('',(26.507741223086,-7.06653994275496,6.33887910262488));
#3841=CARTESIAN_POINT('',(26.6295,-7.31937464823731,6.32102195976774));
#3842=CARTESIAN_POINT('',(26.6295,-7.6,6.30316481691059));
#3843=CARTESIAN_POINT('',(26.6295,-7.88062535176269,6.28530767405345));
#3844=CARTESIAN_POINT('',(26.507741223086,-8.13346005724504,6.26745053119631));
#3845=CARTESIAN_POINT('',(26.3859824461721,-8.38629476272738,6.24959338833917));
#3846=CARTESIAN_POINT('',(26.1665807113853,-8.56126180769444,6.23173624548202));
#3847=CARTESIAN_POINT('',(25.9471789765986,-8.7362288526615,6.21387910262488));
#3848=CARTESIAN_POINT('',(25.6735894882993,-8.79867386802755,6.19602195976774));
#3849=CARTESIAN_POINT('',(25.4,-8.86111888339361,6.17816481691059));
#3850=CARTESIAN_POINT('',(25.1264105117007,-8.79867386802755,6.16030767405345));
#3851=CARTESIAN_POINT('',(24.8528210234014,-8.7362288526615,6.14245053119631));
#3852=CARTESIAN_POINT('',(24.6334192886147,-8.56126180769444,6.12459338833917));
#3853=CARTESIAN_POINT('',(24.414017553828,-8.38629476272739,6.10673624548202));
#3854=CARTESIAN_POINT('',(24.292258776914,-8.13346005724504,6.08887910262488));
#3855=CARTESIAN_POINT('',(24.1705,-7.88062535176269,6.07102195976774));
#3856=CARTESIAN_POINT('',(24.1705,-7.6,6.05316481691059));
#3857=CARTESIAN_POINT('',(24.1705,-7.31937464823731,6.03530767405345));
#3858=CARTESIAN_POINT('',(24.292258776914,-7.06653994275496,6.01745053119631));
#3859=CARTESIAN_POINT('',(24.414017553828,-6.81370523727261,5.99959338833917));
#3860=CARTESIAN_POINT('',(24.6334192886147,-6.63873819230556,5.98173624548202));
#3861=CARTESIAN_POINT('',(24.8528210234014,-6.4637711473385,5.96387910262488));
#3862=CARTESIAN_POINT('',(25.1264105117007,-6.40132613197245,5.94602195976774));
#3863=CARTESIAN_POINT('',(25.4,-6.33888111660639,5.92816481691059));
#3864=CARTESIAN_POINT('',(25.6735894882993,-6.40132613197245,5.91030767405345));
#3865=CARTESIAN_POINT('',(25.9471789765986,-6.4637711473385,5.89245053119631));
#3866=CARTESIAN_POINT('',(26.1665807113853,-6.63873819230556,5.87459338833917));
#3867=CARTESIAN_POINT('',(26.3859824461721,-6.81370523727261,5.85673624548202));
#3868=CARTESIAN_POINT('',(26.507741223086,-7.06653994275496,5.83887910262488));
#3869=CARTESIAN_POINT('',(26.6295,-7.31937464823731,5.82102195976774));
#3870=CARTESIAN_POINT('',(26.6295,-7.6,5.80316481691059));
#3871=CARTESIAN_POINT('',(26.6295,-7.88062535176269,5.78530767405345));
#3872=CARTESIAN_POINT('',(26.507741223086,-8.13346005724504,5.76745053119631));
#3873=CARTESIAN_POINT('',(26.3859824461721,-8.38629476272738,5.74959338833917));
#3874=CARTESIAN_POINT('',(26.1665807113853,-8.56126180769444,5.73173624548202));
#3875=CARTESIAN_POINT('',(25.9471789765986,-8.7362288526615,5.71387910262488));
#3876=CARTESIAN_POINT('',(25.6735894882993,-8.79867386802755,5.69602195976774));
#3877=CARTESIAN_POINT('',(25.4,-8.86111888339361,5.67816481691059));
#3878=CARTESIAN_POINT('',(25.1264105117007,-8.79867386802755,5.66030767405345));
#3879=CARTESIAN_POINT('',(24.8528210234014,-8.7362288526615,5.64245053119631));
#3880=CARTESIAN_POINT('',(24.6334192886147,-8.56126180769444,5.62459338833917));
#3881=CARTESIAN_POINT('',(24.414017553828,-8.38629476272739,5.60673624548202));
#3882=CARTESIAN_POINT('',(24.292258776914,-8.13346005724504,5.58887910262488));
#3883=CARTESIAN_POINT('',(24.1705,-7.88062535176269,5.57102195976774));
#3884=CARTESIAN_POINT('',(24.1705,-7.6,5.55316481691059));
#3885=CARTESIAN_POINT('',(24.1705,-7.31937464823731,5.53530767405345));
#3886=CARTESIAN_POINT('',(24.292258776914,-7.06653994275496,5.51745053119631));
#3887=CARTESIAN_POINT('',(24.414017553828,-6.81370523727261,5.49959338833917));
#3888=CARTESIAN_POINT('',(24.6334192886147,-6.63873819230556,5.48173624548202));
#3889=CARTESIAN_POINT('',(24.8528210234014,-6.4637711473385,5.46387910262488));
#3890=CARTESIAN_POINT('',(25.1264105117007,-6.40132613197245,5.44602195976774));
#3891=CARTESIAN_POINT('',(25.4,-6.33888111660639,5.42816481691059));
#3892=CARTESIAN_POINT('',(25.6735894882993,-6.40132613197245,5.41030767405345));
#3893=CARTESIAN_POINT('',(25.9471789765986,-6.4637711473385,5.39245053119631));
#3894=CARTESIAN_POINT('',(26.1665807113853,-6.63873819230556,5.37459338833917));
#3895=CARTESIAN_POINT('',(26.3859824461721,-6.81370523727261,5.35673624548202));
#3896=CARTESIAN_POINT('',(26.507741223086,-7.06653994275496,5.33887910262488));
#3897=CARTESIAN_POINT('',(26.6295,-7.31937464823731,5.32102195976774));
#3898=CARTESIAN_POINT('',(26.6295,-7.6,5.30316481691059));
#3899=CARTESIAN_POINT('',(26.6295,-7.88062535176269,5.28530767405345));
#3900=CARTESIAN_POINT('',(26.507741223086,-8.13346005724504,5.26745053119631));
#3901=CARTESIAN_POINT('',(26.3859824461721,-8.38629476272738,5.24959338833917));
#3902=CARTESIAN_POINT('',(26.1665807113853,-8.56126180769444,5.23173624548202));
#3903=CARTESIAN_POINT('',(25.9471789765986,-8.7362288526615,5.21387910262488));
#3904=CARTESIAN_POINT('',(25.6735894882993,-8.79867386802755,5.19602195976774));
#3905=CARTESIAN_POINT('',(25.4,-8.86111888339361,5.17816481691059));
#3906=CARTESIAN_POINT('',(25.1264105117007,-8.79867386802755,5.16030767405345));
#3907=CARTESIAN_POINT('',(24.8528210234014,-8.7362288526615,5.14245053119631));
#3908=CARTESIAN_POINT('',(24.6334192886147,-8.56126180769444,5.12459338833917));
#3909=CARTESIAN_POINT('',(24.414017553828,-8.38629476272739,5.10673624548202));
#3910=CARTESIAN_POINT('',(24.292258776914,-8.13346005724504,5.08887910262488));
#3911=CARTESIAN_POINT('',(24.1705,-7.88062535176269,5.07102195976774));
#3912=CARTESIAN_POINT('',(24.1705,-7.6,5.05316481691059));
#3913=CARTESIAN_POINT('',(24.1705,-7.31937464823731,5.03530767405345));
#3914=CARTESIAN_POINT('',(24.292258776914,-7.06653994275496,5.01745053119631));
#3915=CARTESIAN_POINT('',(24.414017553828,-6.81370523727261,4.99959338833916));
#3916=CARTESIAN_POINT('',(24.6334192886147,-6.63873819230556,4.98173624548202));
#3917=CARTESIAN_POINT('',(24.8528210234014,-6.4637711473385,4.96387910262488));
#3918=CARTESIAN_POINT('',(25.1264105117007,-6.40132613197245,4.94602195976774));
#3919=CARTESIAN_POINT('',(25.4,-6.33888111660639,4.92816481691059));
#3920=CARTESIAN_POINT('',(25.6735894882993,-6.40132613197245,4.91030767405345));
#3921=CARTESIAN_POINT('',(25.9471789765986,-6.4637711473385,4.89245053119631));
#3922=CARTESIAN_POINT('',(26.1665807113853,-6.63873819230556,4.87459338833917));
#3923=CARTESIAN_POINT('',(26.3859824461721,-6.81370523727261,4.85673624548202));
#3924=CARTESIAN_POINT('',(26.507741223086,-7.06653994275496,4.83887910262488));
#3925=CARTESIAN_POINT('',(26.6295,-7.31937464823731,4.82102195976774));
#3926=CARTESIAN_POINT('',(26.6295,-7.59999999999999,4.80316481691059));
#3927=CARTESIAN_POINT('',(26.6295,-7.88062535176269,4.78530767405345));
#3928=CARTESIAN_POINT('',(26.507741223086,-8.13346005724504,4.76745053119631));
#3929=CARTESIAN_POINT('',(26.3859824461721,-8.38629476272738,4.74959338833917));
#3930=CARTESIAN_POINT('',(26.1665807113853,-8.56126180769444,4.73173624548202));
#3931=CARTESIAN_POINT('',(25.9471789765986,-8.7362288526615,4.71387910262488));
#3932=CARTESIAN_POINT('',(25.6735894882993,-8.79867386802755,4.69602195976774));
#3933=CARTESIAN_POINT('',(25.4,-8.86111888339361,4.67816481691059));
#3934=CARTESIAN_POINT('',(25.1264105117007,-8.79867386802755,4.66030767405345));
#3935=CARTESIAN_POINT('',(24.8528210234014,-8.7362288526615,4.64245053119631));
#3936=CARTESIAN_POINT('',(24.6334192886147,-8.56126180769444,4.62459338833917));
#3937=CARTESIAN_POINT('',(24.414017553828,-8.38629476272739,4.60673624548202));
#3938=CARTESIAN_POINT('',(24.292258776914,-8.13346005724503,4.58887910262488));
#3939=CARTESIAN_POINT('',(24.1705,-7.88062535176269,4.57102195976774));
#3940=CARTESIAN_POINT('',(24.1705,-7.6,4.55316481691059));
#3941=CARTESIAN_POINT('',(24.1705,-7.31937464823731,4.53530767405345));
#3942=CARTESIAN_POINT('',(24.292258776914,-7.06653994275497,4.51745053119631));
#3943=CARTESIAN_POINT('',(24.414017553828,-6.81370523727261,4.49959338833917));
#3944=CARTESIAN_POINT('',(24.6334192886147,-6.63873819230556,4.48173624548202));
#3945=CARTESIAN_POINT('',(24.8528210234014,-6.4637711473385,4.46387910262488));
#3946=CARTESIAN_POINT('',(25.1264105117007,-6.40132613197245,4.44602195976774));
#3947=CARTESIAN_POINT('',(25.4,-6.33888111660639,4.42816481691059));
#3948=CARTESIAN_POINT('',(25.6735894882993,-6.40132613197245,4.41030767405345));
#3949=CARTESIAN_POINT('',(25.9471789765986,-6.4637711473385,4.39245053119631));
#3950=CARTESIAN_POINT('',(26.1665807113853,-6.63873819230555,4.37459338833917));
#3951=CARTESIAN_POINT('',(26.3859824461721,-6.81370523727261,4.35673624548202));
#3952=CARTESIAN_POINT('',(26.507741223086,-7.06653994275496,4.33887910262488));
#3953=CARTESIAN_POINT('',(26.6295,-7.31937464823731,4.32102195976774));
#3954=CARTESIAN_POINT('',(26.6295,-7.6,4.30316481691059));
#3955=CARTESIAN_POINT('',(26.6295,-7.88062535176269,4.28530767405345));
#3956=CARTESIAN_POINT('',(26.507741223086,-8.13346005724504,4.26745053119631));
#3957=CARTESIAN_POINT('',(26.3859824461721,-8.38629476272738,4.24959338833917));
#3958=CARTESIAN_POINT('',(26.1665807113853,-8.56126180769444,4.23173624548202));
#3959=CARTESIAN_POINT('',(25.9471789765986,-8.7362288526615,4.21387910262488));
#3960=CARTESIAN_POINT('',(25.6735894882993,-8.79867386802755,4.19602195976774));
#3961=CARTESIAN_POINT('',(25.4,-8.86111888339361,4.17816481691059));
#3962=CARTESIAN_POINT('',(25.1264105117007,-8.79867386802755,4.16030767405345));
#3963=CARTESIAN_POINT('',(24.8528210234014,-8.7362288526615,4.14245053119631));
#3964=CARTESIAN_POINT('',(24.6334192886147,-8.56126180769444,4.12459338833917));
#3965=CARTESIAN_POINT('',(24.414017553828,-8.38629476272739,4.10673624548202));
#3966=CARTESIAN_POINT('',(24.292258776914,-8.13346005724504,4.08887910262488));
#3967=CARTESIAN_POINT('',(24.1705,-7.88062535176269,4.07102195976774));
#3968=CARTESIAN_POINT('',(24.1705,-7.6,4.05316481691059));
#3969=CARTESIAN_POINT('',(24.1705,-7.31937464823731,4.03530767405345));
#3970=CARTESIAN_POINT('',(24.292258776914,-7.06653994275496,4.01745053119631));
#3971=CARTESIAN_POINT('',(24.414017553828,-6.81370523727261,3.99959338833917));
#3972=CARTESIAN_POINT('',(24.6334192886147,-6.63873819230556,3.98173624548202));
#3973=CARTESIAN_POINT('',(24.8528210234014,-6.4637711473385,3.96387910262488));
#3974=CARTESIAN_POINT('',(25.1264105117007,-6.40132613197245,3.94602195976774));
#3975=CARTESIAN_POINT('',(25.4,-6.33888111660639,3.92816481691059));
#3976=CARTESIAN_POINT('',(25.6735894882993,-6.40132613197245,3.91030767405345));
#3977=CARTESIAN_POINT('',(25.9471789765986,-6.4637711473385,3.89245053119631));
#3978=CARTESIAN_POINT('',(26.1665807113853,-6.63873819230556,3.87459338833917));
#3979=CARTESIAN_POINT('',(26.3859824461721,-6.81370523727261,3.85673624548202));
#3980=CARTESIAN_POINT('',(26.507741223086,-7.06653994275496,3.83887910262488));
#3981=CARTESIAN_POINT('',(26.6295,-7.31937464823731,3.82102195976774));
#3982=CARTESIAN_POINT('',(26.6295,-7.59999999999999,3.80316481691059));
#3983=CARTESIAN_POINT('',(26.6295,-7.88062535176269,3.78530767405345));
#3984=CARTESIAN_POINT('',(26.507741223086,-8.13346005724504,3.76745053119631));
#3985=CARTESIAN_POINT('',(26.3859824461721,-8.38629476272738,3.74959338833917));
#3986=CARTESIAN_POINT('',(26.1665807113853,-8.56126180769444,3.73173624548202));
#3987=CARTESIAN_POINT('',(25.9471789765986,-8.7362288526615,3.71387910262488));
#3988=CARTESIAN_POINT('',(25.6735894882993,-8.79867386802755,3.69602195976774));
#3989=CARTESIAN_POINT('',(25.4,-8.86111888339361,3.67816481691059));
#3990=CARTESIAN_POINT('',(25.1264105117007,-8.79867386802755,3.66030767405345));
#3991=CARTESIAN_POINT('',(24.8528210234014,-8.7362288526615,3.64245053119631));
#3992=CARTESIAN_POINT('',(24.6334192886147,-8.56126180769444,3.62459338833917));
#3993=CARTESIAN_POINT('',(24.414017553828,-8.38629476272739,3.60673624548202));
#3994=CARTESIAN_POINT('',(24.292258776914,-8.13346005724504,3.58887910262488));
#3995=CARTESIAN_POINT('',(24.1705,-7.88062535176269,3.57102195976774));
#3996=CARTESIAN_POINT('',(24.1705,-7.6,3.55316481691059));
#3997=CARTESIAN_POINT('',(24.1705,-7.31937464823731,3.53530767405345));
#3998=CARTESIAN_POINT('',(24.292258776914,-7.06653994275497,3.51745053119631));
#3999=CARTESIAN_POINT('',(24.414017553828,-6.81370523727261,3.49959338833917));
#4000=CARTESIAN_POINT('',(24.6334192886147,-6.63873819230556,3.48173624548202));
#4001=CARTESIAN_POINT('',(24.8528210234014,-6.4637711473385,3.46387910262488));
#4002=CARTESIAN_POINT('',(25.1264105117007,-6.40132613197245,3.44602195976774));
#4003=CARTESIAN_POINT('',(25.4,-6.33888111660639,3.42816481691059));
#4004=CARTESIAN_POINT('',(25.6735894882993,-6.40132613197245,3.41030767405345));
#4005=CARTESIAN_POINT('',(25.9471789765986,-6.4637711473385,3.39245053119631));
#4006=CARTESIAN_POINT('',(26.1665807113853,-6.63873819230555,3.37459338833917));
#4007=CARTESIAN_POINT('',(26.3859824461721,-6.81370523727261,3.35673624548202));
#4008=CARTESIAN_POINT('',(26.507741223086,-7.06653994275496,3.33887910262488));
#4009=CARTESIAN_POINT('',(26.6295,-7.31937464823731,3.32102195976774));
#4010=CARTESIAN_POINT('',(26.6295,-7.6,3.30316481691059));
#4011=CARTESIAN_POINT('',(26.6295,-7.88062535176269,3.28530767405345));
#4012=CARTESIAN_POINT('',(26.507741223086,-8.13346005724503,3.26745053119631));
#4013=CARTESIAN_POINT('',(26.3859824461721,-8.38629476272738,3.24959338833916));
#4014=CARTESIAN_POINT('',(26.1665807113853,-8.56126180769444,3.23173624548202));
#4015=CARTESIAN_POINT('',(25.9471789765986,-8.7362288526615,3.21387910262488));
#4016=CARTESIAN_POINT('',(25.6735894882993,-8.79867386802755,3.19602195976774));
#4017=CARTESIAN_POINT('',(25.4,-8.86111888339361,3.17816481691059));
#4018=CARTESIAN_POINT('',(25.1264105117007,-8.79867386802755,3.16030767405345));
#4019=CARTESIAN_POINT('',(24.8528210234014,-8.7362288526615,3.14245053119631));
#4020=CARTESIAN_POINT('',(24.6334192886147,-8.56126180769444,3.12459338833916));
#4021=CARTESIAN_POINT('',(24.414017553828,-8.38629476272739,3.10673624548202));
#4022=CARTESIAN_POINT('',(24.292258776914,-8.13346005724504,3.08887910262488));
#4023=CARTESIAN_POINT('',(24.1705,-7.88062535176269,3.07102195976774));
#4024=CARTESIAN_POINT('',(24.1705,-7.6,3.05316481691059));
#4025=CARTESIAN_POINT('',(24.1705,-7.31937464823732,3.03530767405345));
#4026=CARTESIAN_POINT('',(24.292258776914,-7.06653994275496,3.01745053119631));
#4027=CARTESIAN_POINT('',(24.414017553828,-6.81370523727261,2.99959338833917));
#4028=CARTESIAN_POINT('',(24.6334192886147,-6.63873819230556,2.98173624548202));
#4029=CARTESIAN_POINT('',(24.8528210234014,-6.4637711473385,2.96387910262488));
#4030=CARTESIAN_POINT('',(25.1264105117007,-6.40132613197245,2.94602195976774));
#4031=CARTESIAN_POINT('',(25.4,-6.33888111660639,2.92816481691059));
#4032=CARTESIAN_POINT('',(25.6735894882993,-6.40132613197245,2.91030767405345));
#4033=CARTESIAN_POINT('',(25.9471789765986,-6.4637711473385,2.89245053119631));
#4034=CARTESIAN_POINT('',(26.1665807113853,-6.63873819230556,2.87459338833917));
#4035=CARTESIAN_POINT('',(26.3859824461721,-6.81370523727261,2.85673624548202));
#4036=CARTESIAN_POINT('',(26.507741223086,-7.06653994275496,2.83887910262488));
#4037=CARTESIAN_POINT('',(26.6295,-7.31937464823731,2.82102195976774));
#4038=CARTESIAN_POINT('',(26.6295,-7.59999999999999,2.80316481691059));
#4039=CARTESIAN_POINT('',(26.6295,-7.88062535176269,2.78530767405345));
#4040=CARTESIAN_POINT('',(26.507741223086,-8.13346005724503,2.76745053119631));
#4041=CARTESIAN_POINT('',(26.3859824461721,-8.38629476272738,2.74959338833917));
#4042=CARTESIAN_POINT('',(26.1665807113853,-8.56126180769444,2.73173624548202));
#4043=CARTESIAN_POINT('',(25.9471789765986,-8.7362288526615,2.71387910262488));
#4044=CARTESIAN_POINT('',(25.6735894882993,-8.79867386802755,2.69602195976774));
#4045=CARTESIAN_POINT('',(25.4,-8.86111888339361,2.67816481691059));
#4046=CARTESIAN_POINT('',(25.1264105117007,-8.79867386802756,2.66030767405345));
#4047=CARTESIAN_POINT('',(24.8528210234014,-8.7362288526615,2.64245053119631));
#4048=CARTESIAN_POINT('',(24.6334192886147,-8.56126180769444,2.62459338833917));
#4049=CARTESIAN_POINT('',(24.414017553828,-8.38629476272739,2.60673624548202));
#4050=CARTESIAN_POINT('',(24.292258776914,-8.13346005724504,2.58887910262488));
#4051=CARTESIAN_POINT('',(24.1705,-7.88062535176269,2.57102195976774));
#4052=CARTESIAN_POINT('',(24.1705,-7.6,2.55316481691059));
#4053=CARTESIAN_POINT('',(-25.4,7.6,4.55316481691059));
#4054=CARTESIAN_POINT('',(-26.6295,7.6,7.92816481691059));
#4055=CARTESIAN_POINT('',(-26.6295,7.88062535176269,7.91030767405345));
#4056=CARTESIAN_POINT('',(-26.507741223086,8.13346005724504,7.89245053119631));
#4057=CARTESIAN_POINT('',(-26.3859824461721,8.38629476272739,7.87459338833917));
#4058=CARTESIAN_POINT('',(-26.1665807113853,8.56126180769444,7.85673624548202));
#4059=CARTESIAN_POINT('',(-25.9471789765986,8.7362288526615,7.83887910262488));
#4060=CARTESIAN_POINT('',(-25.6735894882993,8.79867386802755,7.82102195976774));
#4061=CARTESIAN_POINT('',(-25.4,8.86111888339361,7.80316481691059));
#4062=CARTESIAN_POINT('',(-25.1264105117007,8.79867386802755,7.78530767405345));
#4063=CARTESIAN_POINT('',(-24.8528210234014,8.7362288526615,7.76745053119631));
#4064=CARTESIAN_POINT('',(-24.6334192886147,8.56126180769444,7.74959338833917));
#4065=CARTESIAN_POINT('',(-24.414017553828,8.38629476272739,7.73173624548202));
#4066=CARTESIAN_POINT('',(-24.292258776914,8.13346005724504,7.71387910262488));
#4067=CARTESIAN_POINT('',(-24.1705,7.88062535176269,7.69602195976774));
#4068=CARTESIAN_POINT('',(-24.1705,7.6,7.67816481691059));
#4069=CARTESIAN_POINT('',(-24.1705,7.31937464823731,7.66030767405345));
#4070=CARTESIAN_POINT('',(-24.292258776914,7.06653994275496,7.64245053119631));
#4071=CARTESIAN_POINT('',(-24.414017553828,6.81370523727261,7.62459338833917));
#4072=CARTESIAN_POINT('',(-24.6334192886147,6.63873819230556,7.60673624548202));
#4073=CARTESIAN_POINT('',(-24.8528210234014,6.4637711473385,7.58887910262488));
#4074=CARTESIAN_POINT('',(-25.1264105117007,6.40132613197245,7.57102195976774));
#4075=CARTESIAN_POINT('',(-25.4,6.33888111660639,7.55316481691059));
#4076=CARTESIAN_POINT('',(-25.6735894882993,6.40132613197245,7.53530767405345));
#4077=CARTESIAN_POINT('',(-25.9471789765986,6.4637711473385,7.51745053119631));
#4078=CARTESIAN_POINT('',(-26.1665807113853,6.63873819230556,7.49959338833917));
#4079=CARTESIAN_POINT('',(-26.3859824461721,6.81370523727261,7.48173624548202));
#4080=CARTESIAN_POINT('',(-26.507741223086,7.06653994275496,7.46387910262488));
#4081=CARTESIAN_POINT('',(-26.6295,7.31937464823731,7.44602195976774));
#4082=CARTESIAN_POINT('',(-26.6295,7.6,7.42816481691059));
#4083=CARTESIAN_POINT('',(-26.6295,7.88062535176269,7.41030767405345));
#4084=CARTESIAN_POINT('',(-26.507741223086,8.13346005724504,7.39245053119631));
#4085=CARTESIAN_POINT('',(-26.3859824461721,8.38629476272739,7.37459338833917));
#4086=CARTESIAN_POINT('',(-26.1665807113853,8.56126180769444,7.35673624548202));
#4087=CARTESIAN_POINT('',(-25.9471789765986,8.7362288526615,7.33887910262488));
#4088=CARTESIAN_POINT('',(-25.6735894882993,8.79867386802755,7.32102195976774));
#4089=CARTESIAN_POINT('',(-25.4,8.86111888339361,7.30316481691059));
#4090=CARTESIAN_POINT('',(-25.1264105117007,8.79867386802755,7.28530767405345));
#4091=CARTESIAN_POINT('',(-24.8528210234014,8.7362288526615,7.26745053119631));
#4092=CARTESIAN_POINT('',(-24.6334192886147,8.56126180769444,7.24959338833917));
#4093=CARTESIAN_POINT('',(-24.414017553828,8.38629476272739,7.23173624548202));
#4094=CARTESIAN_POINT('',(-24.292258776914,8.13346005724504,7.21387910262488));
#4095=CARTESIAN_POINT('',(-24.1705,7.88062535176269,7.19602195976774));
#4096=CARTESIAN_POINT('',(-24.1705,7.6,7.17816481691059));
#4097=CARTESIAN_POINT('',(-24.1705,7.31937464823731,7.16030767405345));
#4098=CARTESIAN_POINT('',(-24.292258776914,7.06653994275496,7.14245053119631));
#4099=CARTESIAN_POINT('',(-24.414017553828,6.81370523727261,7.12459338833917));
#4100=CARTESIAN_POINT('',(-24.6334192886147,6.63873819230556,7.10673624548202));
#4101=CARTESIAN_POINT('',(-24.8528210234014,6.4637711473385,7.08887910262488));
#4102=CARTESIAN_POINT('',(-25.1264105117007,6.40132613197245,7.07102195976774));
#4103=CARTESIAN_POINT('',(-25.4,6.33888111660639,7.05316481691059));
#4104=CARTESIAN_POINT('',(-25.6735894882993,6.40132613197245,7.03530767405345));
#4105=CARTESIAN_POINT('',(-25.9471789765986,6.4637711473385,7.01745053119631));
#4106=CARTESIAN_POINT('',(-26.1665807113853,6.63873819230556,6.99959338833917));
#4107=CARTESIAN_POINT('',(-26.3859824461721,6.81370523727261,6.98173624548202));
#4108=CARTESIAN_POINT('',(-26.507741223086,7.06653994275496,6.96387910262488));
#4109=CARTESIAN_POINT('',(-26.6295,7.31937464823731,6.94602195976774));
#4110=CARTESIAN_POINT('',(-26.6295,7.6,6.92816481691059));
#4111=CARTESIAN_POINT('',(-26.6295,7.88062535176269,6.91030767405345));
#4112=CARTESIAN_POINT('',(-26.507741223086,8.13346005724504,6.89245053119631));
#4113=CARTESIAN_POINT('',(-26.3859824461721,8.38629476272739,6.87459338833917));
#4114=CARTESIAN_POINT('',(-26.1665807113853,8.56126180769444,6.85673624548202));
#4115=CARTESIAN_POINT('',(-25.9471789765986,8.7362288526615,6.83887910262488));
#4116=CARTESIAN_POINT('',(-25.6735894882993,8.79867386802755,6.82102195976774));
#4117=CARTESIAN_POINT('',(-25.4,8.86111888339361,6.80316481691059));
#4118=CARTESIAN_POINT('',(-25.1264105117007,8.79867386802755,6.78530767405345));
#4119=CARTESIAN_POINT('',(-24.8528210234014,8.7362288526615,6.76745053119631));
#4120=CARTESIAN_POINT('',(-24.6334192886147,8.56126180769444,6.74959338833917));
#4121=CARTESIAN_POINT('',(-24.414017553828,8.38629476272739,6.73173624548202));
#4122=CARTESIAN_POINT('',(-24.292258776914,8.13346005724504,6.71387910262488));
#4123=CARTESIAN_POINT('',(-24.1705,7.88062535176269,6.69602195976774));
#4124=CARTESIAN_POINT('',(-24.1705,7.6,6.67816481691059));
#4125=CARTESIAN_POINT('',(-24.1705,7.31937464823731,6.66030767405345));
#4126=CARTESIAN_POINT('',(-24.292258776914,7.06653994275496,6.64245053119631));
#4127=CARTESIAN_POINT('',(-24.414017553828,6.81370523727262,6.62459338833917));
#4128=CARTESIAN_POINT('',(-24.6334192886147,6.63873819230556,6.60673624548202));
#4129=CARTESIAN_POINT('',(-24.8528210234014,6.4637711473385,6.58887910262488));
#4130=CARTESIAN_POINT('',(-25.1264105117007,6.40132613197245,6.57102195976774));
#4131=CARTESIAN_POINT('',(-25.4,6.33888111660639,6.55316481691059));
#4132=CARTESIAN_POINT('',(-25.6735894882993,6.40132613197245,6.53530767405345));
#4133=CARTESIAN_POINT('',(-25.9471789765986,6.4637711473385,6.51745053119631));
#4134=CARTESIAN_POINT('',(-26.1665807113853,6.63873819230556,6.49959338833917));
#4135=CARTESIAN_POINT('',(-26.385982446172,6.81370523727261,6.48173624548202));
#4136=CARTESIAN_POINT('',(-26.507741223086,7.06653994275496,6.46387910262488));
#4137=CARTESIAN_POINT('',(-26.6295,7.31937464823731,6.44602195976774));
#4138=CARTESIAN_POINT('',(-26.6295,7.6,6.42816481691059));
#4139=CARTESIAN_POINT('',(-26.6295,7.88062535176269,6.41030767405345));
#4140=CARTESIAN_POINT('',(-26.507741223086,8.13346005724504,6.39245053119631));
#4141=CARTESIAN_POINT('',(-26.385982446172,8.38629476272739,6.37459338833917));
#4142=CARTESIAN_POINT('',(-26.1665807113853,8.56126180769444,6.35673624548202));
#4143=CARTESIAN_POINT('',(-25.9471789765986,8.7362288526615,6.33887910262488));
#4144=CARTESIAN_POINT('',(-25.6735894882993,8.79867386802755,6.32102195976774));
#4145=CARTESIAN_POINT('',(-25.4,8.86111888339361,6.30316481691059));
#4146=CARTESIAN_POINT('',(-25.1264105117007,8.79867386802755,6.28530767405345));
#4147=CARTESIAN_POINT('',(-24.8528210234014,8.7362288526615,6.26745053119631));
#4148=CARTESIAN_POINT('',(-24.6334192886147,8.56126180769444,6.24959338833917));
#4149=CARTESIAN_POINT('',(-24.414017553828,8.38629476272738,6.23173624548202));
#4150=CARTESIAN_POINT('',(-24.292258776914,8.13346005724504,6.21387910262488));
#4151=CARTESIAN_POINT('',(-24.1705,7.88062535176269,6.19602195976774));
#4152=CARTESIAN_POINT('',(-24.1705,7.6,6.17816481691059));
#4153=CARTESIAN_POINT('',(-24.1705,7.31937464823731,6.16030767405345));
#4154=CARTESIAN_POINT('',(-24.292258776914,7.06653994275496,6.14245053119631));
#4155=CARTESIAN_POINT('',(-24.414017553828,6.81370523727262,6.12459338833917));
#4156=CARTESIAN_POINT('',(-24.6334192886147,6.63873819230556,6.10673624548202));
#4157=CARTESIAN_POINT('',(-24.8528210234014,6.4637711473385,6.08887910262488));
#4158=CARTESIAN_POINT('',(-25.1264105117007,6.40132613197245,6.07102195976774));
#4159=CARTESIAN_POINT('',(-25.4,6.33888111660639,6.05316481691059));
#4160=CARTESIAN_POINT('',(-25.6735894882993,6.40132613197245,6.03530767405345));
#4161=CARTESIAN_POINT('',(-25.9471789765986,6.4637711473385,6.01745053119631));
#4162=CARTESIAN_POINT('',(-26.1665807113853,6.63873819230556,5.99959338833917));
#4163=CARTESIAN_POINT('',(-26.385982446172,6.81370523727261,5.98173624548202));
#4164=CARTESIAN_POINT('',(-26.507741223086,7.06653994275496,5.96387910262488));
#4165=CARTESIAN_POINT('',(-26.6295,7.31937464823731,5.94602195976774));
#4166=CARTESIAN_POINT('',(-26.6295,7.6,5.92816481691059));
#4167=CARTESIAN_POINT('',(-26.6295,7.88062535176269,5.91030767405345));
#4168=CARTESIAN_POINT('',(-26.507741223086,8.13346005724504,5.89245053119631));
#4169=CARTESIAN_POINT('',(-26.3859824461721,8.38629476272739,5.87459338833917));
#4170=CARTESIAN_POINT('',(-26.1665807113853,8.56126180769444,5.85673624548202));
#4171=CARTESIAN_POINT('',(-25.9471789765986,8.7362288526615,5.83887910262488));
#4172=CARTESIAN_POINT('',(-25.6735894882993,8.79867386802755,5.82102195976774));
#4173=CARTESIAN_POINT('',(-25.4,8.86111888339361,5.80316481691059));
#4174=CARTESIAN_POINT('',(-25.1264105117007,8.79867386802755,5.78530767405345));
#4175=CARTESIAN_POINT('',(-24.8528210234014,8.7362288526615,5.76745053119631));
#4176=CARTESIAN_POINT('',(-24.6334192886147,8.56126180769444,5.74959338833917));
#4177=CARTESIAN_POINT('',(-24.414017553828,8.38629476272738,5.73173624548202));
#4178=CARTESIAN_POINT('',(-24.292258776914,8.13346005724504,5.71387910262488));
#4179=CARTESIAN_POINT('',(-24.1705,7.88062535176269,5.69602195976774));
#4180=CARTESIAN_POINT('',(-24.1705,7.6,5.67816481691059));
#4181=CARTESIAN_POINT('',(-24.1705,7.31937464823731,5.66030767405345));
#4182=CARTESIAN_POINT('',(-24.292258776914,7.06653994275496,5.64245053119631));
#4183=CARTESIAN_POINT('',(-24.414017553828,6.81370523727262,5.62459338833917));
#4184=CARTESIAN_POINT('',(-24.6334192886147,6.63873819230556,5.60673624548202));
#4185=CARTESIAN_POINT('',(-24.8528210234014,6.4637711473385,5.58887910262488));
#4186=CARTESIAN_POINT('',(-25.1264105117007,6.40132613197245,5.57102195976774));
#4187=CARTESIAN_POINT('',(-25.4,6.33888111660639,5.55316481691059));
#4188=CARTESIAN_POINT('',(-25.6735894882993,6.40132613197245,5.53530767405345));
#4189=CARTESIAN_POINT('',(-25.9471789765986,6.4637711473385,5.51745053119631));
#4190=CARTESIAN_POINT('',(-26.1665807113853,6.63873819230556,5.49959338833917));
#4191=CARTESIAN_POINT('',(-26.385982446172,6.81370523727261,5.48173624548202));
#4192=CARTESIAN_POINT('',(-26.507741223086,7.06653994275496,5.46387910262488));
#4193=CARTESIAN_POINT('',(-26.6295,7.31937464823731,5.44602195976774));
#4194=CARTESIAN_POINT('',(-26.6295,7.6,5.42816481691059));
#4195=CARTESIAN_POINT('',(-26.6295,7.88062535176269,5.41030767405345));
#4196=CARTESIAN_POINT('',(-26.507741223086,8.13346005724504,5.39245053119631));
#4197=CARTESIAN_POINT('',(-26.3859824461721,8.38629476272739,5.37459338833917));
#4198=CARTESIAN_POINT('',(-26.1665807113853,8.56126180769444,5.35673624548202));
#4199=CARTESIAN_POINT('',(-25.9471789765986,8.7362288526615,5.33887910262488));
#4200=CARTESIAN_POINT('',(-25.6735894882993,8.79867386802755,5.32102195976774));
#4201=CARTESIAN_POINT('',(-25.4,8.86111888339361,5.30316481691059));
#4202=CARTESIAN_POINT('',(-25.1264105117007,8.79867386802755,5.28530767405345));
#4203=CARTESIAN_POINT('',(-24.8528210234014,8.7362288526615,5.26745053119631));
#4204=CARTESIAN_POINT('',(-24.6334192886147,8.56126180769444,5.24959338833917));
#4205=CARTESIAN_POINT('',(-24.414017553828,8.38629476272739,5.23173624548202));
#4206=CARTESIAN_POINT('',(-24.292258776914,8.13346005724504,5.21387910262488));
#4207=CARTESIAN_POINT('',(-24.1705,7.88062535176269,5.19602195976774));
#4208=CARTESIAN_POINT('',(-24.1705,7.60000000000001,5.17816481691059));
#4209=CARTESIAN_POINT('',(-24.1705,7.31937464823731,5.16030767405345));
#4210=CARTESIAN_POINT('',(-24.292258776914,7.06653994275496,5.14245053119631));
#4211=CARTESIAN_POINT('',(-24.4140175538279,6.81370523727262,5.12459338833917));
#4212=CARTESIAN_POINT('',(-24.6334192886147,6.63873819230555,5.10673624548202));
#4213=CARTESIAN_POINT('',(-24.8528210234014,6.4637711473385,5.08887910262488));
#4214=CARTESIAN_POINT('',(-25.1264105117007,6.40132613197245,5.07102195976774));
#4215=CARTESIAN_POINT('',(-25.4,6.33888111660639,5.05316481691059));
#4216=CARTESIAN_POINT('',(-25.6735894882993,6.40132613197244,5.03530767405345));
#4217=CARTESIAN_POINT('',(-25.9471789765986,6.4637711473385,5.01745053119631));
#4218=CARTESIAN_POINT('',(-26.1665807113853,6.63873819230556,4.99959338833917));
#4219=CARTESIAN_POINT('',(-26.385982446172,6.81370523727261,4.98173624548202));
#4220=CARTESIAN_POINT('',(-26.507741223086,7.06653994275496,4.96387910262488));
#4221=CARTESIAN_POINT('',(-26.6295,7.31937464823731,4.94602195976774));
#4222=CARTESIAN_POINT('',(-26.6295,7.6,4.92816481691059));
#4223=CARTESIAN_POINT('',(-26.6295,7.88062535176269,4.91030767405345));
#4224=CARTESIAN_POINT('',(-26.507741223086,8.13346005724503,4.89245053119631));
#4225=CARTESIAN_POINT('',(-26.3859824461721,8.38629476272739,4.87459338833917));
#4226=CARTESIAN_POINT('',(-26.1665807113853,8.56126180769444,4.85673624548202));
#4227=CARTESIAN_POINT('',(-25.9471789765986,8.7362288526615,4.83887910262488));
#4228=CARTESIAN_POINT('',(-25.6735894882993,8.79867386802755,4.82102195976774));
#4229=CARTESIAN_POINT('',(-25.4,8.86111888339361,4.80316481691059));
#4230=CARTESIAN_POINT('',(-25.1264105117007,8.79867386802755,4.78530767405345));
#4231=CARTESIAN_POINT('',(-24.8528210234014,8.7362288526615,4.76745053119631));
#4232=CARTESIAN_POINT('',(-24.6334192886147,8.56126180769445,4.74959338833917));
#4233=CARTESIAN_POINT('',(-24.414017553828,8.38629476272739,4.73173624548202));
#4234=CARTESIAN_POINT('',(-24.292258776914,8.13346005724504,4.71387910262488));
#4235=CARTESIAN_POINT('',(-24.1705,7.88062535176269,4.69602195976774));
#4236=CARTESIAN_POINT('',(-24.1705,7.6,4.67816481691059));
#4237=CARTESIAN_POINT('',(-24.1705,7.31937464823731,4.66030767405345));
#4238=CARTESIAN_POINT('',(-24.292258776914,7.06653994275496,4.64245053119631));
#4239=CARTESIAN_POINT('',(-24.4140175538279,6.81370523727262,4.62459338833917));
#4240=CARTESIAN_POINT('',(-24.6334192886147,6.63873819230556,4.60673624548202));
#4241=CARTESIAN_POINT('',(-24.8528210234014,6.4637711473385,4.58887910262488));
#4242=CARTESIAN_POINT('',(-25.1264105117007,6.40132613197245,4.57102195976774));
#4243=CARTESIAN_POINT('',(-25.4,6.33888111660639,4.55316481691059));
#4244=CARTESIAN_POINT('',(-25.6735894882993,6.40132613197245,4.53530767405345));
#4245=CARTESIAN_POINT('',(-25.9471789765986,6.4637711473385,4.51745053119631));
#4246=CARTESIAN_POINT('',(-26.1665807113853,6.63873819230556,4.49959338833917));
#4247=CARTESIAN_POINT('',(-26.385982446172,6.81370523727261,4.48173624548202));
#4248=CARTESIAN_POINT('',(-26.507741223086,7.06653994275496,4.46387910262488));
#4249=CARTESIAN_POINT('',(-26.6295,7.31937464823731,4.44602195976774));
#4250=CARTESIAN_POINT('',(-26.6295,7.6,4.42816481691059));
#4251=CARTESIAN_POINT('',(-26.6295,7.88062535176269,4.41030767405345));
#4252=CARTESIAN_POINT('',(-26.507741223086,8.13346005724504,4.39245053119631));
#4253=CARTESIAN_POINT('',(-26.3859824461721,8.38629476272739,4.37459338833917));
#4254=CARTESIAN_POINT('',(-26.1665807113853,8.56126180769444,4.35673624548202));
#4255=CARTESIAN_POINT('',(-25.9471789765986,8.7362288526615,4.33887910262488));
#4256=CARTESIAN_POINT('',(-25.6735894882993,8.79867386802755,4.32102195976774));
#4257=CARTESIAN_POINT('',(-25.4,8.86111888339361,4.30316481691059));
#4258=CARTESIAN_POINT('',(-25.1264105117007,8.79867386802755,4.28530767405345));
#4259=CARTESIAN_POINT('',(-24.8528210234014,8.7362288526615,4.26745053119631));
#4260=CARTESIAN_POINT('',(-24.6334192886147,8.56126180769444,4.24959338833917));
#4261=CARTESIAN_POINT('',(-24.414017553828,8.38629476272739,4.23173624548202));
#4262=CARTESIAN_POINT('',(-24.292258776914,8.13346005724504,4.21387910262488));
#4263=CARTESIAN_POINT('',(-24.1705,7.88062535176269,4.19602195976774));
#4264=CARTESIAN_POINT('',(-24.1705,7.60000000000001,4.17816481691059));
#4265=CARTESIAN_POINT('',(-24.1705,7.31937464823731,4.16030767405345));
#4266=CARTESIAN_POINT('',(-24.292258776914,7.06653994275496,4.14245053119631));
#4267=CARTESIAN_POINT('',(-24.4140175538279,6.81370523727262,4.12459338833917));
#4268=CARTESIAN_POINT('',(-24.6334192886147,6.63873819230556,4.10673624548202));
#4269=CARTESIAN_POINT('',(-24.8528210234014,6.4637711473385,4.08887910262488));
#4270=CARTESIAN_POINT('',(-25.1264105117007,6.40132613197245,4.07102195976774));
#4271=CARTESIAN_POINT('',(-25.4,6.33888111660639,4.05316481691059));
#4272=CARTESIAN_POINT('',(-25.6735894882993,6.40132613197244,4.03530767405345));
#4273=CARTESIAN_POINT('',(-25.9471789765986,6.4637711473385,4.01745053119631));
#4274=CARTESIAN_POINT('',(-26.1665807113853,6.63873819230556,3.99959338833917));
#4275=CARTESIAN_POINT('',(-26.385982446172,6.81370523727261,3.98173624548202));
#4276=CARTESIAN_POINT('',(-26.507741223086,7.06653994275496,3.96387910262488));
#4277=CARTESIAN_POINT('',(-26.6295,7.31937464823731,3.94602195976774));
#4278=CARTESIAN_POINT('',(-26.6295,7.6,3.92816481691059));
#4279=CARTESIAN_POINT('',(-26.6295,7.88062535176269,3.91030767405345));
#4280=CARTESIAN_POINT('',(-26.507741223086,8.13346005724503,3.89245053119631));
#4281=CARTESIAN_POINT('',(-26.3859824461721,8.38629476272739,3.87459338833917));
#4282=CARTESIAN_POINT('',(-26.1665807113853,8.56126180769444,3.85673624548202));
#4283=CARTESIAN_POINT('',(-25.9471789765986,8.7362288526615,3.83887910262488));
#4284=CARTESIAN_POINT('',(-25.6735894882993,8.79867386802755,3.82102195976774));
#4285=CARTESIAN_POINT('',(-25.4,8.86111888339361,3.80316481691059));
#4286=CARTESIAN_POINT('',(-25.1264105117007,8.79867386802755,3.78530767405345));
#4287=CARTESIAN_POINT('',(-24.8528210234014,8.7362288526615,3.76745053119631));
#4288=CARTESIAN_POINT('',(-24.6334192886147,8.56126180769445,3.74959338833917));
#4289=CARTESIAN_POINT('',(-24.414017553828,8.38629476272739,3.73173624548202));
#4290=CARTESIAN_POINT('',(-24.292258776914,8.13346005724504,3.71387910262488));
#4291=CARTESIAN_POINT('',(-24.1705,7.88062535176269,3.69602195976774));
#4292=CARTESIAN_POINT('',(-24.1705,7.6,3.67816481691059));
#4293=CARTESIAN_POINT('',(-24.1705,7.31937464823731,3.66030767405345));
#4294=CARTESIAN_POINT('',(-24.292258776914,7.06653994275496,3.64245053119631));
#4295=CARTESIAN_POINT('',(-24.4140175538279,6.81370523727262,3.62459338833917));
#4296=CARTESIAN_POINT('',(-24.6334192886147,6.63873819230556,3.60673624548202));
#4297=CARTESIAN_POINT('',(-24.8528210234014,6.4637711473385,3.58887910262488));
#4298=CARTESIAN_POINT('',(-25.1264105117007,6.40132613197245,3.57102195976774));
#4299=CARTESIAN_POINT('',(-25.4,6.33888111660639,3.55316481691059));
#4300=CARTESIAN_POINT('',(-25.6735894882993,6.40132613197245,3.53530767405345));
#4301=CARTESIAN_POINT('',(-25.9471789765986,6.4637711473385,3.51745053119631));
#4302=CARTESIAN_POINT('',(-26.1665807113853,6.63873819230555,3.49959338833917));
#4303=CARTESIAN_POINT('',(-26.385982446172,6.81370523727261,3.48173624548202));
#4304=CARTESIAN_POINT('',(-26.507741223086,7.06653994275495,3.46387910262488));
#4305=CARTESIAN_POINT('',(-26.6295,7.31937464823731,3.44602195976774));
#4306=CARTESIAN_POINT('',(-26.6295,7.6,3.42816481691059));
#4307=CARTESIAN_POINT('',(-26.6295,7.88062535176269,3.41030767405345));
#4308=CARTESIAN_POINT('',(-26.507741223086,8.13346005724504,3.39245053119631));
#4309=CARTESIAN_POINT('',(-26.3859824461721,8.38629476272739,3.37459338833917));
#4310=CARTESIAN_POINT('',(-26.1665807113853,8.56126180769444,3.35673624548202));
#4311=CARTESIAN_POINT('',(-25.9471789765986,8.7362288526615,3.33887910262488));
#4312=CARTESIAN_POINT('',(-25.6735894882993,8.79867386802755,3.32102195976774));
#4313=CARTESIAN_POINT('',(-25.4,8.86111888339361,3.30316481691059));
#4314=CARTESIAN_POINT('',(-25.1264105117007,8.79867386802755,3.28530767405345));
#4315=CARTESIAN_POINT('',(-24.8528210234014,8.7362288526615,3.26745053119631));
#4316=CARTESIAN_POINT('',(-24.6334192886147,8.56126180769444,3.24959338833917));
#4317=CARTESIAN_POINT('',(-24.414017553828,8.38629476272739,3.23173624548202));
#4318=CARTESIAN_POINT('',(-24.292258776914,8.13346005724504,3.21387910262488));
#4319=CARTESIAN_POINT('',(-24.1705,7.88062535176269,3.19602195976774));
#4320=CARTESIAN_POINT('',(-24.1705,7.60000000000001,3.17816481691059));
#4321=CARTESIAN_POINT('',(-24.1705,7.31937464823731,3.16030767405345));
#4322=CARTESIAN_POINT('',(-24.292258776914,7.06653994275496,3.14245053119631));
#4323=CARTESIAN_POINT('',(-24.4140175538279,6.81370523727262,3.12459338833917));
#4324=CARTESIAN_POINT('',(-24.6334192886147,6.63873819230556,3.10673624548202));
#4325=CARTESIAN_POINT('',(-24.8528210234014,6.4637711473385,3.08887910262488));
#4326=CARTESIAN_POINT('',(-25.1264105117007,6.40132613197245,3.07102195976774));
#4327=CARTESIAN_POINT('',(-25.4,6.33888111660639,3.05316481691059));
#4328=CARTESIAN_POINT('',(-25.6735894882993,6.40132613197244,3.03530767405345));
#4329=CARTESIAN_POINT('',(-25.9471789765986,6.4637711473385,3.01745053119631));
#4330=CARTESIAN_POINT('',(-26.1665807113853,6.63873819230555,2.99959338833917));
#4331=CARTESIAN_POINT('',(-26.385982446172,6.81370523727261,2.98173624548202));
#4332=CARTESIAN_POINT('',(-26.507741223086,7.06653994275496,2.96387910262488));
#4333=CARTESIAN_POINT('',(-26.6295,7.31937464823731,2.94602195976774));
#4334=CARTESIAN_POINT('',(-26.6295,7.6,2.92816481691059));
#4335=CARTESIAN_POINT('',(-25.4,6.3705,4.55316481691059));
#4336=CARTESIAN_POINT('',(-25.4,7.6,4.55316481691059));
#4337=CARTESIAN_POINT('',(-26.6295,7.6,4.55316481691059));
#4338=CARTESIAN_POINT('',(-26.6295,7.6,7.55316481691059));
#4339=CARTESIAN_POINT('',(-26.6295,7.88062535176269,7.53530767405345));
#4340=CARTESIAN_POINT('',(-26.507741223086,8.13346005724504,7.51745053119631));
#4341=CARTESIAN_POINT('',(-26.3859824461721,8.38629476272739,7.49959338833917));
#4342=CARTESIAN_POINT('',(-26.1665807113853,8.56126180769444,7.48173624548202));
#4343=CARTESIAN_POINT('',(-25.9471789765986,8.7362288526615,7.46387910262488));
#4344=CARTESIAN_POINT('',(-25.6735894882993,8.79867386802755,7.44602195976774));
#4345=CARTESIAN_POINT('',(-25.4,8.86111888339361,7.42816481691059));
#4346=CARTESIAN_POINT('',(-25.1264105117007,8.79867386802755,7.41030767405345));
#4347=CARTESIAN_POINT('',(-24.8528210234014,8.7362288526615,7.39245053119631));
#4348=CARTESIAN_POINT('',(-24.6334192886147,8.56126180769444,7.37459338833917));
#4349=CARTESIAN_POINT('',(-24.414017553828,8.38629476272739,7.35673624548202));
#4350=CARTESIAN_POINT('',(-24.292258776914,8.13346005724504,7.33887910262488));
#4351=CARTESIAN_POINT('',(-24.1705,7.88062535176269,7.32102195976774));
#4352=CARTESIAN_POINT('',(-24.1705,7.6,7.30316481691059));
#4353=CARTESIAN_POINT('',(-24.1705,7.31937464823731,7.28530767405345));
#4354=CARTESIAN_POINT('',(-24.292258776914,7.06653994275496,7.26745053119631));
#4355=CARTESIAN_POINT('',(-24.414017553828,6.81370523727261,7.24959338833917));
#4356=CARTESIAN_POINT('',(-24.6334192886147,6.63873819230556,7.23173624548202));
#4357=CARTESIAN_POINT('',(-24.8528210234014,6.4637711473385,7.21387910262488));
#4358=CARTESIAN_POINT('',(-25.1264105117007,6.40132613197245,7.19602195976774));
#4359=CARTESIAN_POINT('',(-25.4,6.33888111660639,7.17816481691059));
#4360=CARTESIAN_POINT('',(-25.6735894882993,6.40132613197245,7.16030767405345));
#4361=CARTESIAN_POINT('',(-25.9471789765986,6.4637711473385,7.14245053119631));
#4362=CARTESIAN_POINT('',(-26.1665807113853,6.63873819230556,7.12459338833917));
#4363=CARTESIAN_POINT('',(-26.3859824461721,6.81370523727261,7.10673624548202));
#4364=CARTESIAN_POINT('',(-26.507741223086,7.06653994275496,7.08887910262488));
#4365=CARTESIAN_POINT('',(-26.6295,7.31937464823731,7.07102195976774));
#4366=CARTESIAN_POINT('',(-26.6295,7.6,7.05316481691059));
#4367=CARTESIAN_POINT('',(-26.6295,7.88062535176269,7.03530767405345));
#4368=CARTESIAN_POINT('',(-26.507741223086,8.13346005724504,7.01745053119631));
#4369=CARTESIAN_POINT('',(-26.3859824461721,8.38629476272739,6.99959338833917));
#4370=CARTESIAN_POINT('',(-26.1665807113853,8.56126180769444,6.98173624548202));
#4371=CARTESIAN_POINT('',(-25.9471789765986,8.7362288526615,6.96387910262488));
#4372=CARTESIAN_POINT('',(-25.6735894882993,8.79867386802755,6.94602195976774));
#4373=CARTESIAN_POINT('',(-25.4,8.86111888339361,6.92816481691059));
#4374=CARTESIAN_POINT('',(-25.1264105117007,8.79867386802755,6.91030767405345));
#4375=CARTESIAN_POINT('',(-24.8528210234014,8.7362288526615,6.89245053119631));
#4376=CARTESIAN_POINT('',(-24.6334192886147,8.56126180769444,6.87459338833917));
#4377=CARTESIAN_POINT('',(-24.414017553828,8.38629476272739,6.85673624548202));
#4378=CARTESIAN_POINT('',(-24.292258776914,8.13346005724504,6.83887910262488));
#4379=CARTESIAN_POINT('',(-24.1705,7.88062535176269,6.82102195976774));
#4380=CARTESIAN_POINT('',(-24.1705,7.6,6.80316481691059));
#4381=CARTESIAN_POINT('',(-24.1705,7.31937464823731,6.78530767405345));
#4382=CARTESIAN_POINT('',(-24.292258776914,7.06653994275496,6.76745053119631));
#4383=CARTESIAN_POINT('',(-24.414017553828,6.81370523727261,6.74959338833917));
#4384=CARTESIAN_POINT('',(-24.6334192886147,6.63873819230556,6.73173624548202));
#4385=CARTESIAN_POINT('',(-24.8528210234014,6.4637711473385,6.71387910262488));
#4386=CARTESIAN_POINT('',(-25.1264105117007,6.40132613197245,6.69602195976774));
#4387=CARTESIAN_POINT('',(-25.4,6.33888111660639,6.67816481691059));
#4388=CARTESIAN_POINT('',(-25.6735894882993,6.40132613197245,6.66030767405345));
#4389=CARTESIAN_POINT('',(-25.9471789765986,6.4637711473385,6.64245053119631));
#4390=CARTESIAN_POINT('',(-26.1665807113853,6.63873819230556,6.62459338833917));
#4391=CARTESIAN_POINT('',(-26.3859824461721,6.81370523727261,6.60673624548202));
#4392=CARTESIAN_POINT('',(-26.507741223086,7.06653994275496,6.58887910262488));
#4393=CARTESIAN_POINT('',(-26.6295,7.31937464823731,6.57102195976774));
#4394=CARTESIAN_POINT('',(-26.6295,7.6,6.55316481691059));
#4395=CARTESIAN_POINT('',(-26.6295,7.88062535176269,6.53530767405345));
#4396=CARTESIAN_POINT('',(-26.507741223086,8.13346005724504,6.51745053119631));
#4397=CARTESIAN_POINT('',(-26.3859824461721,8.38629476272739,6.49959338833917));
#4398=CARTESIAN_POINT('',(-26.1665807113853,8.56126180769444,6.48173624548202));
#4399=CARTESIAN_POINT('',(-25.9471789765986,8.7362288526615,6.46387910262488));
#4400=CARTESIAN_POINT('',(-25.6735894882993,8.79867386802755,6.44602195976774));
#4401=CARTESIAN_POINT('',(-25.4,8.86111888339361,6.42816481691059));
#4402=CARTESIAN_POINT('',(-25.1264105117007,8.79867386802755,6.41030767405345));
#4403=CARTESIAN_POINT('',(-24.8528210234014,8.7362288526615,6.39245053119631));
#4404=CARTESIAN_POINT('',(-24.6334192886147,8.56126180769444,6.37459338833917));
#4405=CARTESIAN_POINT('',(-24.414017553828,8.38629476272739,6.35673624548202));
#4406=CARTESIAN_POINT('',(-24.292258776914,8.13346005724504,6.33887910262488));
#4407=CARTESIAN_POINT('',(-24.1705,7.88062535176269,6.32102195976774));
#4408=CARTESIAN_POINT('',(-24.1705,7.6,6.30316481691059));
#4409=CARTESIAN_POINT('',(-24.1705,7.31937464823731,6.28530767405345));
#4410=CARTESIAN_POINT('',(-24.292258776914,7.06653994275496,6.26745053119631));
#4411=CARTESIAN_POINT('',(-24.414017553828,6.81370523727262,6.24959338833917));
#4412=CARTESIAN_POINT('',(-24.6334192886147,6.63873819230556,6.23173624548202));
#4413=CARTESIAN_POINT('',(-24.8528210234014,6.4637711473385,6.21387910262488));
#4414=CARTESIAN_POINT('',(-25.1264105117007,6.40132613197245,6.19602195976774));
#4415=CARTESIAN_POINT('',(-25.4,6.33888111660639,6.17816481691059));
#4416=CARTESIAN_POINT('',(-25.6735894882993,6.40132613197245,6.16030767405345));
#4417=CARTESIAN_POINT('',(-25.9471789765986,6.4637711473385,6.14245053119631));
#4418=CARTESIAN_POINT('',(-26.1665807113853,6.63873819230556,6.12459338833917));
#4419=CARTESIAN_POINT('',(-26.385982446172,6.81370523727261,6.10673624548202));
#4420=CARTESIAN_POINT('',(-26.507741223086,7.06653994275496,6.08887910262488));
#4421=CARTESIAN_POINT('',(-26.6295,7.31937464823731,6.07102195976774));
#4422=CARTESIAN_POINT('',(-26.6295,7.6,6.05316481691059));
#4423=CARTESIAN_POINT('',(-26.6295,7.88062535176269,6.03530767405345));
#4424=CARTESIAN_POINT('',(-26.507741223086,8.13346005724504,6.01745053119631));
#4425=CARTESIAN_POINT('',(-26.385982446172,8.38629476272739,5.99959338833917));
#4426=CARTESIAN_POINT('',(-26.1665807113853,8.56126180769444,5.98173624548202));
#4427=CARTESIAN_POINT('',(-25.9471789765986,8.7362288526615,5.96387910262488));
#4428=CARTESIAN_POINT('',(-25.6735894882993,8.79867386802755,5.94602195976774));
#4429=CARTESIAN_POINT('',(-25.4,8.86111888339361,5.92816481691059));
#4430=CARTESIAN_POINT('',(-25.1264105117007,8.79867386802755,5.91030767405345));
#4431=CARTESIAN_POINT('',(-24.8528210234014,8.7362288526615,5.89245053119631));
#4432=CARTESIAN_POINT('',(-24.6334192886147,8.56126180769444,5.87459338833917));
#4433=CARTESIAN_POINT('',(-24.414017553828,8.38629476272738,5.85673624548202));
#4434=CARTESIAN_POINT('',(-24.292258776914,8.13346005724504,5.83887910262488));
#4435=CARTESIAN_POINT('',(-24.1705,7.88062535176269,5.82102195976774));
#4436=CARTESIAN_POINT('',(-24.1705,7.6,5.80316481691059));
#4437=CARTESIAN_POINT('',(-24.1705,7.31937464823731,5.78530767405345));
#4438=CARTESIAN_POINT('',(-24.292258776914,7.06653994275496,5.76745053119631));
#4439=CARTESIAN_POINT('',(-24.414017553828,6.81370523727262,5.74959338833917));
#4440=CARTESIAN_POINT('',(-24.6334192886147,6.63873819230556,5.73173624548202));
#4441=CARTESIAN_POINT('',(-24.8528210234014,6.4637711473385,5.71387910262488));
#4442=CARTESIAN_POINT('',(-25.1264105117007,6.40132613197245,5.69602195976774));
#4443=CARTESIAN_POINT('',(-25.4,6.33888111660639,5.67816481691059));
#4444=CARTESIAN_POINT('',(-25.6735894882993,6.40132613197245,5.66030767405345));
#4445=CARTESIAN_POINT('',(-25.9471789765986,6.4637711473385,5.64245053119631));
#4446=CARTESIAN_POINT('',(-26.1665807113853,6.63873819230556,5.62459338833917));
#4447=CARTESIAN_POINT('',(-26.385982446172,6.81370523727261,5.60673624548202));
#4448=CARTESIAN_POINT('',(-26.507741223086,7.06653994275496,5.58887910262488));
#4449=CARTESIAN_POINT('',(-26.6295,7.31937464823731,5.57102195976774));
#4450=CARTESIAN_POINT('',(-26.6295,7.6,5.55316481691059));
#4451=CARTESIAN_POINT('',(-26.6295,7.88062535176269,5.53530767405345));
#4452=CARTESIAN_POINT('',(-26.507741223086,8.13346005724504,5.51745053119631));
#4453=CARTESIAN_POINT('',(-26.3859824461721,8.38629476272739,5.49959338833917));
#4454=CARTESIAN_POINT('',(-26.1665807113853,8.56126180769444,5.48173624548202));
#4455=CARTESIAN_POINT('',(-25.9471789765986,8.7362288526615,5.46387910262488));
#4456=CARTESIAN_POINT('',(-25.6735894882993,8.79867386802755,5.44602195976774));
#4457=CARTESIAN_POINT('',(-25.4,8.86111888339361,5.42816481691059));
#4458=CARTESIAN_POINT('',(-25.1264105117007,8.79867386802755,5.41030767405345));
#4459=CARTESIAN_POINT('',(-24.8528210234014,8.7362288526615,5.39245053119631));
#4460=CARTESIAN_POINT('',(-24.6334192886147,8.56126180769444,5.37459338833917));
#4461=CARTESIAN_POINT('',(-24.414017553828,8.38629476272738,5.35673624548202));
#4462=CARTESIAN_POINT('',(-24.292258776914,8.13346005724504,5.33887910262488));
#4463=CARTESIAN_POINT('',(-24.1705,7.88062535176269,5.32102195976774));
#4464=CARTESIAN_POINT('',(-24.1705,7.6,5.30316481691059));
#4465=CARTESIAN_POINT('',(-24.1705,7.31937464823731,5.28530767405345));
#4466=CARTESIAN_POINT('',(-24.292258776914,7.06653994275496,5.26745053119631));
#4467=CARTESIAN_POINT('',(-24.414017553828,6.81370523727262,5.24959338833917));
#4468=CARTESIAN_POINT('',(-24.6334192886147,6.63873819230556,5.23173624548202));
#4469=CARTESIAN_POINT('',(-24.8528210234014,6.4637711473385,5.21387910262488));
#4470=CARTESIAN_POINT('',(-25.1264105117007,6.40132613197245,5.19602195976774));
#4471=CARTESIAN_POINT('',(-25.4,6.33888111660639,5.17816481691059));
#4472=CARTESIAN_POINT('',(-25.6735894882993,6.40132613197245,5.16030767405345));
#4473=CARTESIAN_POINT('',(-25.9471789765986,6.4637711473385,5.14245053119631));
#4474=CARTESIAN_POINT('',(-26.1665807113853,6.63873819230556,5.12459338833917));
#4475=CARTESIAN_POINT('',(-26.385982446172,6.81370523727261,5.10673624548202));
#4476=CARTESIAN_POINT('',(-26.507741223086,7.06653994275496,5.08887910262488));
#4477=CARTESIAN_POINT('',(-26.6295,7.31937464823731,5.07102195976774));
#4478=CARTESIAN_POINT('',(-26.6295,7.6,5.05316481691059));
#4479=CARTESIAN_POINT('',(-26.6295,7.88062535176269,5.03530767405345));
#4480=CARTESIAN_POINT('',(-26.507741223086,8.13346005724504,5.01745053119631));
#4481=CARTESIAN_POINT('',(-26.3859824461721,8.38629476272739,4.99959338833916));
#4482=CARTESIAN_POINT('',(-26.1665807113853,8.56126180769444,4.98173624548202));
#4483=CARTESIAN_POINT('',(-25.9471789765986,8.7362288526615,4.96387910262488));
#4484=CARTESIAN_POINT('',(-25.6735894882993,8.79867386802755,4.94602195976774));
#4485=CARTESIAN_POINT('',(-25.4,8.86111888339361,4.92816481691059));
#4486=CARTESIAN_POINT('',(-25.1264105117007,8.79867386802755,4.91030767405345));
#4487=CARTESIAN_POINT('',(-24.8528210234014,8.7362288526615,4.89245053119631));
#4488=CARTESIAN_POINT('',(-24.6334192886147,8.56126180769444,4.87459338833917));
#4489=CARTESIAN_POINT('',(-24.414017553828,8.38629476272739,4.85673624548202));
#4490=CARTESIAN_POINT('',(-24.292258776914,8.13346005724504,4.83887910262488));
#4491=CARTESIAN_POINT('',(-24.1705,7.88062535176269,4.82102195976774));
#4492=CARTESIAN_POINT('',(-24.1705,7.60000000000001,4.80316481691059));
#4493=CARTESIAN_POINT('',(-24.1705,7.31937464823731,4.78530767405345));
#4494=CARTESIAN_POINT('',(-24.292258776914,7.06653994275496,4.76745053119631));
#4495=CARTESIAN_POINT('',(-24.4140175538279,6.81370523727262,4.74959338833917));
#4496=CARTESIAN_POINT('',(-24.6334192886147,6.63873819230555,4.73173624548202));
#4497=CARTESIAN_POINT('',(-24.8528210234014,6.4637711473385,4.71387910262488));
#4498=CARTESIAN_POINT('',(-25.1264105117007,6.40132613197245,4.69602195976774));
#4499=CARTESIAN_POINT('',(-25.4,6.33888111660639,4.67816481691059));
#4500=CARTESIAN_POINT('',(-25.6735894882993,6.40132613197244,4.66030767405345));
#4501=CARTESIAN_POINT('',(-25.9471789765986,6.4637711473385,4.64245053119631));
#4502=CARTESIAN_POINT('',(-26.1665807113853,6.63873819230556,4.62459338833917));
#4503=CARTESIAN_POINT('',(-26.385982446172,6.81370523727261,4.60673624548202));
#4504=CARTESIAN_POINT('',(-26.507741223086,7.06653994275496,4.58887910262488));
#4505=CARTESIAN_POINT('',(-26.6295,7.31937464823731,4.57102195976774));
#4506=CARTESIAN_POINT('',(-26.6295,7.6,4.55316481691059));
#4507=CARTESIAN_POINT('',(-26.6295,7.88062535176269,4.53530767405345));
#4508=CARTESIAN_POINT('',(-26.507741223086,8.13346005724503,4.51745053119631));
#4509=CARTESIAN_POINT('',(-26.3859824461721,8.38629476272739,4.49959338833917));
#4510=CARTESIAN_POINT('',(-26.1665807113853,8.56126180769444,4.48173624548202));
#4511=CARTESIAN_POINT('',(-25.9471789765986,8.7362288526615,4.46387910262488));
#4512=CARTESIAN_POINT('',(-25.6735894882993,8.79867386802755,4.44602195976774));
#4513=CARTESIAN_POINT('',(-25.4,8.86111888339361,4.42816481691059));
#4514=CARTESIAN_POINT('',(-25.1264105117007,8.79867386802755,4.41030767405345));
#4515=CARTESIAN_POINT('',(-24.8528210234014,8.7362288526615,4.39245053119631));
#4516=CARTESIAN_POINT('',(-24.6334192886147,8.56126180769445,4.37459338833917));
#4517=CARTESIAN_POINT('',(-24.414017553828,8.38629476272739,4.35673624548202));
#4518=CARTESIAN_POINT('',(-24.292258776914,8.13346005724504,4.33887910262488));
#4519=CARTESIAN_POINT('',(-24.1705,7.88062535176269,4.32102195976774));
#4520=CARTESIAN_POINT('',(-24.1705,7.6,4.30316481691059));
#4521=CARTESIAN_POINT('',(-24.1705,7.31937464823731,4.28530767405345));
#4522=CARTESIAN_POINT('',(-24.292258776914,7.06653994275496,4.26745053119631));
#4523=CARTESIAN_POINT('',(-24.4140175538279,6.81370523727262,4.24959338833917));
#4524=CARTESIAN_POINT('',(-24.6334192886147,6.63873819230556,4.23173624548202));
#4525=CARTESIAN_POINT('',(-24.8528210234014,6.4637711473385,4.21387910262488));
#4526=CARTESIAN_POINT('',(-25.1264105117007,6.40132613197245,4.19602195976774));
#4527=CARTESIAN_POINT('',(-25.4,6.33888111660639,4.17816481691059));
#4528=CARTESIAN_POINT('',(-25.6735894882993,6.40132613197245,4.16030767405345));
#4529=CARTESIAN_POINT('',(-25.9471789765986,6.4637711473385,4.14245053119631));
#4530=CARTESIAN_POINT('',(-26.1665807113853,6.63873819230556,4.12459338833917));
#4531=CARTESIAN_POINT('',(-26.385982446172,6.81370523727261,4.10673624548202));
#4532=CARTESIAN_POINT('',(-26.507741223086,7.06653994275496,4.08887910262488));
#4533=CARTESIAN_POINT('',(-26.6295,7.31937464823731,4.07102195976774));
#4534=CARTESIAN_POINT('',(-26.6295,7.6,4.05316481691059));
#4535=CARTESIAN_POINT('',(-26.6295,7.88062535176269,4.03530767405345));
#4536=CARTESIAN_POINT('',(-26.507741223086,8.13346005724504,4.01745053119631));
#4537=CARTESIAN_POINT('',(-26.3859824461721,8.38629476272739,3.99959338833917));
#4538=CARTESIAN_POINT('',(-26.1665807113853,8.56126180769444,3.98173624548202));
#4539=CARTESIAN_POINT('',(-25.9471789765986,8.7362288526615,3.96387910262488));
#4540=CARTESIAN_POINT('',(-25.6735894882993,8.79867386802755,3.94602195976774));
#4541=CARTESIAN_POINT('',(-25.4,8.86111888339361,3.92816481691059));
#4542=CARTESIAN_POINT('',(-25.1264105117007,8.79867386802755,3.91030767405345));
#4543=CARTESIAN_POINT('',(-24.8528210234014,8.7362288526615,3.89245053119631));
#4544=CARTESIAN_POINT('',(-24.6334192886147,8.56126180769444,3.87459338833917));
#4545=CARTESIAN_POINT('',(-24.414017553828,8.38629476272739,3.85673624548202));
#4546=CARTESIAN_POINT('',(-24.292258776914,8.13346005724504,3.83887910262488));
#4547=CARTESIAN_POINT('',(-24.1705,7.88062535176269,3.82102195976774));
#4548=CARTESIAN_POINT('',(-24.1705,7.60000000000001,3.80316481691059));
#4549=CARTESIAN_POINT('',(-24.1705,7.31937464823731,3.78530767405345));
#4550=CARTESIAN_POINT('',(-24.292258776914,7.06653994275496,3.76745053119631));
#4551=CARTESIAN_POINT('',(-24.4140175538279,6.81370523727262,3.74959338833917));
#4552=CARTESIAN_POINT('',(-24.6334192886147,6.63873819230556,3.73173624548202));
#4553=CARTESIAN_POINT('',(-24.8528210234014,6.4637711473385,3.71387910262488));
#4554=CARTESIAN_POINT('',(-25.1264105117007,6.40132613197245,3.69602195976774));
#4555=CARTESIAN_POINT('',(-25.4,6.33888111660639,3.67816481691059));
#4556=CARTESIAN_POINT('',(-25.6735894882993,6.40132613197244,3.66030767405345));
#4557=CARTESIAN_POINT('',(-25.9471789765986,6.4637711473385,3.64245053119631));
#4558=CARTESIAN_POINT('',(-26.1665807113853,6.63873819230556,3.62459338833917));
#4559=CARTESIAN_POINT('',(-26.385982446172,6.81370523727261,3.60673624548202));
#4560=CARTESIAN_POINT('',(-26.507741223086,7.06653994275496,3.58887910262488));
#4561=CARTESIAN_POINT('',(-26.6295,7.31937464823731,3.57102195976774));
#4562=CARTESIAN_POINT('',(-26.6295,7.6,3.55316481691059));
#4563=CARTESIAN_POINT('',(-26.6295,7.88062535176269,3.53530767405345));
#4564=CARTESIAN_POINT('',(-26.507741223086,8.13346005724503,3.51745053119631));
#4565=CARTESIAN_POINT('',(-26.3859824461721,8.38629476272739,3.49959338833917));
#4566=CARTESIAN_POINT('',(-26.1665807113853,8.56126180769444,3.48173624548202));
#4567=CARTESIAN_POINT('',(-25.9471789765986,8.7362288526615,3.46387910262488));
#4568=CARTESIAN_POINT('',(-25.6735894882993,8.79867386802755,3.44602195976774));
#4569=CARTESIAN_POINT('',(-25.4,8.86111888339361,3.42816481691059));
#4570=CARTESIAN_POINT('',(-25.1264105117007,8.79867386802755,3.41030767405345));
#4571=CARTESIAN_POINT('',(-24.8528210234014,8.7362288526615,3.39245053119631));
#4572=CARTESIAN_POINT('',(-24.6334192886147,8.56126180769445,3.37459338833917));
#4573=CARTESIAN_POINT('',(-24.414017553828,8.38629476272739,3.35673624548202));
#4574=CARTESIAN_POINT('',(-24.292258776914,8.13346005724504,3.33887910262488));
#4575=CARTESIAN_POINT('',(-24.1705,7.88062535176269,3.32102195976774));
#4576=CARTESIAN_POINT('',(-24.1705,7.6,3.30316481691059));
#4577=CARTESIAN_POINT('',(-24.1705,7.31937464823731,3.28530767405345));
#4578=CARTESIAN_POINT('',(-24.292258776914,7.06653994275496,3.26745053119631));
#4579=CARTESIAN_POINT('',(-24.4140175538279,6.81370523727262,3.24959338833916));
#4580=CARTESIAN_POINT('',(-24.6334192886147,6.63873819230556,3.23173624548202));
#4581=CARTESIAN_POINT('',(-24.8528210234014,6.4637711473385,3.21387910262488));
#4582=CARTESIAN_POINT('',(-25.1264105117007,6.40132613197245,3.19602195976774));
#4583=CARTESIAN_POINT('',(-25.4,6.33888111660639,3.17816481691059));
#4584=CARTESIAN_POINT('',(-25.6735894882993,6.40132613197245,3.16030767405345));
#4585=CARTESIAN_POINT('',(-25.9471789765986,6.4637711473385,3.14245053119631));
#4586=CARTESIAN_POINT('',(-26.1665807113853,6.63873819230555,3.12459338833916));
#4587=CARTESIAN_POINT('',(-26.385982446172,6.81370523727261,3.10673624548202));
#4588=CARTESIAN_POINT('',(-26.507741223086,7.06653994275495,3.08887910262488));
#4589=CARTESIAN_POINT('',(-26.6295,7.31937464823731,3.07102195976774));
#4590=CARTESIAN_POINT('',(-26.6295,7.6,3.05316481691059));
#4591=CARTESIAN_POINT('',(-26.6295,7.88062535176269,3.03530767405345));
#4592=CARTESIAN_POINT('',(-26.507741223086,8.13346005724504,3.01745053119631));
#4593=CARTESIAN_POINT('',(-26.3859824461721,8.38629476272739,2.99959338833917));
#4594=CARTESIAN_POINT('',(-26.1665807113853,8.56126180769444,2.98173624548202));
#4595=CARTESIAN_POINT('',(-25.9471789765986,8.7362288526615,2.96387910262488));
#4596=CARTESIAN_POINT('',(-25.6735894882993,8.79867386802755,2.94602195976774));
#4597=CARTESIAN_POINT('',(-25.4,8.86111888339361,2.92816481691059));
#4598=CARTESIAN_POINT('',(-25.1264105117007,8.79867386802755,2.91030767405345));
#4599=CARTESIAN_POINT('',(-24.8528210234014,8.7362288526615,2.89245053119631));
#4600=CARTESIAN_POINT('',(-24.6334192886147,8.56126180769444,2.87459338833917));
#4601=CARTESIAN_POINT('',(-24.414017553828,8.38629476272739,2.85673624548202));
#4602=CARTESIAN_POINT('',(-24.292258776914,8.13346005724504,2.83887910262488));
#4603=CARTESIAN_POINT('',(-24.1705,7.88062535176269,2.82102195976774));
#4604=CARTESIAN_POINT('',(-24.1705,7.60000000000001,2.80316481691059));
#4605=CARTESIAN_POINT('',(-24.1705,7.31937464823731,2.78530767405345));
#4606=CARTESIAN_POINT('',(-24.292258776914,7.06653994275496,2.76745053119631));
#4607=CARTESIAN_POINT('',(-24.4140175538279,6.81370523727262,2.74959338833917));
#4608=CARTESIAN_POINT('',(-24.6334192886147,6.63873819230556,2.73173624548202));
#4609=CARTESIAN_POINT('',(-24.8528210234014,6.4637711473385,2.71387910262488));
#4610=CARTESIAN_POINT('',(-25.1264105117007,6.40132613197245,2.69602195976774));
#4611=CARTESIAN_POINT('',(-25.4,6.33888111660639,2.67816481691059));
#4612=CARTESIAN_POINT('',(-25.6735894882993,6.40132613197244,2.66030767405345));
#4613=CARTESIAN_POINT('',(-25.9471789765986,6.4637711473385,2.64245053119631));
#4614=CARTESIAN_POINT('',(-26.1665807113853,6.63873819230555,2.62459338833917));
#4615=CARTESIAN_POINT('',(-26.385982446172,6.81370523727261,2.60673624548202));
#4616=CARTESIAN_POINT('',(-26.507741223086,7.06653994275496,2.58887910262488));
#4617=CARTESIAN_POINT('',(-26.6295,7.31937464823731,2.57102195976774));
#4618=CARTESIAN_POINT('',(-26.6295,7.6,2.55316481691059));
#4619=CARTESIAN_POINT('',(0.,0.,4.35316481691059));
#4620=CARTESIAN_POINT('',(28.19,5.75,4.35316481691059));
#4621=CARTESIAN_POINT('',(28.19,5.75,4.35316481691059));
#4622=CARTESIAN_POINT('',(28.19,6.25,4.35316481691059));
#4623=CARTESIAN_POINT('',(28.19,6.25,4.35316481691059));
#4624=CARTESIAN_POINT('',(27.69,6.25,4.35316481691059));
#4625=CARTESIAN_POINT('',(27.69,6.25,4.35316481691059));
#4626=CARTESIAN_POINT('',(27.69,5.75,4.35316481691059));
#4627=CARTESIAN_POINT('',(27.69,5.75,4.35316481691059));
#4628=CARTESIAN_POINT('',(28.19,3.75,4.35316481691059));
#4629=CARTESIAN_POINT('',(28.19,3.75,4.35316481691059));
#4630=CARTESIAN_POINT('',(28.19,4.25,4.35316481691059));
#4631=CARTESIAN_POINT('',(28.19,4.25,4.35316481691059));
#4632=CARTESIAN_POINT('',(27.69,4.25,4.35316481691059));
#4633=CARTESIAN_POINT('',(27.69,4.25,4.35316481691059));
#4634=CARTESIAN_POINT('',(27.69,3.75,4.35316481691059));
#4635=CARTESIAN_POINT('',(27.69,3.75,4.35316481691059));
#4636=CARTESIAN_POINT('',(28.19,2.25,4.35316481691059));
#4637=CARTESIAN_POINT('',(28.19,2.25,4.35316481691059));
#4638=CARTESIAN_POINT('',(27.69,2.25,4.35316481691059));
#4639=CARTESIAN_POINT('',(27.69,2.25,4.35316481691059));
#4640=CARTESIAN_POINT('',(27.69,1.75,4.35316481691059));
#4641=CARTESIAN_POINT('',(27.69,1.75,4.35316481691059));
#4642=CARTESIAN_POINT('',(28.19,1.75,4.35316481691059));
#4643=CARTESIAN_POINT('',(28.19,1.75,4.35316481691059));
#4644=CARTESIAN_POINT('',(28.19,-4.25,4.35316481691059));
#4645=CARTESIAN_POINT('',(28.19,-4.25,4.35316481691059));
#4646=CARTESIAN_POINT('',(27.69,-4.25,4.35316481691059));
#4647=CARTESIAN_POINT('',(28.19,-3.75,4.35316481691059));
#4648=CARTESIAN_POINT('',(28.19,-3.75,4.35316481691059));
#4649=CARTESIAN_POINT('',(27.69,-3.75,4.35316481691059));
#4650=CARTESIAN_POINT('',(27.69,-3.75,4.35316481691059));
#4651=CARTESIAN_POINT('',(27.69,-4.25,4.35316481691059));
#4652=CARTESIAN_POINT('',(28.19,-0.25,4.35316481691059));
#4653=CARTESIAN_POINT('',(28.19,-0.25,4.35316481691059));
#4654=CARTESIAN_POINT('',(27.69,-0.25,4.35316481691059));
#4655=CARTESIAN_POINT('',(28.19,0.25,4.35316481691059));
#4656=CARTESIAN_POINT('',(28.19,0.25,4.35316481691059));
#4657=CARTESIAN_POINT('',(27.69,0.25,4.35316481691059));
#4658=CARTESIAN_POINT('',(27.69,0.25,4.35316481691059));
#4659=CARTESIAN_POINT('',(27.69,-0.25,4.35316481691059));
#4660=CARTESIAN_POINT('',(25.4,0.,4.35316481691059));
#4661=CARTESIAN_POINT('',(25.4,1.,4.35316481691059));
#4662=CARTESIAN_POINT('',(25.4,7.62,4.35316481691059));
#4663=CARTESIAN_POINT('',(25.4,8.62,4.35316481691059));
#4664=CARTESIAN_POINT('',(-25.4,7.62,4.35316481691059));
#4665=CARTESIAN_POINT('',(-25.4,8.87,4.35316481691059));
#4666=CARTESIAN_POINT('',(-25.4,0.,4.35316481691059));
#4667=CARTESIAN_POINT('',(-25.4,1.,4.35316481691059));
#4668=CARTESIAN_POINT('',(-25.4,-7.62,4.35316481691059));
#4669=CARTESIAN_POINT('',(-25.4,-6.37,4.35316481691059));
#4670=CARTESIAN_POINT('',(25.4,-7.62,4.35316481691059));
#4671=CARTESIAN_POINT('',(25.4,-6.62,4.35316481691059));
#4672=CARTESIAN_POINT('',(29.2,-11.4,4.35316481691059));
#4673=CARTESIAN_POINT('',(29.2,-11.1,4.35316481691059));
#4674=CARTESIAN_POINT('',(29.2,11.1,4.35316481691059));
#4675=CARTESIAN_POINT('',(0.,-11.1,4.35316481691059));
#4676=CARTESIAN_POINT('',(-29.2,-11.1,4.35316481691059));
#4677=CARTESIAN_POINT('',(-29.2,11.4,4.35316481691059));
#4678=CARTESIAN_POINT('',(-29.2,11.1,4.35316481691059));
#4679=CARTESIAN_POINT('',(0.,11.1,4.35316481691059));
#4680=CARTESIAN_POINT('',(28.19,-2.25,4.35316481691059));
#4681=CARTESIAN_POINT('',(28.19,-2.25,4.35316481691059));
#4682=CARTESIAN_POINT('',(27.69,-2.25,4.35316481691059));
#4683=CARTESIAN_POINT('',(28.19,-1.75,4.35316481691059));
#4684=CARTESIAN_POINT('',(28.19,-1.75,4.35316481691059));
#4685=CARTESIAN_POINT('',(27.69,-1.75,4.35316481691059));
#4686=CARTESIAN_POINT('',(27.69,-1.75,4.35316481691059));
#4687=CARTESIAN_POINT('',(27.69,-2.25,4.35316481691059));
#4688=CARTESIAN_POINT('',(28.19,-6.25,4.35316481691059));
#4689=CARTESIAN_POINT('',(28.19,-6.25,4.35316481691059));
#4690=CARTESIAN_POINT('',(27.69,-6.25,4.35316481691059));
#4691=CARTESIAN_POINT('',(28.19,-5.75,4.35316481691059));
#4692=CARTESIAN_POINT('',(28.19,-5.75,4.35316481691059));
#4693=CARTESIAN_POINT('',(27.69,-5.75,4.35316481691059));
#4694=CARTESIAN_POINT('',(27.69,-5.75,4.35316481691059));
#4695=CARTESIAN_POINT('',(27.69,-6.25,4.35316481691059));
#4696=CARTESIAN_POINT('',(-29.2,-11.4,7.55316481691059));
#4697=CARTESIAN_POINT('',(-29.2,-11.4,7.55316481691059));
#4698=CARTESIAN_POINT('',(-29.2,-11.4,7.25316481691059));
#4699=CARTESIAN_POINT('',(-29.2,-11.4,4.65316481691059));
#4700=CARTESIAN_POINT('',(-29.2,-11.4,4.65316481691059));
#4701=CARTESIAN_POINT('',(29.2,-11.4,4.65316481691059));
#4702=CARTESIAN_POINT('',(29.2,-11.4,7.55316481691059));
#4703=CARTESIAN_POINT('',(29.2,-11.4,7.25316481691059));
#4704=CARTESIAN_POINT('',(-29.2,-11.4,7.25316481691059));
#4705=CARTESIAN_POINT('',(29.2,-11.4,7.55316481691059));
#4706=CARTESIAN_POINT('',(29.2,-11.1,4.65316481691059));
#4707=CARTESIAN_POINT('',(29.2,11.1,4.65316481691059));
#4708=CARTESIAN_POINT('',(29.2,11.4,4.65316481691059));
#4709=CARTESIAN_POINT('',(29.2,11.4,7.55316481691059));
#4710=CARTESIAN_POINT('',(29.2,11.4,7.25316481691059));
#4711=CARTESIAN_POINT('',(29.2,11.1,7.25316481691059));
#4712=CARTESIAN_POINT('',(29.2,-11.1,7.25316481691059));
#4713=CARTESIAN_POINT('',(29.2,11.4,7.55316481691059));
#4714=CARTESIAN_POINT('',(-29.2,11.4,7.55316481691059));
#4715=CARTESIAN_POINT('',(-29.2,11.4,7.25316481691059));
#4716=CARTESIAN_POINT('',(-29.2,11.4,4.65316481691059));
#4717=CARTESIAN_POINT('',(29.2,11.4,7.25316481691059));
#4718=CARTESIAN_POINT('',(29.2,11.4,4.65316481691059));
#4719=CARTESIAN_POINT('',(-29.2,11.4,7.55316481691059));
#4720=CARTESIAN_POINT('',(-29.2,-11.1,4.65316481691059));
#4721=CARTESIAN_POINT('',(-29.2,-11.1,7.25316481691059));
#4722=CARTESIAN_POINT('',(-29.2,11.1,7.25316481691059));
#4723=CARTESIAN_POINT('',(-29.2,11.1,4.65316481691059));
#4724=CARTESIAN_POINT('',(-25.4,7.6,4.55316481691059));
#4725=CARTESIAN_POINT('',(-24.0136997499832,8.17321065109074,4.55316481691059));
#4726=CARTESIAN_POINT('',(-23.8795027848753,7.7408764284495,4.55316481691059));
#4727=CARTESIAN_POINT('',(-24.0325653133538,6.75929366719559,4.55316481691059));
#4728=CARTESIAN_POINT('',(-24.9494139137174,6.31956093487803,4.55316481691059));
#4729=CARTESIAN_POINT('',(-25.4,6.3705,4.55316481691059));
#4730=CARTESIAN_POINT('',(-24.0136997499832,8.17321065109077,4.55316481691059));
#4731=CARTESIAN_POINT('',(-25.4,7.6,4.55316481691059));
#4732=CARTESIAN_POINT('',(-24.8253129692808,8.98568887216566,4.55316481691059));
#4733=CARTESIAN_POINT('',(-26.6295,7.6,4.55316481691059));
#4734=CARTESIAN_POINT('',(-26.6791879290435,8.05082210076893,4.55316481691059));
#4735=CARTESIAN_POINT('',(-26.2418723956534,8.9673225753948,4.55316481691059));
#4736=CARTESIAN_POINT('',(-25.257642738153,9.11984602796426,4.55316481691059));
#4737=CARTESIAN_POINT('',(-24.8253129692808,8.98568887216567,4.55316481691059));
#4738=CARTESIAN_POINT('',(25.4,-7.6,4.55316481691059));
#4739=CARTESIAN_POINT('',(26.7863002500168,-7.02678934890926,4.55316481691059));
#4740=CARTESIAN_POINT('',(26.9204972151247,-7.4591235715505,4.55316481691059));
#4741=CARTESIAN_POINT('',(26.7674346866462,-8.44070633280442,4.5531648169106));
#4742=CARTESIAN_POINT('',(25.8505860862825,-8.88043906512198,4.55316481691059));
#4743=CARTESIAN_POINT('',(25.4,-8.8295,4.55316481691059));
#4744=CARTESIAN_POINT('',(26.7863002500168,-7.02678934890923,4.55316481691059));
#4745=CARTESIAN_POINT('',(25.4,-7.6,4.55316481691059));
#4746=CARTESIAN_POINT('',(25.9746870307192,-6.21431112783434,4.55316481691059));
#4747=CARTESIAN_POINT('',(24.1705,-7.6,4.55316481691059));
#4748=CARTESIAN_POINT('',(24.1208120709565,-7.14917789923107,4.55316481691059));
#4749=CARTESIAN_POINT('',(24.5581276043466,-6.23267742460518,4.55316481691059));
#4750=CARTESIAN_POINT('',(25.542357261847,-6.08015397203575,4.55316481691059));
#4751=CARTESIAN_POINT('',(25.9746870307192,-6.21431112783434,4.55316481691059));
#4752=CARTESIAN_POINT('',(25.4,7.6,4.55316481691059));
#4753=CARTESIAN_POINT('',(25.4,7.6,4.55316481691059));
#4754=CARTESIAN_POINT('',(24.1705,7.6,4.55316481691059));
#4755=CARTESIAN_POINT('',(25.4,6.3705,4.55316481691059));
#4756=CARTESIAN_POINT('',(26.7863002500168,8.17321065109077,4.55316481691059));
#4757=CARTESIAN_POINT('',(26.9204972151247,7.74087642844953,4.55316481691059));
#4758=CARTESIAN_POINT('',(26.7674346866463,6.75929366719562,4.5531648169106));
#4759=CARTESIAN_POINT('',(25.8505860862826,6.31956093487803,4.55316481691059));
#4760=CARTESIAN_POINT('',(25.4,6.3705,4.55316481691059));
#4761=CARTESIAN_POINT('',(26.7863002500168,8.17321065109077,4.55316481691059));
#4762=CARTESIAN_POINT('',(25.4,7.6,4.55316481691059));
#4763=CARTESIAN_POINT('',(25.9746870307192,8.98568887216566,4.55316481691059));
#4764=CARTESIAN_POINT('',(24.1705,7.6,4.55316481691059));
#4765=CARTESIAN_POINT('',(24.1208120709565,8.05082210076894,4.55316481691059));
#4766=CARTESIAN_POINT('',(24.5581276043467,8.96732257539481,4.55316481691059));
#4767=CARTESIAN_POINT('',(25.542357261847,9.11984602796426,4.55316481691059));
#4768=CARTESIAN_POINT('',(25.9746870307192,8.98568887216566,4.55316481691059));
#4769=CARTESIAN_POINT('',(25.4,7.6,4.55316481691059));
#4770=CARTESIAN_POINT('',(24.1705,7.6,7.92816481691059));
#4771=CARTESIAN_POINT('',(24.1705,7.88062535176269,7.91030767405345));
#4772=CARTESIAN_POINT('',(24.292258776914,8.13346005724504,7.89245053119631));
#4773=CARTESIAN_POINT('',(24.414017553828,8.38629476272739,7.87459338833917));
#4774=CARTESIAN_POINT('',(24.6334192886147,8.56126180769444,7.85673624548202));
#4775=CARTESIAN_POINT('',(24.8528210234014,8.7362288526615,7.83887910262488));
#4776=CARTESIAN_POINT('',(25.1264105117007,8.79867386802755,7.82102195976774));
#4777=CARTESIAN_POINT('',(25.4,8.86111888339361,7.80316481691059));
#4778=CARTESIAN_POINT('',(25.6735894882993,8.79867386802755,7.78530767405345));
#4779=CARTESIAN_POINT('',(25.9471789765986,8.7362288526615,7.76745053119631));
#4780=CARTESIAN_POINT('',(26.1665807113853,8.56126180769444,7.74959338833917));
#4781=CARTESIAN_POINT('',(26.3859824461721,8.38629476272739,7.73173624548202));
#4782=CARTESIAN_POINT('',(26.507741223086,8.13346005724504,7.71387910262488));
#4783=CARTESIAN_POINT('',(26.6295,7.88062535176269,7.69602195976774));
#4784=CARTESIAN_POINT('',(26.6295,7.6,7.67816481691059));
#4785=CARTESIAN_POINT('',(26.6295,7.31937464823731,7.66030767405345));
#4786=CARTESIAN_POINT('',(26.507741223086,7.06653994275496,7.64245053119631));
#4787=CARTESIAN_POINT('',(26.3859824461721,6.81370523727261,7.62459338833917));
#4788=CARTESIAN_POINT('',(26.1665807113853,6.63873819230556,7.60673624548202));
#4789=CARTESIAN_POINT('',(25.9471789765986,6.4637711473385,7.58887910262488));
#4790=CARTESIAN_POINT('',(25.6735894882993,6.40132613197245,7.57102195976774));
#4791=CARTESIAN_POINT('',(25.4,6.33888111660639,7.55316481691059));
#4792=CARTESIAN_POINT('',(25.1264105117007,6.40132613197245,7.53530767405345));
#4793=CARTESIAN_POINT('',(24.8528210234014,6.4637711473385,7.51745053119631));
#4794=CARTESIAN_POINT('',(24.6334192886147,6.63873819230556,7.49959338833917));
#4795=CARTESIAN_POINT('',(24.414017553828,6.81370523727261,7.48173624548202));
#4796=CARTESIAN_POINT('',(24.292258776914,7.06653994275496,7.46387910262488));
#4797=CARTESIAN_POINT('',(24.1705,7.31937464823731,7.44602195976774));
#4798=CARTESIAN_POINT('',(24.1705,7.6,7.42816481691059));
#4799=CARTESIAN_POINT('',(24.1705,7.88062535176269,7.41030767405345));
#4800=CARTESIAN_POINT('',(24.292258776914,8.13346005724504,7.39245053119631));
#4801=CARTESIAN_POINT('',(24.414017553828,8.38629476272739,7.37459338833917));
#4802=CARTESIAN_POINT('',(24.6334192886147,8.56126180769444,7.35673624548202));
#4803=CARTESIAN_POINT('',(24.8528210234014,8.7362288526615,7.33887910262488));
#4804=CARTESIAN_POINT('',(25.1264105117007,8.79867386802755,7.32102195976774));
#4805=CARTESIAN_POINT('',(25.4,8.86111888339361,7.30316481691059));
#4806=CARTESIAN_POINT('',(25.6735894882993,8.79867386802755,7.28530767405345));
#4807=CARTESIAN_POINT('',(25.9471789765986,8.7362288526615,7.26745053119631));
#4808=CARTESIAN_POINT('',(26.1665807113853,8.56126180769444,7.24959338833917));
#4809=CARTESIAN_POINT('',(26.3859824461721,8.38629476272739,7.23173624548202));
#4810=CARTESIAN_POINT('',(26.507741223086,8.13346005724504,7.21387910262488));
#4811=CARTESIAN_POINT('',(26.6295,7.88062535176269,7.19602195976774));
#4812=CARTESIAN_POINT('',(26.6295,7.6,7.17816481691059));
#4813=CARTESIAN_POINT('',(26.6295,7.31937464823731,7.16030767405345));
#4814=CARTESIAN_POINT('',(26.507741223086,7.06653994275496,7.14245053119631));
#4815=CARTESIAN_POINT('',(26.3859824461721,6.81370523727261,7.12459338833917));
#4816=CARTESIAN_POINT('',(26.1665807113853,6.63873819230556,7.10673624548202));
#4817=CARTESIAN_POINT('',(25.9471789765986,6.4637711473385,7.08887910262488));
#4818=CARTESIAN_POINT('',(25.6735894882993,6.40132613197245,7.07102195976774));
#4819=CARTESIAN_POINT('',(25.4,6.33888111660639,7.05316481691059));
#4820=CARTESIAN_POINT('',(25.1264105117007,6.40132613197245,7.03530767405345));
#4821=CARTESIAN_POINT('',(24.8528210234014,6.4637711473385,7.01745053119631));
#4822=CARTESIAN_POINT('',(24.6334192886147,6.63873819230556,6.99959338833917));
#4823=CARTESIAN_POINT('',(24.414017553828,6.81370523727261,6.98173624548202));
#4824=CARTESIAN_POINT('',(24.292258776914,7.06653994275496,6.96387910262488));
#4825=CARTESIAN_POINT('',(24.1705,7.31937464823731,6.94602195976774));
#4826=CARTESIAN_POINT('',(24.1705,7.6,6.92816481691059));
#4827=CARTESIAN_POINT('',(24.1705,7.88062535176269,6.91030767405345));
#4828=CARTESIAN_POINT('',(24.292258776914,8.13346005724504,6.89245053119631));
#4829=CARTESIAN_POINT('',(24.414017553828,8.38629476272739,6.87459338833917));
#4830=CARTESIAN_POINT('',(24.6334192886147,8.56126180769444,6.85673624548202));
#4831=CARTESIAN_POINT('',(24.8528210234014,8.7362288526615,6.83887910262488));
#4832=CARTESIAN_POINT('',(25.1264105117007,8.79867386802755,6.82102195976774));
#4833=CARTESIAN_POINT('',(25.4,8.86111888339361,6.80316481691059));
#4834=CARTESIAN_POINT('',(25.6735894882993,8.79867386802755,6.78530767405345));
#4835=CARTESIAN_POINT('',(25.9471789765986,8.7362288526615,6.76745053119631));
#4836=CARTESIAN_POINT('',(26.1665807113853,8.56126180769444,6.74959338833917));
#4837=CARTESIAN_POINT('',(26.3859824461721,8.38629476272739,6.73173624548202));
#4838=CARTESIAN_POINT('',(26.507741223086,8.13346005724504,6.71387910262488));
#4839=CARTESIAN_POINT('',(26.6295,7.88062535176269,6.69602195976774));
#4840=CARTESIAN_POINT('',(26.6295,7.6,6.67816481691059));
#4841=CARTESIAN_POINT('',(26.6295,7.31937464823731,6.66030767405345));
#4842=CARTESIAN_POINT('',(26.507741223086,7.06653994275496,6.64245053119631));
#4843=CARTESIAN_POINT('',(26.3859824461721,6.81370523727262,6.62459338833917));
#4844=CARTESIAN_POINT('',(26.1665807113853,6.63873819230556,6.60673624548202));
#4845=CARTESIAN_POINT('',(25.9471789765986,6.4637711473385,6.58887910262488));
#4846=CARTESIAN_POINT('',(25.6735894882993,6.40132613197245,6.57102195976774));
#4847=CARTESIAN_POINT('',(25.4,6.33888111660639,6.55316481691059));
#4848=CARTESIAN_POINT('',(25.1264105117007,6.40132613197245,6.53530767405345));
#4849=CARTESIAN_POINT('',(24.8528210234014,6.4637711473385,6.51745053119631));
#4850=CARTESIAN_POINT('',(24.6334192886147,6.63873819230556,6.49959338833917));
#4851=CARTESIAN_POINT('',(24.414017553828,6.81370523727261,6.48173624548202));
#4852=CARTESIAN_POINT('',(24.292258776914,7.06653994275496,6.46387910262488));
#4853=CARTESIAN_POINT('',(24.1705,7.31937464823731,6.44602195976774));
#4854=CARTESIAN_POINT('',(24.1705,7.6,6.42816481691059));
#4855=CARTESIAN_POINT('',(24.1705,7.88062535176269,6.41030767405345));
#4856=CARTESIAN_POINT('',(24.292258776914,8.13346005724504,6.39245053119631));
#4857=CARTESIAN_POINT('',(24.414017553828,8.38629476272739,6.37459338833917));
#4858=CARTESIAN_POINT('',(24.6334192886147,8.56126180769444,6.35673624548202));
#4859=CARTESIAN_POINT('',(24.8528210234014,8.7362288526615,6.33887910262488));
#4860=CARTESIAN_POINT('',(25.1264105117007,8.79867386802755,6.32102195976774));
#4861=CARTESIAN_POINT('',(25.4,8.86111888339361,6.30316481691059));
#4862=CARTESIAN_POINT('',(25.6735894882993,8.79867386802755,6.28530767405345));
#4863=CARTESIAN_POINT('',(25.9471789765986,8.7362288526615,6.26745053119631));
#4864=CARTESIAN_POINT('',(26.1665807113853,8.56126180769444,6.24959338833917));
#4865=CARTESIAN_POINT('',(26.3859824461721,8.38629476272738,6.23173624548202));
#4866=CARTESIAN_POINT('',(26.507741223086,8.13346005724504,6.21387910262488));
#4867=CARTESIAN_POINT('',(26.6295,7.88062535176269,6.19602195976774));
#4868=CARTESIAN_POINT('',(26.6295,7.6,6.17816481691059));
#4869=CARTESIAN_POINT('',(26.6295,7.31937464823731,6.16030767405345));
#4870=CARTESIAN_POINT('',(26.507741223086,7.06653994275496,6.14245053119631));
#4871=CARTESIAN_POINT('',(26.3859824461721,6.81370523727262,6.12459338833917));
#4872=CARTESIAN_POINT('',(26.1665807113853,6.63873819230556,6.10673624548202));
#4873=CARTESIAN_POINT('',(25.9471789765986,6.4637711473385,6.08887910262488));
#4874=CARTESIAN_POINT('',(25.6735894882993,6.40132613197245,6.07102195976774));
#4875=CARTESIAN_POINT('',(25.4,6.33888111660639,6.05316481691059));
#4876=CARTESIAN_POINT('',(25.1264105117007,6.40132613197245,6.03530767405345));
#4877=CARTESIAN_POINT('',(24.8528210234014,6.4637711473385,6.01745053119631));
#4878=CARTESIAN_POINT('',(24.6334192886147,6.63873819230556,5.99959338833917));
#4879=CARTESIAN_POINT('',(24.414017553828,6.81370523727261,5.98173624548202));
#4880=CARTESIAN_POINT('',(24.292258776914,7.06653994275496,5.96387910262488));
#4881=CARTESIAN_POINT('',(24.1705,7.31937464823731,5.94602195976774));
#4882=CARTESIAN_POINT('',(24.1705,7.6,5.92816481691059));
#4883=CARTESIAN_POINT('',(24.1705,7.88062535176269,5.91030767405345));
#4884=CARTESIAN_POINT('',(24.292258776914,8.13346005724504,5.89245053119631));
#4885=CARTESIAN_POINT('',(24.414017553828,8.38629476272739,5.87459338833917));
#4886=CARTESIAN_POINT('',(24.6334192886147,8.56126180769444,5.85673624548202));
#4887=CARTESIAN_POINT('',(24.8528210234014,8.7362288526615,5.83887910262488));
#4888=CARTESIAN_POINT('',(25.1264105117007,8.79867386802755,5.82102195976774));
#4889=CARTESIAN_POINT('',(25.4,8.86111888339361,5.80316481691059));
#4890=CARTESIAN_POINT('',(25.6735894882993,8.79867386802755,5.78530767405345));
#4891=CARTESIAN_POINT('',(25.9471789765986,8.7362288526615,5.76745053119631));
#4892=CARTESIAN_POINT('',(26.1665807113853,8.56126180769444,5.74959338833917));
#4893=CARTESIAN_POINT('',(26.3859824461721,8.38629476272738,5.73173624548202));
#4894=CARTESIAN_POINT('',(26.507741223086,8.13346005724504,5.71387910262488));
#4895=CARTESIAN_POINT('',(26.6295,7.88062535176269,5.69602195976774));
#4896=CARTESIAN_POINT('',(26.6295,7.6,5.67816481691059));
#4897=CARTESIAN_POINT('',(26.6295,7.31937464823731,5.66030767405345));
#4898=CARTESIAN_POINT('',(26.507741223086,7.06653994275496,5.64245053119631));
#4899=CARTESIAN_POINT('',(26.3859824461721,6.81370523727262,5.62459338833917));
#4900=CARTESIAN_POINT('',(26.1665807113853,6.63873819230556,5.60673624548202));
#4901=CARTESIAN_POINT('',(25.9471789765986,6.4637711473385,5.58887910262488));
#4902=CARTESIAN_POINT('',(25.6735894882993,6.40132613197245,5.57102195976774));
#4903=CARTESIAN_POINT('',(25.4,6.33888111660639,5.55316481691059));
#4904=CARTESIAN_POINT('',(25.1264105117007,6.40132613197245,5.53530767405345));
#4905=CARTESIAN_POINT('',(24.8528210234014,6.4637711473385,5.51745053119631));
#4906=CARTESIAN_POINT('',(24.6334192886147,6.63873819230556,5.49959338833917));
#4907=CARTESIAN_POINT('',(24.414017553828,6.81370523727261,5.48173624548202));
#4908=CARTESIAN_POINT('',(24.292258776914,7.06653994275496,5.46387910262488));
#4909=CARTESIAN_POINT('',(24.1705,7.31937464823731,5.44602195976774));
#4910=CARTESIAN_POINT('',(24.1705,7.6,5.42816481691059));
#4911=CARTESIAN_POINT('',(24.1705,7.88062535176269,5.41030767405345));
#4912=CARTESIAN_POINT('',(24.292258776914,8.13346005724504,5.39245053119631));
#4913=CARTESIAN_POINT('',(24.414017553828,8.38629476272739,5.37459338833917));
#4914=CARTESIAN_POINT('',(24.6334192886147,8.56126180769444,5.35673624548202));
#4915=CARTESIAN_POINT('',(24.8528210234014,8.7362288526615,5.33887910262488));
#4916=CARTESIAN_POINT('',(25.1264105117007,8.79867386802755,5.32102195976774));
#4917=CARTESIAN_POINT('',(25.4,8.86111888339361,5.30316481691059));
#4918=CARTESIAN_POINT('',(25.6735894882993,8.79867386802755,5.28530767405345));
#4919=CARTESIAN_POINT('',(25.9471789765986,8.7362288526615,5.26745053119631));
#4920=CARTESIAN_POINT('',(26.1665807113853,8.56126180769444,5.24959338833917));
#4921=CARTESIAN_POINT('',(26.3859824461721,8.38629476272739,5.23173624548202));
#4922=CARTESIAN_POINT('',(26.507741223086,8.13346005724504,5.21387910262488));
#4923=CARTESIAN_POINT('',(26.6295,7.88062535176269,5.19602195976774));
#4924=CARTESIAN_POINT('',(26.6295,7.60000000000001,5.17816481691059));
#4925=CARTESIAN_POINT('',(26.6295,7.31937464823731,5.16030767405345));
#4926=CARTESIAN_POINT('',(26.507741223086,7.06653994275496,5.14245053119631));
#4927=CARTESIAN_POINT('',(26.3859824461721,6.81370523727262,5.12459338833917));
#4928=CARTESIAN_POINT('',(26.1665807113853,6.63873819230555,5.10673624548202));
#4929=CARTESIAN_POINT('',(25.9471789765986,6.4637711473385,5.08887910262488));
#4930=CARTESIAN_POINT('',(25.6735894882993,6.40132613197245,5.07102195976774));
#4931=CARTESIAN_POINT('',(25.4,6.33888111660639,5.05316481691059));
#4932=CARTESIAN_POINT('',(25.1264105117007,6.40132613197244,5.03530767405345));
#4933=CARTESIAN_POINT('',(24.8528210234014,6.4637711473385,5.01745053119631));
#4934=CARTESIAN_POINT('',(24.6334192886147,6.63873819230556,4.99959338833917));
#4935=CARTESIAN_POINT('',(24.414017553828,6.81370523727261,4.98173624548202));
#4936=CARTESIAN_POINT('',(24.292258776914,7.06653994275496,4.96387910262488));
#4937=CARTESIAN_POINT('',(24.1705,7.31937464823731,4.94602195976774));
#4938=CARTESIAN_POINT('',(24.1705,7.6,4.92816481691059));
#4939=CARTESIAN_POINT('',(24.1705,7.88062535176269,4.91030767405345));
#4940=CARTESIAN_POINT('',(24.292258776914,8.13346005724503,4.89245053119631));
#4941=CARTESIAN_POINT('',(24.414017553828,8.38629476272739,4.87459338833917));
#4942=CARTESIAN_POINT('',(24.6334192886147,8.56126180769444,4.85673624548202));
#4943=CARTESIAN_POINT('',(24.8528210234014,8.7362288526615,4.83887910262488));
#4944=CARTESIAN_POINT('',(25.1264105117007,8.79867386802755,4.82102195976774));
#4945=CARTESIAN_POINT('',(25.4,8.86111888339361,4.80316481691059));
#4946=CARTESIAN_POINT('',(25.6735894882993,8.79867386802755,4.78530767405345));
#4947=CARTESIAN_POINT('',(25.9471789765986,8.7362288526615,4.76745053119631));
#4948=CARTESIAN_POINT('',(26.1665807113853,8.56126180769445,4.74959338833917));
#4949=CARTESIAN_POINT('',(26.3859824461721,8.38629476272739,4.73173624548202));
#4950=CARTESIAN_POINT('',(26.507741223086,8.13346005724504,4.71387910262488));
#4951=CARTESIAN_POINT('',(26.6295,7.88062535176269,4.69602195976774));
#4952=CARTESIAN_POINT('',(26.6295,7.6,4.67816481691059));
#4953=CARTESIAN_POINT('',(26.6295,7.31937464823731,4.66030767405345));
#4954=CARTESIAN_POINT('',(26.507741223086,7.06653994275496,4.64245053119631));
#4955=CARTESIAN_POINT('',(26.3859824461721,6.81370523727262,4.62459338833917));
#4956=CARTESIAN_POINT('',(26.1665807113853,6.63873819230556,4.60673624548202));
#4957=CARTESIAN_POINT('',(25.9471789765986,6.4637711473385,4.58887910262488));
#4958=CARTESIAN_POINT('',(25.6735894882993,6.40132613197245,4.57102195976774));
#4959=CARTESIAN_POINT('',(25.4,6.33888111660639,4.55316481691059));
#4960=CARTESIAN_POINT('',(25.1264105117007,6.40132613197245,4.53530767405345));
#4961=CARTESIAN_POINT('',(24.8528210234014,6.4637711473385,4.51745053119631));
#4962=CARTESIAN_POINT('',(24.6334192886147,6.63873819230556,4.49959338833917));
#4963=CARTESIAN_POINT('',(24.414017553828,6.81370523727261,4.48173624548202));
#4964=CARTESIAN_POINT('',(24.292258776914,7.06653994275496,4.46387910262488));
#4965=CARTESIAN_POINT('',(24.1705,7.31937464823731,4.44602195976774));
#4966=CARTESIAN_POINT('',(24.1705,7.6,4.42816481691059));
#4967=CARTESIAN_POINT('',(24.1705,7.88062535176269,4.41030767405345));
#4968=CARTESIAN_POINT('',(24.292258776914,8.13346005724504,4.39245053119631));
#4969=CARTESIAN_POINT('',(24.414017553828,8.38629476272739,4.37459338833917));
#4970=CARTESIAN_POINT('',(24.6334192886147,8.56126180769444,4.35673624548202));
#4971=CARTESIAN_POINT('',(24.8528210234014,8.7362288526615,4.33887910262488));
#4972=CARTESIAN_POINT('',(25.1264105117007,8.79867386802755,4.32102195976774));
#4973=CARTESIAN_POINT('',(25.4,8.86111888339361,4.30316481691059));
#4974=CARTESIAN_POINT('',(25.6735894882993,8.79867386802755,4.28530767405345));
#4975=CARTESIAN_POINT('',(25.9471789765986,8.7362288526615,4.26745053119631));
#4976=CARTESIAN_POINT('',(26.1665807113853,8.56126180769444,4.24959338833917));
#4977=CARTESIAN_POINT('',(26.3859824461721,8.38629476272739,4.23173624548202));
#4978=CARTESIAN_POINT('',(26.507741223086,8.13346005724504,4.21387910262488));
#4979=CARTESIAN_POINT('',(26.6295,7.88062535176269,4.19602195976774));
#4980=CARTESIAN_POINT('',(26.6295,7.60000000000001,4.17816481691059));
#4981=CARTESIAN_POINT('',(26.6295,7.31937464823731,4.16030767405345));
#4982=CARTESIAN_POINT('',(26.507741223086,7.06653994275496,4.14245053119631));
#4983=CARTESIAN_POINT('',(26.3859824461721,6.81370523727262,4.12459338833917));
#4984=CARTESIAN_POINT('',(26.1665807113853,6.63873819230556,4.10673624548202));
#4985=CARTESIAN_POINT('',(25.9471789765986,6.4637711473385,4.08887910262488));
#4986=CARTESIAN_POINT('',(25.6735894882993,6.40132613197245,4.07102195976774));
#4987=CARTESIAN_POINT('',(25.4,6.33888111660639,4.05316481691059));
#4988=CARTESIAN_POINT('',(25.1264105117007,6.40132613197244,4.03530767405345));
#4989=CARTESIAN_POINT('',(24.8528210234014,6.4637711473385,4.01745053119631));
#4990=CARTESIAN_POINT('',(24.6334192886147,6.63873819230556,3.99959338833917));
#4991=CARTESIAN_POINT('',(24.414017553828,6.81370523727261,3.98173624548202));
#4992=CARTESIAN_POINT('',(24.292258776914,7.06653994275496,3.96387910262488));
#4993=CARTESIAN_POINT('',(24.1705,7.31937464823731,3.94602195976774));
#4994=CARTESIAN_POINT('',(24.1705,7.6,3.92816481691059));
#4995=CARTESIAN_POINT('',(24.1705,7.88062535176269,3.91030767405345));
#4996=CARTESIAN_POINT('',(24.292258776914,8.13346005724503,3.89245053119631));
#4997=CARTESIAN_POINT('',(24.414017553828,8.38629476272739,3.87459338833917));
#4998=CARTESIAN_POINT('',(24.6334192886147,8.56126180769444,3.85673624548202));
#4999=CARTESIAN_POINT('',(24.8528210234014,8.7362288526615,3.83887910262488));
#5000=CARTESIAN_POINT('',(25.1264105117007,8.79867386802755,3.82102195976774));
#5001=CARTESIAN_POINT('',(25.4,8.86111888339361,3.80316481691059));
#5002=CARTESIAN_POINT('',(25.6735894882993,8.79867386802755,3.78530767405345));
#5003=CARTESIAN_POINT('',(25.9471789765986,8.7362288526615,3.76745053119631));
#5004=CARTESIAN_POINT('',(26.1665807113853,8.56126180769445,3.74959338833917));
#5005=CARTESIAN_POINT('',(26.3859824461721,8.38629476272739,3.73173624548202));
#5006=CARTESIAN_POINT('',(26.507741223086,8.13346005724504,3.71387910262488));
#5007=CARTESIAN_POINT('',(26.6295,7.88062535176269,3.69602195976774));
#5008=CARTESIAN_POINT('',(26.6295,7.6,3.67816481691059));
#5009=CARTESIAN_POINT('',(26.6295,7.31937464823731,3.66030767405345));
#5010=CARTESIAN_POINT('',(26.507741223086,7.06653994275496,3.64245053119631));
#5011=CARTESIAN_POINT('',(26.3859824461721,6.81370523727262,3.62459338833917));
#5012=CARTESIAN_POINT('',(26.1665807113853,6.63873819230556,3.60673624548202));
#5013=CARTESIAN_POINT('',(25.9471789765986,6.4637711473385,3.58887910262488));
#5014=CARTESIAN_POINT('',(25.6735894882993,6.40132613197245,3.57102195976774));
#5015=CARTESIAN_POINT('',(25.4,6.33888111660639,3.55316481691059));
#5016=CARTESIAN_POINT('',(25.1264105117007,6.40132613197245,3.53530767405345));
#5017=CARTESIAN_POINT('',(24.8528210234014,6.4637711473385,3.51745053119631));
#5018=CARTESIAN_POINT('',(24.6334192886147,6.63873819230555,3.49959338833917));
#5019=CARTESIAN_POINT('',(24.414017553828,6.81370523727261,3.48173624548202));
#5020=CARTESIAN_POINT('',(24.292258776914,7.06653994275495,3.46387910262488));
#5021=CARTESIAN_POINT('',(24.1705,7.31937464823731,3.44602195976774));
#5022=CARTESIAN_POINT('',(24.1705,7.6,3.42816481691059));
#5023=CARTESIAN_POINT('',(24.1705,7.88062535176269,3.41030767405345));
#5024=CARTESIAN_POINT('',(24.292258776914,8.13346005724504,3.39245053119631));
#5025=CARTESIAN_POINT('',(24.414017553828,8.38629476272739,3.37459338833917));
#5026=CARTESIAN_POINT('',(24.6334192886147,8.56126180769444,3.35673624548202));
#5027=CARTESIAN_POINT('',(24.8528210234014,8.7362288526615,3.33887910262488));
#5028=CARTESIAN_POINT('',(25.1264105117007,8.79867386802755,3.32102195976774));
#5029=CARTESIAN_POINT('',(25.4,8.86111888339361,3.30316481691059));
#5030=CARTESIAN_POINT('',(25.6735894882993,8.79867386802755,3.28530767405345));
#5031=CARTESIAN_POINT('',(25.9471789765986,8.7362288526615,3.26745053119631));
#5032=CARTESIAN_POINT('',(26.1665807113853,8.56126180769444,3.24959338833917));
#5033=CARTESIAN_POINT('',(26.3859824461721,8.38629476272739,3.23173624548202));
#5034=CARTESIAN_POINT('',(26.507741223086,8.13346005724504,3.21387910262488));
#5035=CARTESIAN_POINT('',(26.6295,7.88062535176269,3.19602195976774));
#5036=CARTESIAN_POINT('',(26.6295,7.60000000000001,3.17816481691059));
#5037=CARTESIAN_POINT('',(26.6295,7.31937464823731,3.16030767405345));
#5038=CARTESIAN_POINT('',(26.507741223086,7.06653994275496,3.14245053119631));
#5039=CARTESIAN_POINT('',(26.3859824461721,6.81370523727262,3.12459338833917));
#5040=CARTESIAN_POINT('',(26.1665807113853,6.63873819230556,3.10673624548202));
#5041=CARTESIAN_POINT('',(25.9471789765986,6.4637711473385,3.08887910262488));
#5042=CARTESIAN_POINT('',(25.6735894882993,6.40132613197245,3.07102195976774));
#5043=CARTESIAN_POINT('',(25.4,6.33888111660639,3.05316481691059));
#5044=CARTESIAN_POINT('',(25.1264105117007,6.40132613197244,3.03530767405345));
#5045=CARTESIAN_POINT('',(24.8528210234014,6.4637711473385,3.01745053119631));
#5046=CARTESIAN_POINT('',(24.6334192886147,6.63873819230555,2.99959338833917));
#5047=CARTESIAN_POINT('',(24.414017553828,6.81370523727261,2.98173624548202));
#5048=CARTESIAN_POINT('',(24.292258776914,7.06653994275496,2.96387910262488));
#5049=CARTESIAN_POINT('',(24.1705,7.31937464823731,2.94602195976774));
#5050=CARTESIAN_POINT('',(24.1705,7.6,2.92816481691059));
#5051=CARTESIAN_POINT('',(24.1705,7.6,7.55316481691059));
#5052=CARTESIAN_POINT('',(24.1705,7.88062535176269,7.53530767405345));
#5053=CARTESIAN_POINT('',(24.292258776914,8.13346005724504,7.51745053119631));
#5054=CARTESIAN_POINT('',(24.414017553828,8.38629476272739,7.49959338833917));
#5055=CARTESIAN_POINT('',(24.6334192886147,8.56126180769444,7.48173624548202));
#5056=CARTESIAN_POINT('',(24.8528210234014,8.7362288526615,7.46387910262488));
#5057=CARTESIAN_POINT('',(25.1264105117007,8.79867386802755,7.44602195976774));
#5058=CARTESIAN_POINT('',(25.4,8.86111888339361,7.42816481691059));
#5059=CARTESIAN_POINT('',(25.6735894882993,8.79867386802755,7.41030767405345));
#5060=CARTESIAN_POINT('',(25.9471789765986,8.7362288526615,7.39245053119631));
#5061=CARTESIAN_POINT('',(26.1665807113853,8.56126180769444,7.37459338833917));
#5062=CARTESIAN_POINT('',(26.3859824461721,8.38629476272739,7.35673624548202));
#5063=CARTESIAN_POINT('',(26.507741223086,8.13346005724504,7.33887910262488));
#5064=CARTESIAN_POINT('',(26.6295,7.88062535176269,7.32102195976774));
#5065=CARTESIAN_POINT('',(26.6295,7.6,7.30316481691059));
#5066=CARTESIAN_POINT('',(26.6295,7.31937464823731,7.28530767405345));
#5067=CARTESIAN_POINT('',(26.507741223086,7.06653994275496,7.26745053119631));
#5068=CARTESIAN_POINT('',(26.3859824461721,6.81370523727261,7.24959338833917));
#5069=CARTESIAN_POINT('',(26.1665807113853,6.63873819230556,7.23173624548202));
#5070=CARTESIAN_POINT('',(25.9471789765986,6.4637711473385,7.21387910262488));
#5071=CARTESIAN_POINT('',(25.6735894882993,6.40132613197245,7.19602195976774));
#5072=CARTESIAN_POINT('',(25.4,6.33888111660639,7.17816481691059));
#5073=CARTESIAN_POINT('',(25.1264105117007,6.40132613197245,7.16030767405345));
#5074=CARTESIAN_POINT('',(24.8528210234014,6.4637711473385,7.14245053119631));
#5075=CARTESIAN_POINT('',(24.6334192886147,6.63873819230556,7.12459338833917));
#5076=CARTESIAN_POINT('',(24.414017553828,6.81370523727261,7.10673624548202));
#5077=CARTESIAN_POINT('',(24.292258776914,7.06653994275496,7.08887910262488));
#5078=CARTESIAN_POINT('',(24.1705,7.31937464823731,7.07102195976774));
#5079=CARTESIAN_POINT('',(24.1705,7.6,7.05316481691059));
#5080=CARTESIAN_POINT('',(24.1705,7.88062535176269,7.03530767405345));
#5081=CARTESIAN_POINT('',(24.292258776914,8.13346005724504,7.01745053119631));
#5082=CARTESIAN_POINT('',(24.414017553828,8.38629476272739,6.99959338833917));
#5083=CARTESIAN_POINT('',(24.6334192886147,8.56126180769444,6.98173624548202));
#5084=CARTESIAN_POINT('',(24.8528210234014,8.7362288526615,6.96387910262488));
#5085=CARTESIAN_POINT('',(25.1264105117007,8.79867386802755,6.94602195976774));
#5086=CARTESIAN_POINT('',(25.4,8.86111888339361,6.92816481691059));
#5087=CARTESIAN_POINT('',(25.6735894882993,8.79867386802755,6.91030767405345));
#5088=CARTESIAN_POINT('',(25.9471789765986,8.7362288526615,6.89245053119631));
#5089=CARTESIAN_POINT('',(26.1665807113853,8.56126180769444,6.87459338833917));
#5090=CARTESIAN_POINT('',(26.3859824461721,8.38629476272739,6.85673624548202));
#5091=CARTESIAN_POINT('',(26.507741223086,8.13346005724504,6.83887910262488));
#5092=CARTESIAN_POINT('',(26.6295,7.88062535176269,6.82102195976774));
#5093=CARTESIAN_POINT('',(26.6295,7.6,6.80316481691059));
#5094=CARTESIAN_POINT('',(26.6295,7.31937464823731,6.78530767405345));
#5095=CARTESIAN_POINT('',(26.507741223086,7.06653994275496,6.76745053119631));
#5096=CARTESIAN_POINT('',(26.3859824461721,6.81370523727261,6.74959338833917));
#5097=CARTESIAN_POINT('',(26.1665807113853,6.63873819230556,6.73173624548202));
#5098=CARTESIAN_POINT('',(25.9471789765986,6.4637711473385,6.71387910262488));
#5099=CARTESIAN_POINT('',(25.6735894882993,6.40132613197245,6.69602195976774));
#5100=CARTESIAN_POINT('',(25.4,6.33888111660639,6.67816481691059));
#5101=CARTESIAN_POINT('',(25.1264105117007,6.40132613197245,6.66030767405345));
#5102=CARTESIAN_POINT('',(24.8528210234014,6.4637711473385,6.64245053119631));
#5103=CARTESIAN_POINT('',(24.6334192886147,6.63873819230556,6.62459338833917));
#5104=CARTESIAN_POINT('',(24.414017553828,6.81370523727261,6.60673624548202));
#5105=CARTESIAN_POINT('',(24.292258776914,7.06653994275496,6.58887910262488));
#5106=CARTESIAN_POINT('',(24.1705,7.31937464823731,6.57102195976774));
#5107=CARTESIAN_POINT('',(24.1705,7.6,6.55316481691059));
#5108=CARTESIAN_POINT('',(24.1705,7.88062535176269,6.53530767405345));
#5109=CARTESIAN_POINT('',(24.292258776914,8.13346005724504,6.51745053119631));
#5110=CARTESIAN_POINT('',(24.414017553828,8.38629476272739,6.49959338833917));
#5111=CARTESIAN_POINT('',(24.6334192886147,8.56126180769444,6.48173624548202));
#5112=CARTESIAN_POINT('',(24.8528210234014,8.7362288526615,6.46387910262488));
#5113=CARTESIAN_POINT('',(25.1264105117007,8.79867386802755,6.44602195976774));
#5114=CARTESIAN_POINT('',(25.4,8.86111888339361,6.42816481691059));
#5115=CARTESIAN_POINT('',(25.6735894882993,8.79867386802755,6.41030767405345));
#5116=CARTESIAN_POINT('',(25.9471789765986,8.7362288526615,6.39245053119631));
#5117=CARTESIAN_POINT('',(26.1665807113853,8.56126180769444,6.37459338833917));
#5118=CARTESIAN_POINT('',(26.3859824461721,8.38629476272739,6.35673624548202));
#5119=CARTESIAN_POINT('',(26.507741223086,8.13346005724504,6.33887910262488));
#5120=CARTESIAN_POINT('',(26.6295,7.88062535176269,6.32102195976774));
#5121=CARTESIAN_POINT('',(26.6295,7.6,6.30316481691059));
#5122=CARTESIAN_POINT('',(26.6295,7.31937464823731,6.28530767405345));
#5123=CARTESIAN_POINT('',(26.507741223086,7.06653994275496,6.26745053119631));
#5124=CARTESIAN_POINT('',(26.3859824461721,6.81370523727262,6.24959338833917));
#5125=CARTESIAN_POINT('',(26.1665807113853,6.63873819230556,6.23173624548202));
#5126=CARTESIAN_POINT('',(25.9471789765986,6.4637711473385,6.21387910262488));
#5127=CARTESIAN_POINT('',(25.6735894882993,6.40132613197245,6.19602195976774));
#5128=CARTESIAN_POINT('',(25.4,6.33888111660639,6.17816481691059));
#5129=CARTESIAN_POINT('',(25.1264105117007,6.40132613197245,6.16030767405345));
#5130=CARTESIAN_POINT('',(24.8528210234014,6.4637711473385,6.14245053119631));
#5131=CARTESIAN_POINT('',(24.6334192886147,6.63873819230556,6.12459338833917));
#5132=CARTESIAN_POINT('',(24.414017553828,6.81370523727261,6.10673624548202));
#5133=CARTESIAN_POINT('',(24.292258776914,7.06653994275496,6.08887910262488));
#5134=CARTESIAN_POINT('',(24.1705,7.31937464823731,6.07102195976774));
#5135=CARTESIAN_POINT('',(24.1705,7.6,6.05316481691059));
#5136=CARTESIAN_POINT('',(24.1705,7.88062535176269,6.03530767405345));
#5137=CARTESIAN_POINT('',(24.292258776914,8.13346005724504,6.01745053119631));
#5138=CARTESIAN_POINT('',(24.414017553828,8.38629476272739,5.99959338833917));
#5139=CARTESIAN_POINT('',(24.6334192886147,8.56126180769444,5.98173624548202));
#5140=CARTESIAN_POINT('',(24.8528210234014,8.7362288526615,5.96387910262488));
#5141=CARTESIAN_POINT('',(25.1264105117007,8.79867386802755,5.94602195976774));
#5142=CARTESIAN_POINT('',(25.4,8.86111888339361,5.92816481691059));
#5143=CARTESIAN_POINT('',(25.6735894882993,8.79867386802755,5.91030767405345));
#5144=CARTESIAN_POINT('',(25.9471789765986,8.7362288526615,5.89245053119631));
#5145=CARTESIAN_POINT('',(26.1665807113853,8.56126180769444,5.87459338833917));
#5146=CARTESIAN_POINT('',(26.3859824461721,8.38629476272738,5.85673624548202));
#5147=CARTESIAN_POINT('',(26.507741223086,8.13346005724504,5.83887910262488));
#5148=CARTESIAN_POINT('',(26.6295,7.88062535176269,5.82102195976774));
#5149=CARTESIAN_POINT('',(26.6295,7.6,5.80316481691059));
#5150=CARTESIAN_POINT('',(26.6295,7.31937464823731,5.78530767405345));
#5151=CARTESIAN_POINT('',(26.507741223086,7.06653994275496,5.76745053119631));
#5152=CARTESIAN_POINT('',(26.3859824461721,6.81370523727262,5.74959338833917));
#5153=CARTESIAN_POINT('',(26.1665807113853,6.63873819230556,5.73173624548202));
#5154=CARTESIAN_POINT('',(25.9471789765986,6.4637711473385,5.71387910262488));
#5155=CARTESIAN_POINT('',(25.6735894882993,6.40132613197245,5.69602195976774));
#5156=CARTESIAN_POINT('',(25.4,6.33888111660639,5.67816481691059));
#5157=CARTESIAN_POINT('',(25.1264105117007,6.40132613197245,5.66030767405345));
#5158=CARTESIAN_POINT('',(24.8528210234014,6.4637711473385,5.64245053119631));
#5159=CARTESIAN_POINT('',(24.6334192886147,6.63873819230556,5.62459338833917));
#5160=CARTESIAN_POINT('',(24.414017553828,6.81370523727261,5.60673624548202));
#5161=CARTESIAN_POINT('',(24.292258776914,7.06653994275496,5.58887910262488));
#5162=CARTESIAN_POINT('',(24.1705,7.31937464823731,5.57102195976774));
#5163=CARTESIAN_POINT('',(24.1705,7.6,5.55316481691059));
#5164=CARTESIAN_POINT('',(24.1705,7.88062535176269,5.53530767405345));
#5165=CARTESIAN_POINT('',(24.292258776914,8.13346005724504,5.51745053119631));
#5166=CARTESIAN_POINT('',(24.414017553828,8.38629476272739,5.49959338833917));
#5167=CARTESIAN_POINT('',(24.6334192886147,8.56126180769444,5.48173624548202));
#5168=CARTESIAN_POINT('',(24.8528210234014,8.7362288526615,5.46387910262488));
#5169=CARTESIAN_POINT('',(25.1264105117007,8.79867386802755,5.44602195976774));
#5170=CARTESIAN_POINT('',(25.4,8.86111888339361,5.42816481691059));
#5171=CARTESIAN_POINT('',(25.6735894882993,8.79867386802755,5.41030767405345));
#5172=CARTESIAN_POINT('',(25.9471789765986,8.7362288526615,5.39245053119631));
#5173=CARTESIAN_POINT('',(26.1665807113853,8.56126180769444,5.37459338833917));
#5174=CARTESIAN_POINT('',(26.3859824461721,8.38629476272738,5.35673624548202));
#5175=CARTESIAN_POINT('',(26.507741223086,8.13346005724504,5.33887910262488));
#5176=CARTESIAN_POINT('',(26.6295,7.88062535176269,5.32102195976774));
#5177=CARTESIAN_POINT('',(26.6295,7.6,5.30316481691059));
#5178=CARTESIAN_POINT('',(26.6295,7.31937464823731,5.28530767405345));
#5179=CARTESIAN_POINT('',(26.507741223086,7.06653994275496,5.26745053119631));
#5180=CARTESIAN_POINT('',(26.3859824461721,6.81370523727262,5.24959338833917));
#5181=CARTESIAN_POINT('',(26.1665807113853,6.63873819230556,5.23173624548202));
#5182=CARTESIAN_POINT('',(25.9471789765986,6.4637711473385,5.21387910262488));
#5183=CARTESIAN_POINT('',(25.6735894882993,6.40132613197245,5.19602195976774));
#5184=CARTESIAN_POINT('',(25.4,6.33888111660639,5.17816481691059));
#5185=CARTESIAN_POINT('',(25.1264105117007,6.40132613197245,5.16030767405345));
#5186=CARTESIAN_POINT('',(24.8528210234014,6.4637711473385,5.14245053119631));
#5187=CARTESIAN_POINT('',(24.6334192886147,6.63873819230556,5.12459338833917));
#5188=CARTESIAN_POINT('',(24.414017553828,6.81370523727261,5.10673624548202));
#5189=CARTESIAN_POINT('',(24.292258776914,7.06653994275496,5.08887910262488));
#5190=CARTESIAN_POINT('',(24.1705,7.31937464823731,5.07102195976774));
#5191=CARTESIAN_POINT('',(24.1705,7.6,5.05316481691059));
#5192=CARTESIAN_POINT('',(24.1705,7.88062535176269,5.03530767405345));
#5193=CARTESIAN_POINT('',(24.292258776914,8.13346005724504,5.01745053119631));
#5194=CARTESIAN_POINT('',(24.414017553828,8.38629476272739,4.99959338833916));
#5195=CARTESIAN_POINT('',(24.6334192886147,8.56126180769444,4.98173624548202));
#5196=CARTESIAN_POINT('',(24.8528210234014,8.7362288526615,4.96387910262488));
#5197=CARTESIAN_POINT('',(25.1264105117007,8.79867386802755,4.94602195976774));
#5198=CARTESIAN_POINT('',(25.4,8.86111888339361,4.92816481691059));
#5199=CARTESIAN_POINT('',(25.6735894882993,8.79867386802755,4.91030767405345));
#5200=CARTESIAN_POINT('',(25.9471789765986,8.7362288526615,4.89245053119631));
#5201=CARTESIAN_POINT('',(26.1665807113853,8.56126180769444,4.87459338833917));
#5202=CARTESIAN_POINT('',(26.3859824461721,8.38629476272739,4.85673624548202));
#5203=CARTESIAN_POINT('',(26.507741223086,8.13346005724504,4.83887910262488));
#5204=CARTESIAN_POINT('',(26.6295,7.88062535176269,4.82102195976774));
#5205=CARTESIAN_POINT('',(26.6295,7.60000000000001,4.80316481691059));
#5206=CARTESIAN_POINT('',(26.6295,7.31937464823731,4.78530767405345));
#5207=CARTESIAN_POINT('',(26.507741223086,7.06653994275496,4.76745053119631));
#5208=CARTESIAN_POINT('',(26.3859824461721,6.81370523727262,4.74959338833917));
#5209=CARTESIAN_POINT('',(26.1665807113853,6.63873819230555,4.73173624548202));
#5210=CARTESIAN_POINT('',(25.9471789765986,6.4637711473385,4.71387910262488));
#5211=CARTESIAN_POINT('',(25.6735894882993,6.40132613197245,4.69602195976774));
#5212=CARTESIAN_POINT('',(25.4,6.33888111660639,4.67816481691059));
#5213=CARTESIAN_POINT('',(25.1264105117007,6.40132613197244,4.66030767405345));
#5214=CARTESIAN_POINT('',(24.8528210234014,6.4637711473385,4.64245053119631));
#5215=CARTESIAN_POINT('',(24.6334192886147,6.63873819230556,4.62459338833917));
#5216=CARTESIAN_POINT('',(24.414017553828,6.81370523727261,4.60673624548202));
#5217=CARTESIAN_POINT('',(24.292258776914,7.06653994275496,4.58887910262488));
#5218=CARTESIAN_POINT('',(24.1705,7.31937464823731,4.57102195976774));
#5219=CARTESIAN_POINT('',(24.1705,7.6,4.55316481691059));
#5220=CARTESIAN_POINT('',(24.1705,7.88062535176269,4.53530767405345));
#5221=CARTESIAN_POINT('',(24.292258776914,8.13346005724503,4.51745053119631));
#5222=CARTESIAN_POINT('',(24.414017553828,8.38629476272739,4.49959338833917));
#5223=CARTESIAN_POINT('',(24.6334192886147,8.56126180769444,4.48173624548202));
#5224=CARTESIAN_POINT('',(24.8528210234014,8.7362288526615,4.46387910262488));
#5225=CARTESIAN_POINT('',(25.1264105117007,8.79867386802755,4.44602195976774));
#5226=CARTESIAN_POINT('',(25.4,8.86111888339361,4.42816481691059));
#5227=CARTESIAN_POINT('',(25.6735894882993,8.79867386802755,4.41030767405345));
#5228=CARTESIAN_POINT('',(25.9471789765986,8.7362288526615,4.39245053119631));
#5229=CARTESIAN_POINT('',(26.1665807113853,8.56126180769445,4.37459338833917));
#5230=CARTESIAN_POINT('',(26.3859824461721,8.38629476272739,4.35673624548202));
#5231=CARTESIAN_POINT('',(26.507741223086,8.13346005724504,4.33887910262488));
#5232=CARTESIAN_POINT('',(26.6295,7.88062535176269,4.32102195976774));
#5233=CARTESIAN_POINT('',(26.6295,7.6,4.30316481691059));
#5234=CARTESIAN_POINT('',(26.6295,7.31937464823731,4.28530767405345));
#5235=CARTESIAN_POINT('',(26.507741223086,7.06653994275496,4.26745053119631));
#5236=CARTESIAN_POINT('',(26.3859824461721,6.81370523727262,4.24959338833917));
#5237=CARTESIAN_POINT('',(26.1665807113853,6.63873819230556,4.23173624548202));
#5238=CARTESIAN_POINT('',(25.9471789765986,6.4637711473385,4.21387910262488));
#5239=CARTESIAN_POINT('',(25.6735894882993,6.40132613197245,4.19602195976774));
#5240=CARTESIAN_POINT('',(25.4,6.33888111660639,4.17816481691059));
#5241=CARTESIAN_POINT('',(25.1264105117007,6.40132613197245,4.16030767405345));
#5242=CARTESIAN_POINT('',(24.8528210234014,6.4637711473385,4.14245053119631));
#5243=CARTESIAN_POINT('',(24.6334192886147,6.63873819230556,4.12459338833917));
#5244=CARTESIAN_POINT('',(24.414017553828,6.81370523727261,4.10673624548202));
#5245=CARTESIAN_POINT('',(24.292258776914,7.06653994275496,4.08887910262488));
#5246=CARTESIAN_POINT('',(24.1705,7.31937464823731,4.07102195976774));
#5247=CARTESIAN_POINT('',(24.1705,7.6,4.05316481691059));
#5248=CARTESIAN_POINT('',(24.1705,7.88062535176269,4.03530767405345));
#5249=CARTESIAN_POINT('',(24.292258776914,8.13346005724504,4.01745053119631));
#5250=CARTESIAN_POINT('',(24.414017553828,8.38629476272739,3.99959338833917));
#5251=CARTESIAN_POINT('',(24.6334192886147,8.56126180769444,3.98173624548202));
#5252=CARTESIAN_POINT('',(24.8528210234014,8.7362288526615,3.96387910262488));
#5253=CARTESIAN_POINT('',(25.1264105117007,8.79867386802755,3.94602195976774));
#5254=CARTESIAN_POINT('',(25.4,8.86111888339361,3.92816481691059));
#5255=CARTESIAN_POINT('',(25.6735894882993,8.79867386802755,3.91030767405345));
#5256=CARTESIAN_POINT('',(25.9471789765986,8.7362288526615,3.89245053119631));
#5257=CARTESIAN_POINT('',(26.1665807113853,8.56126180769444,3.87459338833917));
#5258=CARTESIAN_POINT('',(26.3859824461721,8.38629476272739,3.85673624548202));
#5259=CARTESIAN_POINT('',(26.507741223086,8.13346005724504,3.83887910262488));
#5260=CARTESIAN_POINT('',(26.6295,7.88062535176269,3.82102195976774));
#5261=CARTESIAN_POINT('',(26.6295,7.60000000000001,3.80316481691059));
#5262=CARTESIAN_POINT('',(26.6295,7.31937464823731,3.78530767405345));
#5263=CARTESIAN_POINT('',(26.507741223086,7.06653994275496,3.76745053119631));
#5264=CARTESIAN_POINT('',(26.3859824461721,6.81370523727262,3.74959338833917));
#5265=CARTESIAN_POINT('',(26.1665807113853,6.63873819230556,3.73173624548202));
#5266=CARTESIAN_POINT('',(25.9471789765986,6.4637711473385,3.71387910262488));
#5267=CARTESIAN_POINT('',(25.6735894882993,6.40132613197245,3.69602195976774));
#5268=CARTESIAN_POINT('',(25.4,6.33888111660639,3.67816481691059));
#5269=CARTESIAN_POINT('',(25.1264105117007,6.40132613197244,3.66030767405345));
#5270=CARTESIAN_POINT('',(24.8528210234014,6.4637711473385,3.64245053119631));
#5271=CARTESIAN_POINT('',(24.6334192886147,6.63873819230556,3.62459338833917));
#5272=CARTESIAN_POINT('',(24.414017553828,6.81370523727261,3.60673624548202));
#5273=CARTESIAN_POINT('',(24.292258776914,7.06653994275496,3.58887910262488));
#5274=CARTESIAN_POINT('',(24.1705,7.31937464823731,3.57102195976774));
#5275=CARTESIAN_POINT('',(24.1705,7.6,3.55316481691059));
#5276=CARTESIAN_POINT('',(24.1705,7.88062535176269,3.53530767405345));
#5277=CARTESIAN_POINT('',(24.292258776914,8.13346005724503,3.51745053119631));
#5278=CARTESIAN_POINT('',(24.414017553828,8.38629476272739,3.49959338833917));
#5279=CARTESIAN_POINT('',(24.6334192886147,8.56126180769444,3.48173624548202));
#5280=CARTESIAN_POINT('',(24.8528210234014,8.7362288526615,3.46387910262488));
#5281=CARTESIAN_POINT('',(25.1264105117007,8.79867386802755,3.44602195976774));
#5282=CARTESIAN_POINT('',(25.4,8.86111888339361,3.42816481691059));
#5283=CARTESIAN_POINT('',(25.6735894882993,8.79867386802755,3.41030767405345));
#5284=CARTESIAN_POINT('',(25.9471789765986,8.7362288526615,3.39245053119631));
#5285=CARTESIAN_POINT('',(26.1665807113853,8.56126180769445,3.37459338833917));
#5286=CARTESIAN_POINT('',(26.3859824461721,8.38629476272739,3.35673624548202));
#5287=CARTESIAN_POINT('',(26.507741223086,8.13346005724504,3.33887910262488));
#5288=CARTESIAN_POINT('',(26.6295,7.88062535176269,3.32102195976774));
#5289=CARTESIAN_POINT('',(26.6295,7.6,3.30316481691059));
#5290=CARTESIAN_POINT('',(26.6295,7.31937464823731,3.28530767405345));
#5291=CARTESIAN_POINT('',(26.507741223086,7.06653994275496,3.26745053119631));
#5292=CARTESIAN_POINT('',(26.3859824461721,6.81370523727262,3.24959338833916));
#5293=CARTESIAN_POINT('',(26.1665807113853,6.63873819230556,3.23173624548202));
#5294=CARTESIAN_POINT('',(25.9471789765986,6.4637711473385,3.21387910262488));
#5295=CARTESIAN_POINT('',(25.6735894882993,6.40132613197245,3.19602195976774));
#5296=CARTESIAN_POINT('',(25.4,6.33888111660639,3.17816481691059));
#5297=CARTESIAN_POINT('',(25.1264105117007,6.40132613197245,3.16030767405345));
#5298=CARTESIAN_POINT('',(24.8528210234014,6.4637711473385,3.14245053119631));
#5299=CARTESIAN_POINT('',(24.6334192886147,6.63873819230555,3.12459338833916));
#5300=CARTESIAN_POINT('',(24.414017553828,6.81370523727261,3.10673624548202));
#5301=CARTESIAN_POINT('',(24.292258776914,7.06653994275495,3.08887910262488));
#5302=CARTESIAN_POINT('',(24.1705,7.31937464823731,3.07102195976774));
#5303=CARTESIAN_POINT('',(24.1705,7.6,3.05316481691059));
#5304=CARTESIAN_POINT('',(24.1705,7.88062535176269,3.03530767405345));
#5305=CARTESIAN_POINT('',(24.292258776914,8.13346005724504,3.01745053119631));
#5306=CARTESIAN_POINT('',(24.414017553828,8.38629476272739,2.99959338833917));
#5307=CARTESIAN_POINT('',(24.6334192886147,8.56126180769444,2.98173624548202));
#5308=CARTESIAN_POINT('',(24.8528210234014,8.7362288526615,2.96387910262488));
#5309=CARTESIAN_POINT('',(25.1264105117007,8.79867386802755,2.94602195976774));
#5310=CARTESIAN_POINT('',(25.4,8.86111888339361,2.92816481691059));
#5311=CARTESIAN_POINT('',(25.6735894882993,8.79867386802755,2.91030767405345));
#5312=CARTESIAN_POINT('',(25.9471789765986,8.7362288526615,2.89245053119631));
#5313=CARTESIAN_POINT('',(26.1665807113853,8.56126180769444,2.87459338833917));
#5314=CARTESIAN_POINT('',(26.3859824461721,8.38629476272739,2.85673624548202));
#5315=CARTESIAN_POINT('',(26.507741223086,8.13346005724504,2.83887910262488));
#5316=CARTESIAN_POINT('',(26.6295,7.88062535176269,2.82102195976774));
#5317=CARTESIAN_POINT('',(26.6295,7.60000000000001,2.80316481691059));
#5318=CARTESIAN_POINT('',(26.6295,7.31937464823731,2.78530767405345));
#5319=CARTESIAN_POINT('',(26.507741223086,7.06653994275496,2.76745053119631));
#5320=CARTESIAN_POINT('',(26.3859824461721,6.81370523727262,2.74959338833917));
#5321=CARTESIAN_POINT('',(26.1665807113853,6.63873819230556,2.73173624548202));
#5322=CARTESIAN_POINT('',(25.9471789765986,6.4637711473385,2.71387910262488));
#5323=CARTESIAN_POINT('',(25.6735894882993,6.40132613197245,2.69602195976774));
#5324=CARTESIAN_POINT('',(25.4,6.33888111660639,2.67816481691059));
#5325=CARTESIAN_POINT('',(25.1264105117007,6.40132613197244,2.66030767405345));
#5326=CARTESIAN_POINT('',(24.8528210234014,6.4637711473385,2.64245053119631));
#5327=CARTESIAN_POINT('',(24.6334192886147,6.63873819230555,2.62459338833917));
#5328=CARTESIAN_POINT('',(24.414017553828,6.81370523727261,2.60673624548202));
#5329=CARTESIAN_POINT('',(24.292258776914,7.06653994275496,2.58887910262488));
#5330=CARTESIAN_POINT('',(24.1705,7.31937464823731,2.57102195976774));
#5331=CARTESIAN_POINT('',(24.1705,7.6,2.55316481691059));
#5332=CARTESIAN_POINT('',(-25.4,-7.6,4.55316481691059));
#5333=CARTESIAN_POINT('',(-25.4,-7.6,4.55316481691059));
#5334=CARTESIAN_POINT('',(-26.6295,-7.6,4.55316481691059));
#5335=CARTESIAN_POINT('',(-25.4,-8.8295,4.55316481691059));
#5336=CARTESIAN_POINT('',(-24.0136997499832,-7.02678934890926,4.55316481691059));
#5337=CARTESIAN_POINT('',(-23.8795027848753,-7.45912357155049,4.55316481691059));
#5338=CARTESIAN_POINT('',(-24.0325653133538,-8.44070633280442,4.55316481691059));
#5339=CARTESIAN_POINT('',(-24.9494139137174,-8.88043906512197,4.55316481691059));
#5340=CARTESIAN_POINT('',(-25.4,-8.8295,4.55316481691059));
#5341=CARTESIAN_POINT('',(-24.0136997499832,-7.02678934890923,4.55316481691059));
#5342=CARTESIAN_POINT('',(-25.4,-7.6,4.55316481691059));
#5343=CARTESIAN_POINT('',(-24.8253129692808,-6.21431112783434,4.55316481691059));
#5344=CARTESIAN_POINT('',(-26.6295,-7.6,4.55316481691059));
#5345=CARTESIAN_POINT('',(-26.6791879290435,-7.14917789923107,4.55316481691059));
#5346=CARTESIAN_POINT('',(-26.2418723956534,-6.23267742460521,4.55316481691059));
#5347=CARTESIAN_POINT('',(-25.257642738153,-6.08015397203574,4.55316481691059));
#5348=CARTESIAN_POINT('',(-24.8253129692808,-6.21431112783433,4.55316481691059));
#5349=CARTESIAN_POINT('',(-25.4,-7.6,4.55316481691059));
#5350=CARTESIAN_POINT('',(-26.6295,-7.6,7.92816481691059));
#5351=CARTESIAN_POINT('',(-26.6295,-7.31937464823731,7.91030767405345));
#5352=CARTESIAN_POINT('',(-26.507741223086,-7.06653994275496,7.89245053119631));
#5353=CARTESIAN_POINT('',(-26.3859824461721,-6.81370523727261,7.87459338833917));
#5354=CARTESIAN_POINT('',(-26.1665807113853,-6.63873819230556,7.85673624548202));
#5355=CARTESIAN_POINT('',(-25.9471789765986,-6.4637711473385,7.83887910262488));
#5356=CARTESIAN_POINT('',(-25.6735894882993,-6.40132613197245,7.82102195976774));
#5357=CARTESIAN_POINT('',(-25.4,-6.33888111660639,7.80316481691059));
#5358=CARTESIAN_POINT('',(-25.1264105117007,-6.40132613197245,7.78530767405345));
#5359=CARTESIAN_POINT('',(-24.8528210234014,-6.4637711473385,7.76745053119631));
#5360=CARTESIAN_POINT('',(-24.6334192886147,-6.63873819230556,7.74959338833917));
#5361=CARTESIAN_POINT('',(-24.414017553828,-6.81370523727261,7.73173624548202));
#5362=CARTESIAN_POINT('',(-24.292258776914,-7.06653994275496,7.71387910262488));
#5363=CARTESIAN_POINT('',(-24.1705,-7.31937464823731,7.69602195976774));
#5364=CARTESIAN_POINT('',(-24.1705,-7.6,7.67816481691059));
#5365=CARTESIAN_POINT('',(-24.1705,-7.88062535176269,7.66030767405345));
#5366=CARTESIAN_POINT('',(-24.292258776914,-8.13346005724504,7.64245053119631));
#5367=CARTESIAN_POINT('',(-24.414017553828,-8.38629476272739,7.62459338833917));
#5368=CARTESIAN_POINT('',(-24.6334192886147,-8.56126180769444,7.60673624548202));
#5369=CARTESIAN_POINT('',(-24.8528210234014,-8.7362288526615,7.58887910262488));
#5370=CARTESIAN_POINT('',(-25.1264105117007,-8.79867386802755,7.57102195976774));
#5371=CARTESIAN_POINT('',(-25.4,-8.86111888339361,7.55316481691059));
#5372=CARTESIAN_POINT('',(-25.6735894882993,-8.79867386802755,7.53530767405345));
#5373=CARTESIAN_POINT('',(-25.9471789765986,-8.7362288526615,7.51745053119631));
#5374=CARTESIAN_POINT('',(-26.1665807113853,-8.56126180769444,7.49959338833917));
#5375=CARTESIAN_POINT('',(-26.3859824461721,-8.38629476272739,7.48173624548202));
#5376=CARTESIAN_POINT('',(-26.507741223086,-8.13346005724504,7.46387910262488));
#5377=CARTESIAN_POINT('',(-26.6295,-7.88062535176269,7.44602195976774));
#5378=CARTESIAN_POINT('',(-26.6295,-7.6,7.42816481691059));
#5379=CARTESIAN_POINT('',(-26.6295,-7.31937464823731,7.41030767405345));
#5380=CARTESIAN_POINT('',(-26.507741223086,-7.06653994275496,7.39245053119631));
#5381=CARTESIAN_POINT('',(-26.3859824461721,-6.81370523727261,7.37459338833917));
#5382=CARTESIAN_POINT('',(-26.1665807113853,-6.63873819230556,7.35673624548202));
#5383=CARTESIAN_POINT('',(-25.9471789765986,-6.4637711473385,7.33887910262488));
#5384=CARTESIAN_POINT('',(-25.6735894882993,-6.40132613197245,7.32102195976774));
#5385=CARTESIAN_POINT('',(-25.4,-6.33888111660639,7.30316481691059));
#5386=CARTESIAN_POINT('',(-25.1264105117007,-6.40132613197245,7.28530767405345));
#5387=CARTESIAN_POINT('',(-24.8528210234014,-6.4637711473385,7.26745053119631));
#5388=CARTESIAN_POINT('',(-24.6334192886147,-6.63873819230556,7.24959338833917));
#5389=CARTESIAN_POINT('',(-24.414017553828,-6.81370523727261,7.23173624548202));
#5390=CARTESIAN_POINT('',(-24.292258776914,-7.06653994275496,7.21387910262488));
#5391=CARTESIAN_POINT('',(-24.1705,-7.31937464823731,7.19602195976774));
#5392=CARTESIAN_POINT('',(-24.1705,-7.6,7.17816481691059));
#5393=CARTESIAN_POINT('',(-24.1705,-7.88062535176269,7.16030767405345));
#5394=CARTESIAN_POINT('',(-24.292258776914,-8.13346005724504,7.14245053119631));
#5395=CARTESIAN_POINT('',(-24.414017553828,-8.38629476272739,7.12459338833917));
#5396=CARTESIAN_POINT('',(-24.6334192886147,-8.56126180769444,7.10673624548202));
#5397=CARTESIAN_POINT('',(-24.8528210234014,-8.7362288526615,7.08887910262488));
#5398=CARTESIAN_POINT('',(-25.1264105117007,-8.79867386802755,7.07102195976774));
#5399=CARTESIAN_POINT('',(-25.4,-8.86111888339361,7.05316481691059));
#5400=CARTESIAN_POINT('',(-25.6735894882993,-8.79867386802755,7.03530767405345));
#5401=CARTESIAN_POINT('',(-25.9471789765986,-8.7362288526615,7.01745053119631));
#5402=CARTESIAN_POINT('',(-26.1665807113853,-8.56126180769444,6.99959338833917));
#5403=CARTESIAN_POINT('',(-26.3859824461721,-8.38629476272739,6.98173624548202));
#5404=CARTESIAN_POINT('',(-26.507741223086,-8.13346005724504,6.96387910262488));
#5405=CARTESIAN_POINT('',(-26.6295,-7.88062535176269,6.94602195976774));
#5406=CARTESIAN_POINT('',(-26.6295,-7.6,6.92816481691059));
#5407=CARTESIAN_POINT('',(-26.6295,-7.31937464823731,6.91030767405345));
#5408=CARTESIAN_POINT('',(-26.507741223086,-7.06653994275496,6.89245053119631));
#5409=CARTESIAN_POINT('',(-26.3859824461721,-6.81370523727261,6.87459338833917));
#5410=CARTESIAN_POINT('',(-26.1665807113853,-6.63873819230556,6.85673624548202));
#5411=CARTESIAN_POINT('',(-25.9471789765986,-6.4637711473385,6.83887910262488));
#5412=CARTESIAN_POINT('',(-25.6735894882993,-6.40132613197245,6.82102195976774));
#5413=CARTESIAN_POINT('',(-25.4,-6.33888111660639,6.80316481691059));
#5414=CARTESIAN_POINT('',(-25.1264105117007,-6.40132613197245,6.78530767405345));
#5415=CARTESIAN_POINT('',(-24.8528210234014,-6.4637711473385,6.76745053119631));
#5416=CARTESIAN_POINT('',(-24.6334192886147,-6.63873819230556,6.74959338833917));
#5417=CARTESIAN_POINT('',(-24.414017553828,-6.81370523727261,6.73173624548202));
#5418=CARTESIAN_POINT('',(-24.292258776914,-7.06653994275496,6.71387910262488));
#5419=CARTESIAN_POINT('',(-24.1705,-7.31937464823731,6.69602195976774));
#5420=CARTESIAN_POINT('',(-24.1705,-7.6,6.67816481691059));
#5421=CARTESIAN_POINT('',(-24.1705,-7.88062535176269,6.66030767405345));
#5422=CARTESIAN_POINT('',(-24.292258776914,-8.13346005724504,6.64245053119631));
#5423=CARTESIAN_POINT('',(-24.414017553828,-8.38629476272738,6.62459338833917));
#5424=CARTESIAN_POINT('',(-24.6334192886147,-8.56126180769444,6.60673624548202));
#5425=CARTESIAN_POINT('',(-24.8528210234014,-8.7362288526615,6.58887910262488));
#5426=CARTESIAN_POINT('',(-25.1264105117007,-8.79867386802755,6.57102195976774));
#5427=CARTESIAN_POINT('',(-25.4,-8.86111888339361,6.55316481691059));
#5428=CARTESIAN_POINT('',(-25.6735894882993,-8.79867386802755,6.53530767405345));
#5429=CARTESIAN_POINT('',(-25.9471789765986,-8.7362288526615,6.51745053119631));
#5430=CARTESIAN_POINT('',(-26.1665807113853,-8.56126180769444,6.49959338833917));
#5431=CARTESIAN_POINT('',(-26.385982446172,-8.38629476272739,6.48173624548202));
#5432=CARTESIAN_POINT('',(-26.507741223086,-8.13346005724504,6.46387910262488));
#5433=CARTESIAN_POINT('',(-26.6295,-7.88062535176269,6.44602195976774));
#5434=CARTESIAN_POINT('',(-26.6295,-7.6,6.42816481691059));
#5435=CARTESIAN_POINT('',(-26.6295,-7.31937464823731,6.41030767405345));
#5436=CARTESIAN_POINT('',(-26.507741223086,-7.06653994275496,6.39245053119631));
#5437=CARTESIAN_POINT('',(-26.385982446172,-6.81370523727261,6.37459338833917));
#5438=CARTESIAN_POINT('',(-26.1665807113853,-6.63873819230556,6.35673624548202));
#5439=CARTESIAN_POINT('',(-25.9471789765986,-6.4637711473385,6.33887910262488));
#5440=CARTESIAN_POINT('',(-25.6735894882993,-6.40132613197245,6.32102195976774));
#5441=CARTESIAN_POINT('',(-25.4,-6.33888111660639,6.30316481691059));
#5442=CARTESIAN_POINT('',(-25.1264105117007,-6.40132613197245,6.28530767405345));
#5443=CARTESIAN_POINT('',(-24.8528210234014,-6.4637711473385,6.26745053119631));
#5444=CARTESIAN_POINT('',(-24.6334192886147,-6.63873819230556,6.24959338833917));
#5445=CARTESIAN_POINT('',(-24.414017553828,-6.81370523727261,6.23173624548202));
#5446=CARTESIAN_POINT('',(-24.292258776914,-7.06653994275496,6.21387910262488));
#5447=CARTESIAN_POINT('',(-24.1705,-7.31937464823731,6.19602195976774));
#5448=CARTESIAN_POINT('',(-24.1705,-7.6,6.17816481691059));
#5449=CARTESIAN_POINT('',(-24.1705,-7.88062535176269,6.16030767405345));
#5450=CARTESIAN_POINT('',(-24.292258776914,-8.13346005724504,6.14245053119631));
#5451=CARTESIAN_POINT('',(-24.414017553828,-8.38629476272738,6.12459338833917));
#5452=CARTESIAN_POINT('',(-24.6334192886147,-8.56126180769444,6.10673624548202));
#5453=CARTESIAN_POINT('',(-24.8528210234014,-8.7362288526615,6.08887910262488));
#5454=CARTESIAN_POINT('',(-25.1264105117007,-8.79867386802755,6.07102195976774));
#5455=CARTESIAN_POINT('',(-25.4,-8.86111888339361,6.05316481691059));
#5456=CARTESIAN_POINT('',(-25.6735894882993,-8.79867386802755,6.03530767405345));
#5457=CARTESIAN_POINT('',(-25.9471789765986,-8.7362288526615,6.01745053119631));
#5458=CARTESIAN_POINT('',(-26.1665807113853,-8.56126180769444,5.99959338833917));
#5459=CARTESIAN_POINT('',(-26.385982446172,-8.38629476272739,5.98173624548202));
#5460=CARTESIAN_POINT('',(-26.507741223086,-8.13346005724504,5.96387910262488));
#5461=CARTESIAN_POINT('',(-26.6295,-7.88062535176269,5.94602195976774));
#5462=CARTESIAN_POINT('',(-26.6295,-7.6,5.92816481691059));
#5463=CARTESIAN_POINT('',(-26.6295,-7.31937464823731,5.91030767405345));
#5464=CARTESIAN_POINT('',(-26.507741223086,-7.06653994275496,5.89245053119631));
#5465=CARTESIAN_POINT('',(-26.3859824461721,-6.81370523727261,5.87459338833917));
#5466=CARTESIAN_POINT('',(-26.1665807113853,-6.63873819230556,5.85673624548202));
#5467=CARTESIAN_POINT('',(-25.9471789765986,-6.4637711473385,5.83887910262488));
#5468=CARTESIAN_POINT('',(-25.6735894882993,-6.40132613197245,5.82102195976774));
#5469=CARTESIAN_POINT('',(-25.4,-6.33888111660639,5.80316481691059));
#5470=CARTESIAN_POINT('',(-25.1264105117007,-6.40132613197245,5.78530767405345));
#5471=CARTESIAN_POINT('',(-24.8528210234014,-6.4637711473385,5.76745053119631));
#5472=CARTESIAN_POINT('',(-24.6334192886147,-6.63873819230556,5.74959338833917));
#5473=CARTESIAN_POINT('',(-24.414017553828,-6.81370523727261,5.73173624548202));
#5474=CARTESIAN_POINT('',(-24.292258776914,-7.06653994275496,5.71387910262488));
#5475=CARTESIAN_POINT('',(-24.1705,-7.31937464823731,5.69602195976774));
#5476=CARTESIAN_POINT('',(-24.1705,-7.6,5.67816481691059));
#5477=CARTESIAN_POINT('',(-24.1705,-7.88062535176269,5.66030767405345));
#5478=CARTESIAN_POINT('',(-24.292258776914,-8.13346005724504,5.64245053119631));
#5479=CARTESIAN_POINT('',(-24.414017553828,-8.38629476272738,5.62459338833917));
#5480=CARTESIAN_POINT('',(-24.6334192886147,-8.56126180769444,5.60673624548202));
#5481=CARTESIAN_POINT('',(-24.8528210234014,-8.7362288526615,5.58887910262488));
#5482=CARTESIAN_POINT('',(-25.1264105117007,-8.79867386802755,5.57102195976774));
#5483=CARTESIAN_POINT('',(-25.4,-8.86111888339361,5.55316481691059));
#5484=CARTESIAN_POINT('',(-25.6735894882993,-8.79867386802755,5.53530767405345));
#5485=CARTESIAN_POINT('',(-25.9471789765986,-8.7362288526615,5.51745053119631));
#5486=CARTESIAN_POINT('',(-26.1665807113853,-8.56126180769444,5.49959338833917));
#5487=CARTESIAN_POINT('',(-26.385982446172,-8.38629476272739,5.48173624548202));
#5488=CARTESIAN_POINT('',(-26.507741223086,-8.13346005724504,5.46387910262488));
#5489=CARTESIAN_POINT('',(-26.6295,-7.88062535176269,5.44602195976774));
#5490=CARTESIAN_POINT('',(-26.6295,-7.6,5.42816481691059));
#5491=CARTESIAN_POINT('',(-26.6295,-7.31937464823731,5.41030767405345));
#5492=CARTESIAN_POINT('',(-26.507741223086,-7.06653994275496,5.39245053119631));
#5493=CARTESIAN_POINT('',(-26.3859824461721,-6.81370523727261,5.37459338833917));
#5494=CARTESIAN_POINT('',(-26.1665807113853,-6.63873819230556,5.35673624548202));
#5495=CARTESIAN_POINT('',(-25.9471789765986,-6.4637711473385,5.33887910262488));
#5496=CARTESIAN_POINT('',(-25.6735894882993,-6.40132613197245,5.32102195976774));
#5497=CARTESIAN_POINT('',(-25.4,-6.33888111660639,5.30316481691059));
#5498=CARTESIAN_POINT('',(-25.1264105117007,-6.40132613197245,5.28530767405345));
#5499=CARTESIAN_POINT('',(-24.8528210234014,-6.4637711473385,5.26745053119631));
#5500=CARTESIAN_POINT('',(-24.6334192886147,-6.63873819230556,5.24959338833917));
#5501=CARTESIAN_POINT('',(-24.414017553828,-6.81370523727261,5.23173624548202));
#5502=CARTESIAN_POINT('',(-24.292258776914,-7.06653994275496,5.21387910262488));
#5503=CARTESIAN_POINT('',(-24.1705,-7.31937464823731,5.19602195976774));
#5504=CARTESIAN_POINT('',(-24.1705,-7.59999999999999,5.17816481691059));
#5505=CARTESIAN_POINT('',(-24.1705,-7.88062535176269,5.16030767405345));
#5506=CARTESIAN_POINT('',(-24.292258776914,-8.13346005724504,5.14245053119631));
#5507=CARTESIAN_POINT('',(-24.4140175538279,-8.38629476272738,5.12459338833917));
#5508=CARTESIAN_POINT('',(-24.6334192886147,-8.56126180769444,5.10673624548202));
#5509=CARTESIAN_POINT('',(-24.8528210234014,-8.7362288526615,5.08887910262488));
#5510=CARTESIAN_POINT('',(-25.1264105117007,-8.79867386802755,5.07102195976774));
#5511=CARTESIAN_POINT('',(-25.4,-8.86111888339361,5.05316481691059));
#5512=CARTESIAN_POINT('',(-25.6735894882993,-8.79867386802755,5.03530767405345));
#5513=CARTESIAN_POINT('',(-25.9471789765986,-8.7362288526615,5.01745053119631));
#5514=CARTESIAN_POINT('',(-26.1665807113853,-8.56126180769444,4.99959338833917));
#5515=CARTESIAN_POINT('',(-26.385982446172,-8.38629476272739,4.98173624548202));
#5516=CARTESIAN_POINT('',(-26.507741223086,-8.13346005724503,4.96387910262488));
#5517=CARTESIAN_POINT('',(-26.6295,-7.88062535176269,4.94602195976774));
#5518=CARTESIAN_POINT('',(-26.6295,-7.6,4.92816481691059));
#5519=CARTESIAN_POINT('',(-26.6295,-7.31937464823731,4.91030767405345));
#5520=CARTESIAN_POINT('',(-26.507741223086,-7.06653994275497,4.89245053119631));
#5521=CARTESIAN_POINT('',(-26.3859824461721,-6.81370523727261,4.87459338833917));
#5522=CARTESIAN_POINT('',(-26.1665807113853,-6.63873819230556,4.85673624548202));
#5523=CARTESIAN_POINT('',(-25.9471789765986,-6.4637711473385,4.83887910262488));
#5524=CARTESIAN_POINT('',(-25.6735894882993,-6.40132613197245,4.82102195976774));
#5525=CARTESIAN_POINT('',(-25.4,-6.33888111660639,4.80316481691059));
#5526=CARTESIAN_POINT('',(-25.1264105117007,-6.40132613197245,4.78530767405345));
#5527=CARTESIAN_POINT('',(-24.8528210234014,-6.4637711473385,4.76745053119631));
#5528=CARTESIAN_POINT('',(-24.6334192886147,-6.63873819230555,4.74959338833917));
#5529=CARTESIAN_POINT('',(-24.414017553828,-6.81370523727261,4.73173624548202));
#5530=CARTESIAN_POINT('',(-24.292258776914,-7.06653994275496,4.71387910262488));
#5531=CARTESIAN_POINT('',(-24.1705,-7.31937464823731,4.69602195976774));
#5532=CARTESIAN_POINT('',(-24.1705,-7.6,4.67816481691059));
#5533=CARTESIAN_POINT('',(-24.1705,-7.88062535176269,4.66030767405345));
#5534=CARTESIAN_POINT('',(-24.292258776914,-8.13346005724504,4.64245053119631));
#5535=CARTESIAN_POINT('',(-24.4140175538279,-8.38629476272738,4.62459338833917));
#5536=CARTESIAN_POINT('',(-24.6334192886147,-8.56126180769444,4.60673624548202));
#5537=CARTESIAN_POINT('',(-24.8528210234014,-8.7362288526615,4.58887910262488));
#5538=CARTESIAN_POINT('',(-25.1264105117007,-8.79867386802755,4.57102195976774));
#5539=CARTESIAN_POINT('',(-25.4,-8.86111888339361,4.55316481691059));
#5540=CARTESIAN_POINT('',(-25.6735894882993,-8.79867386802755,4.53530767405345));
#5541=CARTESIAN_POINT('',(-25.9471789765986,-8.7362288526615,4.51745053119631));
#5542=CARTESIAN_POINT('',(-26.1665807113853,-8.56126180769444,4.49959338833917));
#5543=CARTESIAN_POINT('',(-26.385982446172,-8.38629476272739,4.48173624548202));
#5544=CARTESIAN_POINT('',(-26.507741223086,-8.13346005724504,4.46387910262488));
#5545=CARTESIAN_POINT('',(-26.6295,-7.88062535176269,4.44602195976774));
#5546=CARTESIAN_POINT('',(-26.6295,-7.6,4.42816481691059));
#5547=CARTESIAN_POINT('',(-26.6295,-7.31937464823731,4.41030767405345));
#5548=CARTESIAN_POINT('',(-26.507741223086,-7.06653994275496,4.39245053119631));
#5549=CARTESIAN_POINT('',(-26.3859824461721,-6.81370523727261,4.37459338833917));
#5550=CARTESIAN_POINT('',(-26.1665807113853,-6.63873819230556,4.35673624548202));
#5551=CARTESIAN_POINT('',(-25.9471789765986,-6.4637711473385,4.33887910262488));
#5552=CARTESIAN_POINT('',(-25.6735894882993,-6.40132613197245,4.32102195976774));
#5553=CARTESIAN_POINT('',(-25.4,-6.33888111660639,4.30316481691059));
#5554=CARTESIAN_POINT('',(-25.1264105117007,-6.40132613197245,4.28530767405345));
#5555=CARTESIAN_POINT('',(-24.8528210234014,-6.4637711473385,4.26745053119631));
#5556=CARTESIAN_POINT('',(-24.6334192886147,-6.63873819230556,4.24959338833917));
#5557=CARTESIAN_POINT('',(-24.414017553828,-6.81370523727261,4.23173624548202));
#5558=CARTESIAN_POINT('',(-24.292258776914,-7.06653994275496,4.21387910262488));
#5559=CARTESIAN_POINT('',(-24.1705,-7.31937464823731,4.19602195976774));
#5560=CARTESIAN_POINT('',(-24.1705,-7.59999999999999,4.17816481691059));
#5561=CARTESIAN_POINT('',(-24.1705,-7.88062535176269,4.16030767405345));
#5562=CARTESIAN_POINT('',(-24.292258776914,-8.13346005724504,4.14245053119631));
#5563=CARTESIAN_POINT('',(-24.4140175538279,-8.38629476272738,4.12459338833917));
#5564=CARTESIAN_POINT('',(-24.6334192886147,-8.56126180769444,4.10673624548202));
#5565=CARTESIAN_POINT('',(-24.8528210234014,-8.7362288526615,4.08887910262488));
#5566=CARTESIAN_POINT('',(-25.1264105117007,-8.79867386802755,4.07102195976774));
#5567=CARTESIAN_POINT('',(-25.4,-8.86111888339361,4.05316481691059));
#5568=CARTESIAN_POINT('',(-25.6735894882993,-8.79867386802755,4.03530767405345));
#5569=CARTESIAN_POINT('',(-25.9471789765986,-8.7362288526615,4.01745053119631));
#5570=CARTESIAN_POINT('',(-26.1665807113853,-8.56126180769444,3.99959338833917));
#5571=CARTESIAN_POINT('',(-26.385982446172,-8.38629476272739,3.98173624548202));
#5572=CARTESIAN_POINT('',(-26.507741223086,-8.13346005724504,3.96387910262488));
#5573=CARTESIAN_POINT('',(-26.6295,-7.88062535176269,3.94602195976774));
#5574=CARTESIAN_POINT('',(-26.6295,-7.6,3.92816481691059));
#5575=CARTESIAN_POINT('',(-26.6295,-7.31937464823731,3.91030767405345));
#5576=CARTESIAN_POINT('',(-26.507741223086,-7.06653994275497,3.89245053119631));
#5577=CARTESIAN_POINT('',(-26.3859824461721,-6.81370523727261,3.87459338833917));
#5578=CARTESIAN_POINT('',(-26.1665807113853,-6.63873819230556,3.85673624548202));
#5579=CARTESIAN_POINT('',(-25.9471789765986,-6.4637711473385,3.83887910262488));
#5580=CARTESIAN_POINT('',(-25.6735894882993,-6.40132613197245,3.82102195976774));
#5581=CARTESIAN_POINT('',(-25.4,-6.33888111660639,3.80316481691059));
#5582=CARTESIAN_POINT('',(-25.1264105117007,-6.40132613197245,3.78530767405345));
#5583=CARTESIAN_POINT('',(-24.8528210234014,-6.4637711473385,3.76745053119631));
#5584=CARTESIAN_POINT('',(-24.6334192886147,-6.63873819230555,3.74959338833917));
#5585=CARTESIAN_POINT('',(-24.414017553828,-6.81370523727261,3.73173624548202));
#5586=CARTESIAN_POINT('',(-24.292258776914,-7.06653994275496,3.71387910262488));
#5587=CARTESIAN_POINT('',(-24.1705,-7.31937464823731,3.69602195976774));
#5588=CARTESIAN_POINT('',(-24.1705,-7.6,3.67816481691059));
#5589=CARTESIAN_POINT('',(-24.1705,-7.88062535176269,3.66030767405345));
#5590=CARTESIAN_POINT('',(-24.292258776914,-8.13346005724503,3.64245053119631));
#5591=CARTESIAN_POINT('',(-24.4140175538279,-8.38629476272738,3.62459338833917));
#5592=CARTESIAN_POINT('',(-24.6334192886147,-8.56126180769444,3.60673624548202));
#5593=CARTESIAN_POINT('',(-24.8528210234014,-8.7362288526615,3.58887910262488));
#5594=CARTESIAN_POINT('',(-25.1264105117007,-8.79867386802755,3.57102195976774));
#5595=CARTESIAN_POINT('',(-25.4,-8.86111888339361,3.55316481691059));
#5596=CARTESIAN_POINT('',(-25.6735894882993,-8.79867386802755,3.53530767405345));
#5597=CARTESIAN_POINT('',(-25.9471789765986,-8.7362288526615,3.51745053119631));
#5598=CARTESIAN_POINT('',(-26.1665807113853,-8.56126180769444,3.49959338833917));
#5599=CARTESIAN_POINT('',(-26.385982446172,-8.38629476272739,3.48173624548202));
#5600=CARTESIAN_POINT('',(-26.507741223086,-8.13346005724504,3.46387910262488));
#5601=CARTESIAN_POINT('',(-26.6295,-7.88062535176269,3.44602195976774));
#5602=CARTESIAN_POINT('',(-26.6295,-7.6,3.42816481691059));
#5603=CARTESIAN_POINT('',(-26.6295,-7.31937464823732,3.41030767405345));
#5604=CARTESIAN_POINT('',(-26.507741223086,-7.06653994275496,3.39245053119631));
#5605=CARTESIAN_POINT('',(-26.3859824461721,-6.81370523727261,3.37459338833917));
#5606=CARTESIAN_POINT('',(-26.1665807113853,-6.63873819230556,3.35673624548202));
#5607=CARTESIAN_POINT('',(-25.9471789765986,-6.4637711473385,3.33887910262488));
#5608=CARTESIAN_POINT('',(-25.6735894882993,-6.40132613197245,3.32102195976774));
#5609=CARTESIAN_POINT('',(-25.4,-6.33888111660639,3.30316481691059));
#5610=CARTESIAN_POINT('',(-25.1264105117007,-6.40132613197245,3.28530767405345));
#5611=CARTESIAN_POINT('',(-24.8528210234014,-6.4637711473385,3.26745053119631));
#5612=CARTESIAN_POINT('',(-24.6334192886147,-6.63873819230556,3.24959338833917));
#5613=CARTESIAN_POINT('',(-24.414017553828,-6.81370523727261,3.23173624548202));
#5614=CARTESIAN_POINT('',(-24.292258776914,-7.06653994275496,3.21387910262488));
#5615=CARTESIAN_POINT('',(-24.1705,-7.31937464823731,3.19602195976774));
#5616=CARTESIAN_POINT('',(-24.1705,-7.59999999999999,3.17816481691059));
#5617=CARTESIAN_POINT('',(-24.1705,-7.88062535176269,3.16030767405345));
#5618=CARTESIAN_POINT('',(-24.292258776914,-8.13346005724503,3.14245053119631));
#5619=CARTESIAN_POINT('',(-24.4140175538279,-8.38629476272738,3.12459338833917));
#5620=CARTESIAN_POINT('',(-24.6334192886147,-8.56126180769444,3.10673624548202));
#5621=CARTESIAN_POINT('',(-24.8528210234014,-8.7362288526615,3.08887910262488));
#5622=CARTESIAN_POINT('',(-25.1264105117007,-8.79867386802755,3.07102195976774));
#5623=CARTESIAN_POINT('',(-25.4,-8.86111888339361,3.05316481691059));
#5624=CARTESIAN_POINT('',(-25.6735894882993,-8.79867386802756,3.03530767405345));
#5625=CARTESIAN_POINT('',(-25.9471789765986,-8.7362288526615,3.01745053119631));
#5626=CARTESIAN_POINT('',(-26.1665807113853,-8.56126180769444,2.99959338833917));
#5627=CARTESIAN_POINT('',(-26.385982446172,-8.38629476272739,2.98173624548202));
#5628=CARTESIAN_POINT('',(-26.507741223086,-8.13346005724504,2.96387910262488));
#5629=CARTESIAN_POINT('',(-26.6295,-7.88062535176269,2.94602195976774));
#5630=CARTESIAN_POINT('',(-26.6295,-7.6,2.92816481691059));
#5631=CARTESIAN_POINT('',(-26.6295,-7.6,7.55316481691059));
#5632=CARTESIAN_POINT('',(-26.6295,-7.31937464823731,7.53530767405345));
#5633=CARTESIAN_POINT('',(-26.507741223086,-7.06653994275496,7.51745053119631));
#5634=CARTESIAN_POINT('',(-26.3859824461721,-6.81370523727261,7.49959338833917));
#5635=CARTESIAN_POINT('',(-26.1665807113853,-6.63873819230556,7.48173624548202));
#5636=CARTESIAN_POINT('',(-25.9471789765986,-6.4637711473385,7.46387910262488));
#5637=CARTESIAN_POINT('',(-25.6735894882993,-6.40132613197245,7.44602195976774));
#5638=CARTESIAN_POINT('',(-25.4,-6.33888111660639,7.42816481691059));
#5639=CARTESIAN_POINT('',(-25.1264105117007,-6.40132613197245,7.41030767405345));
#5640=CARTESIAN_POINT('',(-24.8528210234014,-6.4637711473385,7.39245053119631));
#5641=CARTESIAN_POINT('',(-24.6334192886147,-6.63873819230556,7.37459338833917));
#5642=CARTESIAN_POINT('',(-24.414017553828,-6.81370523727261,7.35673624548202));
#5643=CARTESIAN_POINT('',(-24.292258776914,-7.06653994275496,7.33887910262488));
#5644=CARTESIAN_POINT('',(-24.1705,-7.31937464823731,7.32102195976774));
#5645=CARTESIAN_POINT('',(-24.1705,-7.6,7.30316481691059));
#5646=CARTESIAN_POINT('',(-24.1705,-7.88062535176269,7.28530767405345));
#5647=CARTESIAN_POINT('',(-24.292258776914,-8.13346005724504,7.26745053119631));
#5648=CARTESIAN_POINT('',(-24.414017553828,-8.38629476272739,7.24959338833917));
#5649=CARTESIAN_POINT('',(-24.6334192886147,-8.56126180769444,7.23173624548202));
#5650=CARTESIAN_POINT('',(-24.8528210234014,-8.7362288526615,7.21387910262488));
#5651=CARTESIAN_POINT('',(-25.1264105117007,-8.79867386802755,7.19602195976774));
#5652=CARTESIAN_POINT('',(-25.4,-8.86111888339361,7.17816481691059));
#5653=CARTESIAN_POINT('',(-25.6735894882993,-8.79867386802755,7.16030767405345));
#5654=CARTESIAN_POINT('',(-25.9471789765986,-8.7362288526615,7.14245053119631));
#5655=CARTESIAN_POINT('',(-26.1665807113853,-8.56126180769444,7.12459338833917));
#5656=CARTESIAN_POINT('',(-26.3859824461721,-8.38629476272739,7.10673624548202));
#5657=CARTESIAN_POINT('',(-26.507741223086,-8.13346005724504,7.08887910262488));
#5658=CARTESIAN_POINT('',(-26.6295,-7.88062535176269,7.07102195976774));
#5659=CARTESIAN_POINT('',(-26.6295,-7.6,7.05316481691059));
#5660=CARTESIAN_POINT('',(-26.6295,-7.31937464823731,7.03530767405345));
#5661=CARTESIAN_POINT('',(-26.507741223086,-7.06653994275496,7.01745053119631));
#5662=CARTESIAN_POINT('',(-26.3859824461721,-6.81370523727261,6.99959338833917));
#5663=CARTESIAN_POINT('',(-26.1665807113853,-6.63873819230556,6.98173624548202));
#5664=CARTESIAN_POINT('',(-25.9471789765986,-6.4637711473385,6.96387910262488));
#5665=CARTESIAN_POINT('',(-25.6735894882993,-6.40132613197245,6.94602195976774));
#5666=CARTESIAN_POINT('',(-25.4,-6.33888111660639,6.92816481691059));
#5667=CARTESIAN_POINT('',(-25.1264105117007,-6.40132613197245,6.91030767405345));
#5668=CARTESIAN_POINT('',(-24.8528210234014,-6.4637711473385,6.89245053119631));
#5669=CARTESIAN_POINT('',(-24.6334192886147,-6.63873819230556,6.87459338833917));
#5670=CARTESIAN_POINT('',(-24.414017553828,-6.81370523727261,6.85673624548202));
#5671=CARTESIAN_POINT('',(-24.292258776914,-7.06653994275496,6.83887910262488));
#5672=CARTESIAN_POINT('',(-24.1705,-7.31937464823731,6.82102195976774));
#5673=CARTESIAN_POINT('',(-24.1705,-7.6,6.80316481691059));
#5674=CARTESIAN_POINT('',(-24.1705,-7.88062535176269,6.78530767405345));
#5675=CARTESIAN_POINT('',(-24.292258776914,-8.13346005724504,6.76745053119631));
#5676=CARTESIAN_POINT('',(-24.414017553828,-8.38629476272739,6.74959338833917));
#5677=CARTESIAN_POINT('',(-24.6334192886147,-8.56126180769444,6.73173624548202));
#5678=CARTESIAN_POINT('',(-24.8528210234014,-8.7362288526615,6.71387910262488));
#5679=CARTESIAN_POINT('',(-25.1264105117007,-8.79867386802755,6.69602195976774));
#5680=CARTESIAN_POINT('',(-25.4,-8.86111888339361,6.67816481691059));
#5681=CARTESIAN_POINT('',(-25.6735894882993,-8.79867386802755,6.66030767405345));
#5682=CARTESIAN_POINT('',(-25.9471789765986,-8.7362288526615,6.64245053119631));
#5683=CARTESIAN_POINT('',(-26.1665807113853,-8.56126180769444,6.62459338833917));
#5684=CARTESIAN_POINT('',(-26.3859824461721,-8.38629476272739,6.60673624548202));
#5685=CARTESIAN_POINT('',(-26.507741223086,-8.13346005724504,6.58887910262488));
#5686=CARTESIAN_POINT('',(-26.6295,-7.88062535176269,6.57102195976774));
#5687=CARTESIAN_POINT('',(-26.6295,-7.6,6.55316481691059));
#5688=CARTESIAN_POINT('',(-26.6295,-7.31937464823731,6.53530767405345));
#5689=CARTESIAN_POINT('',(-26.507741223086,-7.06653994275496,6.51745053119631));
#5690=CARTESIAN_POINT('',(-26.3859824461721,-6.81370523727261,6.49959338833917));
#5691=CARTESIAN_POINT('',(-26.1665807113853,-6.63873819230556,6.48173624548202));
#5692=CARTESIAN_POINT('',(-25.9471789765986,-6.4637711473385,6.46387910262488));
#5693=CARTESIAN_POINT('',(-25.6735894882993,-6.40132613197245,6.44602195976774));
#5694=CARTESIAN_POINT('',(-25.4,-6.33888111660639,6.42816481691059));
#5695=CARTESIAN_POINT('',(-25.1264105117007,-6.40132613197245,6.41030767405345));
#5696=CARTESIAN_POINT('',(-24.8528210234014,-6.4637711473385,6.39245053119631));
#5697=CARTESIAN_POINT('',(-24.6334192886147,-6.63873819230556,6.37459338833917));
#5698=CARTESIAN_POINT('',(-24.414017553828,-6.81370523727261,6.35673624548202));
#5699=CARTESIAN_POINT('',(-24.292258776914,-7.06653994275496,6.33887910262488));
#5700=CARTESIAN_POINT('',(-24.1705,-7.31937464823731,6.32102195976774));
#5701=CARTESIAN_POINT('',(-24.1705,-7.6,6.30316481691059));
#5702=CARTESIAN_POINT('',(-24.1705,-7.88062535176269,6.28530767405345));
#5703=CARTESIAN_POINT('',(-24.292258776914,-8.13346005724504,6.26745053119631));
#5704=CARTESIAN_POINT('',(-24.414017553828,-8.38629476272738,6.24959338833917));
#5705=CARTESIAN_POINT('',(-24.6334192886147,-8.56126180769444,6.23173624548202));
#5706=CARTESIAN_POINT('',(-24.8528210234014,-8.7362288526615,6.21387910262488));
#5707=CARTESIAN_POINT('',(-25.1264105117007,-8.79867386802755,6.19602195976774));
#5708=CARTESIAN_POINT('',(-25.4,-8.86111888339361,6.17816481691059));
#5709=CARTESIAN_POINT('',(-25.6735894882993,-8.79867386802755,6.16030767405345));
#5710=CARTESIAN_POINT('',(-25.9471789765986,-8.7362288526615,6.14245053119631));
#5711=CARTESIAN_POINT('',(-26.1665807113853,-8.56126180769444,6.12459338833917));
#5712=CARTESIAN_POINT('',(-26.385982446172,-8.38629476272739,6.10673624548202));
#5713=CARTESIAN_POINT('',(-26.507741223086,-8.13346005724504,6.08887910262488));
#5714=CARTESIAN_POINT('',(-26.6295,-7.88062535176269,6.07102195976774));
#5715=CARTESIAN_POINT('',(-26.6295,-7.6,6.05316481691059));
#5716=CARTESIAN_POINT('',(-26.6295,-7.31937464823731,6.03530767405345));
#5717=CARTESIAN_POINT('',(-26.507741223086,-7.06653994275496,6.01745053119631));
#5718=CARTESIAN_POINT('',(-26.385982446172,-6.81370523727261,5.99959338833917));
#5719=CARTESIAN_POINT('',(-26.1665807113853,-6.63873819230556,5.98173624548202));
#5720=CARTESIAN_POINT('',(-25.9471789765986,-6.4637711473385,5.96387910262488));
#5721=CARTESIAN_POINT('',(-25.6735894882993,-6.40132613197245,5.94602195976774));
#5722=CARTESIAN_POINT('',(-25.4,-6.33888111660639,5.92816481691059));
#5723=CARTESIAN_POINT('',(-25.1264105117007,-6.40132613197245,5.91030767405345));
#5724=CARTESIAN_POINT('',(-24.8528210234014,-6.4637711473385,5.89245053119631));
#5725=CARTESIAN_POINT('',(-24.6334192886147,-6.63873819230556,5.87459338833917));
#5726=CARTESIAN_POINT('',(-24.414017553828,-6.81370523727261,5.85673624548202));
#5727=CARTESIAN_POINT('',(-24.292258776914,-7.06653994275496,5.83887910262488));
#5728=CARTESIAN_POINT('',(-24.1705,-7.31937464823731,5.82102195976774));
#5729=CARTESIAN_POINT('',(-24.1705,-7.6,5.80316481691059));
#5730=CARTESIAN_POINT('',(-24.1705,-7.88062535176269,5.78530767405345));
#5731=CARTESIAN_POINT('',(-24.292258776914,-8.13346005724504,5.76745053119631));
#5732=CARTESIAN_POINT('',(-24.414017553828,-8.38629476272738,5.74959338833917));
#5733=CARTESIAN_POINT('',(-24.6334192886147,-8.56126180769444,5.73173624548202));
#5734=CARTESIAN_POINT('',(-24.8528210234014,-8.7362288526615,5.71387910262488));
#5735=CARTESIAN_POINT('',(-25.1264105117007,-8.79867386802755,5.69602195976774));
#5736=CARTESIAN_POINT('',(-25.4,-8.86111888339361,5.67816481691059));
#5737=CARTESIAN_POINT('',(-25.6735894882993,-8.79867386802755,5.66030767405345));
#5738=CARTESIAN_POINT('',(-25.9471789765986,-8.7362288526615,5.64245053119631));
#5739=CARTESIAN_POINT('',(-26.1665807113853,-8.56126180769444,5.62459338833917));
#5740=CARTESIAN_POINT('',(-26.385982446172,-8.38629476272739,5.60673624548202));
#5741=CARTESIAN_POINT('',(-26.507741223086,-8.13346005724504,5.58887910262488));
#5742=CARTESIAN_POINT('',(-26.6295,-7.88062535176269,5.57102195976774));
#5743=CARTESIAN_POINT('',(-26.6295,-7.6,5.55316481691059));
#5744=CARTESIAN_POINT('',(-26.6295,-7.31937464823731,5.53530767405345));
#5745=CARTESIAN_POINT('',(-26.507741223086,-7.06653994275496,5.51745053119631));
#5746=CARTESIAN_POINT('',(-26.3859824461721,-6.81370523727261,5.49959338833917));
#5747=CARTESIAN_POINT('',(-26.1665807113853,-6.63873819230556,5.48173624548202));
#5748=CARTESIAN_POINT('',(-25.9471789765986,-6.4637711473385,5.46387910262488));
#5749=CARTESIAN_POINT('',(-25.6735894882993,-6.40132613197245,5.44602195976774));
#5750=CARTESIAN_POINT('',(-25.4,-6.33888111660639,5.42816481691059));
#5751=CARTESIAN_POINT('',(-25.1264105117007,-6.40132613197245,5.41030767405345));
#5752=CARTESIAN_POINT('',(-24.8528210234014,-6.4637711473385,5.39245053119631));
#5753=CARTESIAN_POINT('',(-24.6334192886147,-6.63873819230556,5.37459338833917));
#5754=CARTESIAN_POINT('',(-24.414017553828,-6.81370523727261,5.35673624548202));
#5755=CARTESIAN_POINT('',(-24.292258776914,-7.06653994275496,5.33887910262488));
#5756=CARTESIAN_POINT('',(-24.1705,-7.31937464823731,5.32102195976774));
#5757=CARTESIAN_POINT('',(-24.1705,-7.6,5.30316481691059));
#5758=CARTESIAN_POINT('',(-24.1705,-7.88062535176269,5.28530767405345));
#5759=CARTESIAN_POINT('',(-24.292258776914,-8.13346005724504,5.26745053119631));
#5760=CARTESIAN_POINT('',(-24.414017553828,-8.38629476272738,5.24959338833917));
#5761=CARTESIAN_POINT('',(-24.6334192886147,-8.56126180769444,5.23173624548202));
#5762=CARTESIAN_POINT('',(-24.8528210234014,-8.7362288526615,5.21387910262488));
#5763=CARTESIAN_POINT('',(-25.1264105117007,-8.79867386802755,5.19602195976774));
#5764=CARTESIAN_POINT('',(-25.4,-8.86111888339361,5.17816481691059));
#5765=CARTESIAN_POINT('',(-25.6735894882993,-8.79867386802755,5.16030767405345));
#5766=CARTESIAN_POINT('',(-25.9471789765986,-8.7362288526615,5.14245053119631));
#5767=CARTESIAN_POINT('',(-26.1665807113853,-8.56126180769444,5.12459338833917));
#5768=CARTESIAN_POINT('',(-26.385982446172,-8.38629476272739,5.10673624548202));
#5769=CARTESIAN_POINT('',(-26.507741223086,-8.13346005724504,5.08887910262488));
#5770=CARTESIAN_POINT('',(-26.6295,-7.88062535176269,5.07102195976774));
#5771=CARTESIAN_POINT('',(-26.6295,-7.6,5.05316481691059));
#5772=CARTESIAN_POINT('',(-26.6295,-7.31937464823731,5.03530767405345));
#5773=CARTESIAN_POINT('',(-26.507741223086,-7.06653994275496,5.01745053119631));
#5774=CARTESIAN_POINT('',(-26.3859824461721,-6.81370523727261,4.99959338833916));
#5775=CARTESIAN_POINT('',(-26.1665807113853,-6.63873819230556,4.98173624548202));
#5776=CARTESIAN_POINT('',(-25.9471789765986,-6.4637711473385,4.96387910262488));
#5777=CARTESIAN_POINT('',(-25.6735894882993,-6.40132613197245,4.94602195976774));
#5778=CARTESIAN_POINT('',(-25.4,-6.33888111660639,4.92816481691059));
#5779=CARTESIAN_POINT('',(-25.1264105117007,-6.40132613197245,4.91030767405345));
#5780=CARTESIAN_POINT('',(-24.8528210234014,-6.4637711473385,4.89245053119631));
#5781=CARTESIAN_POINT('',(-24.6334192886147,-6.63873819230556,4.87459338833917));
#5782=CARTESIAN_POINT('',(-24.414017553828,-6.81370523727261,4.85673624548202));
#5783=CARTESIAN_POINT('',(-24.292258776914,-7.06653994275496,4.83887910262488));
#5784=CARTESIAN_POINT('',(-24.1705,-7.31937464823731,4.82102195976774));
#5785=CARTESIAN_POINT('',(-24.1705,-7.59999999999999,4.80316481691059));
#5786=CARTESIAN_POINT('',(-24.1705,-7.88062535176269,4.78530767405345));
#5787=CARTESIAN_POINT('',(-24.292258776914,-8.13346005724504,4.76745053119631));
#5788=CARTESIAN_POINT('',(-24.4140175538279,-8.38629476272738,4.74959338833917));
#5789=CARTESIAN_POINT('',(-24.6334192886147,-8.56126180769444,4.73173624548202));
#5790=CARTESIAN_POINT('',(-24.8528210234014,-8.7362288526615,4.71387910262488));
#5791=CARTESIAN_POINT('',(-25.1264105117007,-8.79867386802755,4.69602195976774));
#5792=CARTESIAN_POINT('',(-25.4,-8.86111888339361,4.67816481691059));
#5793=CARTESIAN_POINT('',(-25.6735894882993,-8.79867386802755,4.66030767405345));
#5794=CARTESIAN_POINT('',(-25.9471789765986,-8.7362288526615,4.64245053119631));
#5795=CARTESIAN_POINT('',(-26.1665807113853,-8.56126180769444,4.62459338833917));
#5796=CARTESIAN_POINT('',(-26.385982446172,-8.38629476272739,4.60673624548202));
#5797=CARTESIAN_POINT('',(-26.507741223086,-8.13346005724503,4.58887910262488));
#5798=CARTESIAN_POINT('',(-26.6295,-7.88062535176269,4.57102195976774));
#5799=CARTESIAN_POINT('',(-26.6295,-7.6,4.55316481691059));
#5800=CARTESIAN_POINT('',(-26.6295,-7.31937464823731,4.53530767405345));
#5801=CARTESIAN_POINT('',(-26.507741223086,-7.06653994275497,4.51745053119631));
#5802=CARTESIAN_POINT('',(-26.3859824461721,-6.81370523727261,4.49959338833917));
#5803=CARTESIAN_POINT('',(-26.1665807113853,-6.63873819230556,4.48173624548202));
#5804=CARTESIAN_POINT('',(-25.9471789765986,-6.4637711473385,4.46387910262488));
#5805=CARTESIAN_POINT('',(-25.6735894882993,-6.40132613197245,4.44602195976774));
#5806=CARTESIAN_POINT('',(-25.4,-6.33888111660639,4.42816481691059));
#5807=CARTESIAN_POINT('',(-25.1264105117007,-6.40132613197245,4.41030767405345));
#5808=CARTESIAN_POINT('',(-24.8528210234014,-6.4637711473385,4.39245053119631));
#5809=CARTESIAN_POINT('',(-24.6334192886147,-6.63873819230555,4.37459338833917));
#5810=CARTESIAN_POINT('',(-24.414017553828,-6.81370523727261,4.35673624548202));
#5811=CARTESIAN_POINT('',(-24.292258776914,-7.06653994275496,4.33887910262488));
#5812=CARTESIAN_POINT('',(-24.1705,-7.31937464823731,4.32102195976774));
#5813=CARTESIAN_POINT('',(-24.1705,-7.6,4.30316481691059));
#5814=CARTESIAN_POINT('',(-24.1705,-7.88062535176269,4.28530767405345));
#5815=CARTESIAN_POINT('',(-24.292258776914,-8.13346005724504,4.26745053119631));
#5816=CARTESIAN_POINT('',(-24.4140175538279,-8.38629476272738,4.24959338833917));
#5817=CARTESIAN_POINT('',(-24.6334192886147,-8.56126180769444,4.23173624548202));
#5818=CARTESIAN_POINT('',(-24.8528210234014,-8.7362288526615,4.21387910262488));
#5819=CARTESIAN_POINT('',(-25.1264105117007,-8.79867386802755,4.19602195976774));
#5820=CARTESIAN_POINT('',(-25.4,-8.86111888339361,4.17816481691059));
#5821=CARTESIAN_POINT('',(-25.6735894882993,-8.79867386802755,4.16030767405345));
#5822=CARTESIAN_POINT('',(-25.9471789765986,-8.7362288526615,4.14245053119631));
#5823=CARTESIAN_POINT('',(-26.1665807113853,-8.56126180769444,4.12459338833917));
#5824=CARTESIAN_POINT('',(-26.385982446172,-8.38629476272739,4.10673624548202));
#5825=CARTESIAN_POINT('',(-26.507741223086,-8.13346005724504,4.08887910262488));
#5826=CARTESIAN_POINT('',(-26.6295,-7.88062535176269,4.07102195976774));
#5827=CARTESIAN_POINT('',(-26.6295,-7.6,4.05316481691059));
#5828=CARTESIAN_POINT('',(-26.6295,-7.31937464823731,4.03530767405345));
#5829=CARTESIAN_POINT('',(-26.507741223086,-7.06653994275496,4.01745053119631));
#5830=CARTESIAN_POINT('',(-26.3859824461721,-6.81370523727261,3.99959338833917));
#5831=CARTESIAN_POINT('',(-26.1665807113853,-6.63873819230556,3.98173624548202));
#5832=CARTESIAN_POINT('',(-25.9471789765986,-6.4637711473385,3.96387910262488));
#5833=CARTESIAN_POINT('',(-25.6735894882993,-6.40132613197245,3.94602195976774));
#5834=CARTESIAN_POINT('',(-25.4,-6.33888111660639,3.92816481691059));
#5835=CARTESIAN_POINT('',(-25.1264105117007,-6.40132613197245,3.91030767405345));
#5836=CARTESIAN_POINT('',(-24.8528210234014,-6.4637711473385,3.89245053119631));
#5837=CARTESIAN_POINT('',(-24.6334192886147,-6.63873819230556,3.87459338833917));
#5838=CARTESIAN_POINT('',(-24.414017553828,-6.81370523727261,3.85673624548202));
#5839=CARTESIAN_POINT('',(-24.292258776914,-7.06653994275496,3.83887910262488));
#5840=CARTESIAN_POINT('',(-24.1705,-7.31937464823731,3.82102195976774));
#5841=CARTESIAN_POINT('',(-24.1705,-7.59999999999999,3.80316481691059));
#5842=CARTESIAN_POINT('',(-24.1705,-7.88062535176269,3.78530767405345));
#5843=CARTESIAN_POINT('',(-24.292258776914,-8.13346005724504,3.76745053119631));
#5844=CARTESIAN_POINT('',(-24.4140175538279,-8.38629476272738,3.74959338833917));
#5845=CARTESIAN_POINT('',(-24.6334192886147,-8.56126180769444,3.73173624548202));
#5846=CARTESIAN_POINT('',(-24.8528210234014,-8.7362288526615,3.71387910262488));
#5847=CARTESIAN_POINT('',(-25.1264105117007,-8.79867386802755,3.69602195976774));
#5848=CARTESIAN_POINT('',(-25.4,-8.86111888339361,3.67816481691059));
#5849=CARTESIAN_POINT('',(-25.6735894882993,-8.79867386802755,3.66030767405345));
#5850=CARTESIAN_POINT('',(-25.9471789765986,-8.7362288526615,3.64245053119631));
#5851=CARTESIAN_POINT('',(-26.1665807113853,-8.56126180769444,3.62459338833917));
#5852=CARTESIAN_POINT('',(-26.385982446172,-8.38629476272739,3.60673624548202));
#5853=CARTESIAN_POINT('',(-26.507741223086,-8.13346005724504,3.58887910262488));
#5854=CARTESIAN_POINT('',(-26.6295,-7.88062535176269,3.57102195976774));
#5855=CARTESIAN_POINT('',(-26.6295,-7.6,3.55316481691059));
#5856=CARTESIAN_POINT('',(-26.6295,-7.31937464823731,3.53530767405345));
#5857=CARTESIAN_POINT('',(-26.507741223086,-7.06653994275497,3.51745053119631));
#5858=CARTESIAN_POINT('',(-26.3859824461721,-6.81370523727261,3.49959338833917));
#5859=CARTESIAN_POINT('',(-26.1665807113853,-6.63873819230556,3.48173624548202));
#5860=CARTESIAN_POINT('',(-25.9471789765986,-6.4637711473385,3.46387910262488));
#5861=CARTESIAN_POINT('',(-25.6735894882993,-6.40132613197245,3.44602195976774));
#5862=CARTESIAN_POINT('',(-25.4,-6.33888111660639,3.42816481691059));
#5863=CARTESIAN_POINT('',(-25.1264105117007,-6.40132613197245,3.41030767405345));
#5864=CARTESIAN_POINT('',(-24.8528210234014,-6.4637711473385,3.39245053119631));
#5865=CARTESIAN_POINT('',(-24.6334192886147,-6.63873819230555,3.37459338833917));
#5866=CARTESIAN_POINT('',(-24.414017553828,-6.81370523727261,3.35673624548202));
#5867=CARTESIAN_POINT('',(-24.292258776914,-7.06653994275496,3.33887910262488));
#5868=CARTESIAN_POINT('',(-24.1705,-7.31937464823731,3.32102195976774));
#5869=CARTESIAN_POINT('',(-24.1705,-7.6,3.30316481691059));
#5870=CARTESIAN_POINT('',(-24.1705,-7.88062535176269,3.28530767405345));
#5871=CARTESIAN_POINT('',(-24.292258776914,-8.13346005724503,3.26745053119631));
#5872=CARTESIAN_POINT('',(-24.4140175538279,-8.38629476272738,3.24959338833916));
#5873=CARTESIAN_POINT('',(-24.6334192886147,-8.56126180769444,3.23173624548202));
#5874=CARTESIAN_POINT('',(-24.8528210234014,-8.7362288526615,3.21387910262488));
#5875=CARTESIAN_POINT('',(-25.1264105117007,-8.79867386802755,3.19602195976774));
#5876=CARTESIAN_POINT('',(-25.4,-8.86111888339361,3.17816481691059));
#5877=CARTESIAN_POINT('',(-25.6735894882993,-8.79867386802755,3.16030767405345));
#5878=CARTESIAN_POINT('',(-25.9471789765986,-8.7362288526615,3.14245053119631));
#5879=CARTESIAN_POINT('',(-26.1665807113853,-8.56126180769444,3.12459338833916));
#5880=CARTESIAN_POINT('',(-26.385982446172,-8.38629476272739,3.10673624548202));
#5881=CARTESIAN_POINT('',(-26.507741223086,-8.13346005724504,3.08887910262488));
#5882=CARTESIAN_POINT('',(-26.6295,-7.88062535176269,3.07102195976774));
#5883=CARTESIAN_POINT('',(-26.6295,-7.6,3.05316481691059));
#5884=CARTESIAN_POINT('',(-26.6295,-7.31937464823732,3.03530767405345));
#5885=CARTESIAN_POINT('',(-26.507741223086,-7.06653994275496,3.01745053119631));
#5886=CARTESIAN_POINT('',(-26.3859824461721,-6.81370523727261,2.99959338833917));
#5887=CARTESIAN_POINT('',(-26.1665807113853,-6.63873819230556,2.98173624548202));
#5888=CARTESIAN_POINT('',(-25.9471789765986,-6.4637711473385,2.96387910262488));
#5889=CARTESIAN_POINT('',(-25.6735894882993,-6.40132613197245,2.94602195976774));
#5890=CARTESIAN_POINT('',(-25.4,-6.33888111660639,2.92816481691059));
#5891=CARTESIAN_POINT('',(-25.1264105117007,-6.40132613197245,2.91030767405345));
#5892=CARTESIAN_POINT('',(-24.8528210234014,-6.4637711473385,2.89245053119631));
#5893=CARTESIAN_POINT('',(-24.6334192886147,-6.63873819230556,2.87459338833917));
#5894=CARTESIAN_POINT('',(-24.414017553828,-6.81370523727261,2.85673624548202));
#5895=CARTESIAN_POINT('',(-24.292258776914,-7.06653994275496,2.83887910262488));
#5896=CARTESIAN_POINT('',(-24.1705,-7.31937464823731,2.82102195976774));
#5897=CARTESIAN_POINT('',(-24.1705,-7.59999999999999,2.80316481691059));
#5898=CARTESIAN_POINT('',(-24.1705,-7.88062535176269,2.78530767405345));
#5899=CARTESIAN_POINT('',(-24.292258776914,-8.13346005724503,2.76745053119631));
#5900=CARTESIAN_POINT('',(-24.4140175538279,-8.38629476272738,2.74959338833917));
#5901=CARTESIAN_POINT('',(-24.6334192886147,-8.56126180769444,2.73173624548202));
#5902=CARTESIAN_POINT('',(-24.8528210234014,-8.7362288526615,2.71387910262488));
#5903=CARTESIAN_POINT('',(-25.1264105117007,-8.79867386802755,2.69602195976774));
#5904=CARTESIAN_POINT('',(-25.4,-8.86111888339361,2.67816481691059));
#5905=CARTESIAN_POINT('',(-25.6735894882993,-8.79867386802756,2.66030767405345));
#5906=CARTESIAN_POINT('',(-25.9471789765986,-8.7362288526615,2.64245053119631));
#5907=CARTESIAN_POINT('',(-26.1665807113853,-8.56126180769444,2.62459338833917));
#5908=CARTESIAN_POINT('',(-26.385982446172,-8.38629476272739,2.60673624548202));
#5909=CARTESIAN_POINT('',(-26.507741223086,-8.13346005724504,2.58887910262488));
#5910=CARTESIAN_POINT('',(-26.6295,-7.88062535176269,2.57102195976774));
#5911=CARTESIAN_POINT('',(-26.6295,-7.6,2.55316481691059));
#5912=CARTESIAN_POINT('',(25.4,-7.62,0.));
#5913=CARTESIAN_POINT('',(25.4,-7.62,0.));
#5914=CARTESIAN_POINT('',(25.9,-7.62,0.));
#5915=CARTESIAN_POINT('',(25.4,-7.62,0.));
#5916=CARTESIAN_POINT('',(25.4,-6.62,0.));
#5917=CARTESIAN_POINT('',(25.4,-7.62,0.));
#5918=CARTESIAN_POINT('',(-25.4,-7.62,0.));
#5919=CARTESIAN_POINT('',(-25.4,-7.62,0.));
#5920=CARTESIAN_POINT('',(-24.65,-7.62,0.));
#5921=CARTESIAN_POINT('',(-25.4,-7.62,0.));
#5922=CARTESIAN_POINT('',(-25.4,-6.37,0.));
#5923=CARTESIAN_POINT('',(-25.4,-7.62,0.));
#5924=CARTESIAN_POINT('',(-25.4,0.,0.));
#5925=CARTESIAN_POINT('',(-25.4,0.,0.));
#5926=CARTESIAN_POINT('',(-24.9,0.,0.));
#5927=CARTESIAN_POINT('',(-25.4,0.,0.));
#5928=CARTESIAN_POINT('',(-25.4,1.,0.));
#5929=CARTESIAN_POINT('',(-25.4,0.,0.));
#5930=CARTESIAN_POINT('',(-25.4,7.62,0.));
#5931=CARTESIAN_POINT('',(-25.4,7.62,0.));
#5932=CARTESIAN_POINT('',(-24.65,7.62,0.));
#5933=CARTESIAN_POINT('',(-25.4,7.62,0.));
#5934=CARTESIAN_POINT('',(-25.4,8.87,0.));
#5935=CARTESIAN_POINT('',(-25.4,7.62,0.));
#5936=CARTESIAN_POINT('',(25.4,7.62,0.));
#5937=CARTESIAN_POINT('',(25.4,7.62,0.));
#5938=CARTESIAN_POINT('',(25.9,7.62,0.));
#5939=CARTESIAN_POINT('',(25.4,7.62,0.));
#5940=CARTESIAN_POINT('',(25.4,8.62,0.));
#5941=CARTESIAN_POINT('',(25.4,7.62,0.));
#5942=CARTESIAN_POINT('',(25.4,0.,0.));
#5943=CARTESIAN_POINT('',(25.4,0.,0.));
#5944=CARTESIAN_POINT('',(25.9,0.,0.));
#5945=CARTESIAN_POINT('',(25.4,0.,0.));
#5946=CARTESIAN_POINT('',(25.4,1.,0.));
#5947=CARTESIAN_POINT('',(25.4,0.,0.));
#5948=CARTESIAN_POINT('',(25.4,0.,-4.3));
#5949=CARTESIAN_POINT('',(25.4,0.,-4.3));
#5950=CARTESIAN_POINT('',(25.6,0.,-4.3));
#5951=CARTESIAN_POINT('',(25.4,0.,-4.3));
#5952=CARTESIAN_POINT('',(25.4,0.,-4.));
#5953=CARTESIAN_POINT('',(25.9,0.,-4.));
#5954=CARTESIAN_POINT('',(25.4,7.62,-4.3));
#5955=CARTESIAN_POINT('',(25.4,7.62,-4.3));
#5956=CARTESIAN_POINT('',(25.6,7.62,-4.3));
#5957=CARTESIAN_POINT('',(25.4,7.62,-4.3));
#5958=CARTESIAN_POINT('',(25.4,7.62,-4.));
#5959=CARTESIAN_POINT('',(25.9,7.62,-4.));
#5960=CARTESIAN_POINT('',(-25.4,7.62,-4.3));
#5961=CARTESIAN_POINT('',(-25.4,7.62,-4.3));
#5962=CARTESIAN_POINT('',(-24.95,7.62,-4.3));
#5963=CARTESIAN_POINT('',(-25.4,7.62,-4.3));
#5964=CARTESIAN_POINT('',(-25.4,7.62,-4.));
#5965=CARTESIAN_POINT('',(-24.65,7.62,-4.));
#5966=CARTESIAN_POINT('',(-25.4,0.,-4.3));
#5967=CARTESIAN_POINT('',(-25.4,0.,-4.3));
#5968=CARTESIAN_POINT('',(-25.2,0.,-4.3));
#5969=CARTESIAN_POINT('',(-25.4,0.,-4.3));
#5970=CARTESIAN_POINT('',(-25.4,0.,-4.));
#5971=CARTESIAN_POINT('',(-24.9,0.,-4.));
#5972=CARTESIAN_POINT('',(-25.4,-7.62,-4.3));
#5973=CARTESIAN_POINT('',(-25.4,-7.62,-4.3));
#5974=CARTESIAN_POINT('',(-24.95,-7.62,-4.3));
#5975=CARTESIAN_POINT('',(-25.4,-7.62,-4.3));
#5976=CARTESIAN_POINT('',(-25.4,-7.62,-4.));
#5977=CARTESIAN_POINT('',(-24.65,-7.62,-4.));
#5978=CARTESIAN_POINT('',(25.4,-7.62,-4.3));
#5979=CARTESIAN_POINT('',(25.4,-7.62,-4.3));
#5980=CARTESIAN_POINT('',(25.6,-7.62,-4.3));
#5981=CARTESIAN_POINT('',(25.4,-7.62,-4.3));
#5982=CARTESIAN_POINT('',(25.4,-7.62,-4.));
#5983=CARTESIAN_POINT('',(25.9,-7.62,-4.));
#5984=CARTESIAN_POINT('',(0.,0.,-4.3));
#5985=CARTESIAN_POINT('',(28.19,0.115,-4.3));
#5986=CARTESIAN_POINT('',(27.825,0.115,-4.3));
#5987=CARTESIAN_POINT('',(28.055,0.115,-4.3));
#5988=CARTESIAN_POINT('',(28.055,-0.25,-4.3));
#5989=CARTESIAN_POINT('',(28.055,-0.115,-4.3));
#5990=CARTESIAN_POINT('',(27.69,-0.115,-4.3));
#5991=CARTESIAN_POINT('',(27.825,-0.115,-4.3));
#5992=CARTESIAN_POINT('',(27.825,0.25,-4.3));
#5993=CARTESIAN_POINT('',(28.19,-0.25,-4.3));
#5994=CARTESIAN_POINT('',(27.69,-0.25,-4.3));
#5995=CARTESIAN_POINT('',(27.69,-0.25,-4.165));
#5996=CARTESIAN_POINT('',(28.19,-0.25,-4.165));
#5997=CARTESIAN_POINT('',(28.19,-0.25,-4.165));
#5998=CARTESIAN_POINT('',(28.19,-0.25,-4.3));
#5999=CARTESIAN_POINT('',(27.69,-0.25,-4.3));
#6000=CARTESIAN_POINT('',(27.69,0.25,-4.3));
#6001=CARTESIAN_POINT('',(27.69,0.25,-4.165));
#6002=CARTESIAN_POINT('',(27.69,-0.25,-4.165));
#6003=CARTESIAN_POINT('',(27.69,0.25,-4.3));
#6004=CARTESIAN_POINT('',(28.19,0.25,-4.3));
#6005=CARTESIAN_POINT('',(28.19,0.25,-4.165));
#6006=CARTESIAN_POINT('',(27.69,0.25,-4.165));
#6007=CARTESIAN_POINT('',(28.19,0.25,-4.3));
#6008=CARTESIAN_POINT('',(28.19,0.25,-4.165));
#6009=CARTESIAN_POINT('',(0.,0.,-4.3));
#6010=CARTESIAN_POINT('',(28.19,-1.885,-4.3));
#6011=CARTESIAN_POINT('',(27.825,-1.885,-4.3));
#6012=CARTESIAN_POINT('',(28.055,-1.885,-4.3));
#6013=CARTESIAN_POINT('',(28.055,-2.25,-4.3));
#6014=CARTESIAN_POINT('',(28.055,-2.115,-4.3));
#6015=CARTESIAN_POINT('',(27.69,-2.115,-4.3));
#6016=CARTESIAN_POINT('',(27.825,-2.115,-4.3));
#6017=CARTESIAN_POINT('',(27.825,-1.75,-4.3));
#6018=CARTESIAN_POINT('',(28.19,-2.25,-4.3));
#6019=CARTESIAN_POINT('',(27.69,-2.25,-4.3));
#6020=CARTESIAN_POINT('',(27.69,-2.25,-4.165));
#6021=CARTESIAN_POINT('',(28.19,-2.25,-4.165));
#6022=CARTESIAN_POINT('',(28.19,-2.25,-4.165));
#6023=CARTESIAN_POINT('',(28.19,-2.25,-4.3));
#6024=CARTESIAN_POINT('',(27.69,-2.25,-4.3));
#6025=CARTESIAN_POINT('',(27.69,-1.75,-4.3));
#6026=CARTESIAN_POINT('',(27.69,-1.75,-4.165));
#6027=CARTESIAN_POINT('',(27.69,-2.25,-4.165));
#6028=CARTESIAN_POINT('',(27.69,-1.75,-4.3));
#6029=CARTESIAN_POINT('',(28.19,-1.75,-4.3));
#6030=CARTESIAN_POINT('',(28.19,-1.75,-4.165));
#6031=CARTESIAN_POINT('',(27.69,-1.75,-4.165));
#6032=CARTESIAN_POINT('',(28.19,-1.75,-4.3));
#6033=CARTESIAN_POINT('',(28.19,-1.75,-4.165));
#6034=CARTESIAN_POINT('',(0.,0.,-4.3));
#6035=CARTESIAN_POINT('',(28.19,-3.885,-4.3));
#6036=CARTESIAN_POINT('',(27.825,-3.885,-4.3));
#6037=CARTESIAN_POINT('',(28.055,-3.885,-4.3));
#6038=CARTESIAN_POINT('',(28.055,-4.25,-4.3));
#6039=CARTESIAN_POINT('',(28.055,-4.115,-4.3));
#6040=CARTESIAN_POINT('',(27.69,-4.115,-4.3));
#6041=CARTESIAN_POINT('',(27.825,-4.115,-4.3));
#6042=CARTESIAN_POINT('',(27.825,-3.75,-4.3));
#6043=CARTESIAN_POINT('',(28.19,-4.25,-4.3));
#6044=CARTESIAN_POINT('',(27.69,-4.25,-4.3));
#6045=CARTESIAN_POINT('',(27.69,-4.25,-4.165));
#6046=CARTESIAN_POINT('',(28.19,-4.25,-4.165));
#6047=CARTESIAN_POINT('',(28.19,-4.25,-4.165));
#6048=CARTESIAN_POINT('',(28.19,-4.25,-4.3));
#6049=CARTESIAN_POINT('',(27.69,-4.25,-4.3));
#6050=CARTESIAN_POINT('',(27.69,-3.75,-4.3));
#6051=CARTESIAN_POINT('',(27.69,-3.75,-4.165));
#6052=CARTESIAN_POINT('',(27.69,-4.25,-4.165));
#6053=CARTESIAN_POINT('',(27.69,-3.75,-4.3));
#6054=CARTESIAN_POINT('',(28.19,-3.75,-4.3));
#6055=CARTESIAN_POINT('',(28.19,-3.75,-4.165));
#6056=CARTESIAN_POINT('',(27.69,-3.75,-4.165));
#6057=CARTESIAN_POINT('',(28.19,-3.75,-4.3));
#6058=CARTESIAN_POINT('',(28.19,-3.75,-4.165));
#6059=CARTESIAN_POINT('',(0.,0.,-4.3));
#6060=CARTESIAN_POINT('',(27.825,-5.75,-4.3));
#6061=CARTESIAN_POINT('',(27.825,-6.115,-4.3));
#6062=CARTESIAN_POINT('',(27.825,-5.885,-4.3));
#6063=CARTESIAN_POINT('',(28.19,-5.885,-4.3));
#6064=CARTESIAN_POINT('',(28.055,-5.885,-4.3));
#6065=CARTESIAN_POINT('',(28.055,-6.25,-4.3));
#6066=CARTESIAN_POINT('',(28.055,-6.115,-4.3));
#6067=CARTESIAN_POINT('',(27.69,-6.115,-4.3));
#6068=CARTESIAN_POINT('',(28.19,-6.25,-4.3));
#6069=CARTESIAN_POINT('',(27.69,-6.25,-4.3));
#6070=CARTESIAN_POINT('',(27.69,-6.25,-4.165));
#6071=CARTESIAN_POINT('',(28.19,-6.25,-4.165));
#6072=CARTESIAN_POINT('',(28.19,-6.25,-4.165));
#6073=CARTESIAN_POINT('',(28.19,-6.25,-4.3));
#6074=CARTESIAN_POINT('',(27.69,-6.25,-4.3));
#6075=CARTESIAN_POINT('',(27.69,-5.75,-4.3));
#6076=CARTESIAN_POINT('',(27.69,-5.75,-4.165));
#6077=CARTESIAN_POINT('',(27.69,-6.25,-4.165));
#6078=CARTESIAN_POINT('',(27.69,-5.75,-4.3));
#6079=CARTESIAN_POINT('',(28.19,-5.75,-4.3));
#6080=CARTESIAN_POINT('',(28.19,-5.75,-4.165));
#6081=CARTESIAN_POINT('',(27.69,-5.75,-4.165));
#6082=CARTESIAN_POINT('',(28.19,-5.75,-4.3));
#6083=CARTESIAN_POINT('',(28.19,-5.75,-4.165));
#6084=CARTESIAN_POINT('',(0.,0.,-4.3));
#6085=CARTESIAN_POINT('',(27.825,2.25,-4.3));
#6086=CARTESIAN_POINT('',(27.825,1.885,-4.3));
#6087=CARTESIAN_POINT('',(27.825,2.115,-4.3));
#6088=CARTESIAN_POINT('',(28.19,2.115,-4.3));
#6089=CARTESIAN_POINT('',(28.055,2.115,-4.3));
#6090=CARTESIAN_POINT('',(28.055,1.75,-4.3));
#6091=CARTESIAN_POINT('',(28.055,1.885,-4.3));
#6092=CARTESIAN_POINT('',(27.69,1.885,-4.3));
#6093=CARTESIAN_POINT('',(27.69,2.25,-4.3));
#6094=CARTESIAN_POINT('',(27.69,2.25,-4.3));
#6095=CARTESIAN_POINT('',(27.69,2.25,-4.165));
#6096=CARTESIAN_POINT('',(27.69,1.75,-4.165));
#6097=CARTESIAN_POINT('',(27.69,1.75,-4.165));
#6098=CARTESIAN_POINT('',(27.69,1.75,-4.3));
#6099=CARTESIAN_POINT('',(27.69,1.75,-4.3));
#6100=CARTESIAN_POINT('',(28.19,1.75,-4.165));
#6101=CARTESIAN_POINT('',(28.19,1.75,-4.165));
#6102=CARTESIAN_POINT('',(28.19,1.75,-4.3));
#6103=CARTESIAN_POINT('',(28.19,1.75,-4.3));
#6104=CARTESIAN_POINT('',(28.19,2.25,-4.165));
#6105=CARTESIAN_POINT('',(28.19,2.25,-4.165));
#6106=CARTESIAN_POINT('',(28.19,2.25,-4.3));
#6107=CARTESIAN_POINT('',(28.19,2.25,-4.3));
#6108=CARTESIAN_POINT('',(27.69,2.25,-4.165));
#6109=CARTESIAN_POINT('',(0.,0.,-4.3));
#6110=CARTESIAN_POINT('',(28.19,4.115,-4.3));
#6111=CARTESIAN_POINT('',(27.825,4.115,-4.3));
#6112=CARTESIAN_POINT('',(28.055,4.115,-4.3));
#6113=CARTESIAN_POINT('',(28.055,3.75,-4.3));
#6114=CARTESIAN_POINT('',(28.055,3.885,-4.3));
#6115=CARTESIAN_POINT('',(27.69,3.885,-4.3));
#6116=CARTESIAN_POINT('',(27.825,3.885,-4.3));
#6117=CARTESIAN_POINT('',(27.825,4.25,-4.3));
#6118=CARTESIAN_POINT('',(28.19,4.25,-4.3));
#6119=CARTESIAN_POINT('',(28.19,4.25,-4.3));
#6120=CARTESIAN_POINT('',(28.19,4.25,-4.165));
#6121=CARTESIAN_POINT('',(27.69,4.25,-4.165));
#6122=CARTESIAN_POINT('',(27.69,4.25,-4.165));
#6123=CARTESIAN_POINT('',(27.69,4.25,-4.3));
#6124=CARTESIAN_POINT('',(27.69,4.25,-4.3));
#6125=CARTESIAN_POINT('',(27.69,3.75,-4.165));
#6126=CARTESIAN_POINT('',(27.69,3.75,-4.165));
#6127=CARTESIAN_POINT('',(27.69,3.75,-4.3));
#6128=CARTESIAN_POINT('',(27.69,3.75,-4.3));
#6129=CARTESIAN_POINT('',(28.19,3.75,-4.165));
#6130=CARTESIAN_POINT('',(28.19,3.75,-4.165));
#6131=CARTESIAN_POINT('',(28.19,3.75,-4.3));
#6132=CARTESIAN_POINT('',(28.19,3.75,-4.3));
#6133=CARTESIAN_POINT('',(28.19,4.25,-4.165));
#6134=CARTESIAN_POINT('',(0.,0.,-4.3));
#6135=CARTESIAN_POINT('',(28.19,6.115,-4.3));
#6136=CARTESIAN_POINT('',(27.825,6.115,-4.3));
#6137=CARTESIAN_POINT('',(28.055,6.115,-4.3));
#6138=CARTESIAN_POINT('',(28.055,5.75,-4.3));
#6139=CARTESIAN_POINT('',(28.055,5.885,-4.3));
#6140=CARTESIAN_POINT('',(27.69,5.885,-4.3));
#6141=CARTESIAN_POINT('',(27.825,5.885,-4.3));
#6142=CARTESIAN_POINT('',(27.825,6.25,-4.3));
#6143=CARTESIAN_POINT('',(28.19,6.25,-4.3));
#6144=CARTESIAN_POINT('',(28.19,6.25,-4.3));
#6145=CARTESIAN_POINT('',(28.19,6.25,-4.165));
#6146=CARTESIAN_POINT('',(27.69,6.25,-4.165));
#6147=CARTESIAN_POINT('',(27.69,6.25,-4.165));
#6148=CARTESIAN_POINT('',(27.69,6.25,-4.3));
#6149=CARTESIAN_POINT('',(27.69,6.25,-4.3));
#6150=CARTESIAN_POINT('',(27.69,5.75,-4.165));
#6151=CARTESIAN_POINT('',(27.69,5.75,-4.165));
#6152=CARTESIAN_POINT('',(27.69,5.75,-4.3));
#6153=CARTESIAN_POINT('',(27.69,5.75,-4.3));
#6154=CARTESIAN_POINT('',(28.19,5.75,-4.165));
#6155=CARTESIAN_POINT('',(28.19,5.75,-4.165));
#6156=CARTESIAN_POINT('',(28.19,5.75,-4.3));
#6157=CARTESIAN_POINT('',(28.19,5.75,-4.3));
#6158=CARTESIAN_POINT('',(28.19,6.25,-4.165));
#6159=CARTESIAN_POINT('',(25.4,7.62,-4.));
#6160=CARTESIAN_POINT('',(-25.4,7.62,-4.));
#6161=CARTESIAN_POINT('',(-25.4,0.,-4.));
#6162=CARTESIAN_POINT('',(-25.4,-7.62,-4.));
#6163=CARTESIAN_POINT('',(25.4,-7.62,-4.));
#6164=CARTESIAN_POINT('',(25.4,0.,-4.));
#6165=CARTESIAN_POINT('',(27.69,6.25,-4.165));
#6166=CARTESIAN_POINT('',(27.8566666666667,6.08333333333333,-4.33166666666667));
#6167=CARTESIAN_POINT('',(27.8566666666667,5.91666666666667,-4.33166666666667));
#6168=CARTESIAN_POINT('',(27.69,5.75,-4.165));
#6169=CARTESIAN_POINT('',(28.0233333333333,5.91666666666667,-4.33166666666667));
#6170=CARTESIAN_POINT('',(28.19,6.25,-4.165));
#6171=CARTESIAN_POINT('',(28.19,6.25,-4.165));
#6172=CARTESIAN_POINT('',(28.19,5.75,-4.165));
#6173=CARTESIAN_POINT('',(27.69,4.25,-4.165));
#6174=CARTESIAN_POINT('',(27.8566666666667,4.08333333333333,-4.33166666666667));
#6175=CARTESIAN_POINT('',(27.8566666666667,3.91666666666667,-4.33166666666667));
#6176=CARTESIAN_POINT('',(27.69,3.75,-4.165));
#6177=CARTESIAN_POINT('',(28.0233333333333,3.91666666666667,-4.33166666666667));
#6178=CARTESIAN_POINT('',(28.19,4.25,-4.165));
#6179=CARTESIAN_POINT('',(28.19,4.25,-4.165));
#6180=CARTESIAN_POINT('',(28.19,3.75,-4.165));
#6181=CARTESIAN_POINT('',(27.69,1.75,-4.165));
#6182=CARTESIAN_POINT('',(27.8566666666667,1.91666666666667,-4.33166666666667));
#6183=CARTESIAN_POINT('',(28.0233333333333,1.91666666666667,-4.33166666666667));
#6184=CARTESIAN_POINT('',(28.19,1.75,-4.165));
#6185=CARTESIAN_POINT('',(28.0233333333333,2.08333333333333,-4.33166666666667));
#6186=CARTESIAN_POINT('',(27.69,2.25,-4.165));
#6187=CARTESIAN_POINT('',(27.69,2.25,-4.165));
#6188=CARTESIAN_POINT('',(28.19,2.25,-4.165));
#6189=CARTESIAN_POINT('',(27.825,0.,-4.3));
#6190=CARTESIAN_POINT('',(18.5500000000001,-9.38999999999997,4.975));
#6191=CARTESIAN_POINT('',(27.8633333333333,0.0766666666666665,-4.33833333333333));
#6192=CARTESIAN_POINT('',(0.,0.115,-4.3));
#6193=CARTESIAN_POINT('',(18.7033333333334,-9.23666666666664,-13.6516666666667));
#6194=CARTESIAN_POINT('',(0.,-0.115,-4.3));
#6195=CARTESIAN_POINT('',(18.7033333333334,9.23666666666664,-13.6516666666667));
#6196=CARTESIAN_POINT('',(28.055,0.,-4.3));
#6197=CARTESIAN_POINT('',(27.825,0.,-4.3));
#6198=CARTESIAN_POINT('',(18.5500000000001,-11.39,4.975));
#6199=CARTESIAN_POINT('',(27.1966666666667,-1.25666666666667,-3.67166666666666));
#6200=CARTESIAN_POINT('',(0.,-1.885,-4.3));
#6201=CARTESIAN_POINT('',(18.7033333333334,-11.2366666666666,-13.6516666666667));
#6202=CARTESIAN_POINT('',(0.,-2.115,-4.3));
#6203=CARTESIAN_POINT('',(18.7033333333334,7.23666666666664,-13.6516666666667));
#6204=CARTESIAN_POINT('',(28.055,0.,-4.3));
#6205=CARTESIAN_POINT('',(27.825,0.,-4.3));
#6206=CARTESIAN_POINT('',(18.55,-13.39,4.97500000000002));
#6207=CARTESIAN_POINT('',(26.53,-2.59,-3.005));
#6208=CARTESIAN_POINT('',(0.,-3.885,-4.3));
#6209=CARTESIAN_POINT('',(18.7033333333334,-13.2366666666666,-13.6516666666667));
#6210=CARTESIAN_POINT('',(0.,-4.115,-4.3));
#6211=CARTESIAN_POINT('',(18.7033333333334,5.23666666666663,-13.6516666666667));
#6212=CARTESIAN_POINT('',(28.055,0.,-4.3));
#6213=CARTESIAN_POINT('',(0.,-6.115,-4.3));
#6214=CARTESIAN_POINT('',(26.0166666666667,-4.07666666666668,-6.33833333333334));
#6215=CARTESIAN_POINT('',(18.55,-15.39,4.97500000000002));
#6216=CARTESIAN_POINT('',(27.825,0.,-4.3));
#6217=CARTESIAN_POINT('',(25.8633333333333,-3.92333333333334,-2.33833333333333));
#6218=CARTESIAN_POINT('',(28.055,0.,-4.3));
#6219=CARTESIAN_POINT('',(30.0166666666667,-3.92333333333334,-2.33833333333333));
#6220=CARTESIAN_POINT('',(0.,-5.885,-4.3));
#6221=CARTESIAN_POINT('',(-24.4062090335234,8.32391281584839,7.72823512525059));
#6222=CARTESIAN_POINT('',(-24.3406039509787,8.23384984561145,7.72096940610532));
#6223=CARTESIAN_POINT('',(-24.292258776914,8.13346005724504,7.71387910262488));
#6224=CARTESIAN_POINT('',(-24.1705,7.88062535176269,7.69602195976774));
#6225=CARTESIAN_POINT('',(-24.1705,7.6,7.67816481691059));
#6226=CARTESIAN_POINT('',(-24.1705,7.31937464823731,7.66030767405345));
#6227=CARTESIAN_POINT('',(-24.292258776914,7.06653994275496,7.64245053119631));
#6228=CARTESIAN_POINT('',(-24.414017553828,6.81370523727261,7.62459338833917));
#6229=CARTESIAN_POINT('',(-24.6334192886147,6.63873819230556,7.60673624548202));
#6230=CARTESIAN_POINT('',(-24.8528210234014,6.4637711473385,7.58887910262488));
#6231=CARTESIAN_POINT('',(-25.1264105117007,6.40132613197245,7.57102195976774));
#6232=CARTESIAN_POINT('',(-25.4,6.33888111660639,7.55316481691059));
#6233=CARTESIAN_POINT('',(-25.6735894882993,6.40132613197245,7.53530767405345));
#6234=CARTESIAN_POINT('',(-25.9471789765986,6.4637711473385,7.51745053119631));
#6235=CARTESIAN_POINT('',(-26.1665807113853,6.63873819230556,7.49959338833917));
#6236=CARTESIAN_POINT('',(-26.3859824461721,6.81370523727261,7.48173624548202));
#6237=CARTESIAN_POINT('',(-26.507741223086,7.06653994275496,7.46387910262488));
#6238=CARTESIAN_POINT('',(-26.6295,7.31937464823731,7.44602195976774));
#6239=CARTESIAN_POINT('',(-26.6295,7.6,7.42816481691059));
#6240=CARTESIAN_POINT('',(-26.6295,7.88062535176269,7.41030767405345));
#6241=CARTESIAN_POINT('',(-26.507741223086,8.13346005724504,7.39245053119631));
#6242=CARTESIAN_POINT('',(-26.3859824461721,8.38629476272739,7.37459338833917));
#6243=CARTESIAN_POINT('',(-26.1665807113853,8.56126180769444,7.35673624548202));
#6244=CARTESIAN_POINT('',(-25.9471789765986,8.7362288526615,7.33887910262488));
#6245=CARTESIAN_POINT('',(-25.6735894882993,8.79867386802755,7.32102195976774));
#6246=CARTESIAN_POINT('',(-25.4,8.86111888339361,7.30316481691059));
#6247=CARTESIAN_POINT('',(-25.1264105117007,8.79867386802755,7.28530767405345));
#6248=CARTESIAN_POINT('',(-24.8528210234014,8.7362288526615,7.26745053119631));
#6249=CARTESIAN_POINT('',(-24.6334192886147,8.56126180769444,7.24959338833917));
#6250=CARTESIAN_POINT('',(-24.414017553828,8.38629476272739,7.23173624548202));
#6251=CARTESIAN_POINT('',(-24.292258776914,8.13346005724504,7.21387910262488));
#6252=CARTESIAN_POINT('',(-24.1705,7.88062535176269,7.19602195976774));
#6253=CARTESIAN_POINT('',(-24.1705,7.6,7.17816481691059));
#6254=CARTESIAN_POINT('',(-24.1705,7.31937464823731,7.16030767405345));
#6255=CARTESIAN_POINT('',(-24.292258776914,7.06653994275496,7.14245053119631));
#6256=CARTESIAN_POINT('',(-24.414017553828,6.81370523727261,7.12459338833917));
#6257=CARTESIAN_POINT('',(-24.6334192886147,6.63873819230556,7.10673624548202));
#6258=CARTESIAN_POINT('',(-24.8528210234014,6.4637711473385,7.08887910262488));
#6259=CARTESIAN_POINT('',(-25.1264105117007,6.40132613197245,7.07102195976774));
#6260=CARTESIAN_POINT('',(-25.4,6.33888111660639,7.05316481691059));
#6261=CARTESIAN_POINT('',(-25.6735894882993,6.40132613197245,7.03530767405345));
#6262=CARTESIAN_POINT('',(-25.9471789765986,6.4637711473385,7.01745053119631));
#6263=CARTESIAN_POINT('',(-26.1665807113853,6.63873819230556,6.99959338833917));
#6264=CARTESIAN_POINT('',(-26.3859824461721,6.81370523727261,6.98173624548202));
#6265=CARTESIAN_POINT('',(-26.507741223086,7.06653994275496,6.96387910262488));
#6266=CARTESIAN_POINT('',(-26.6295,7.31937464823731,6.94602195976774));
#6267=CARTESIAN_POINT('',(-26.6295,7.6,6.92816481691059));
#6268=CARTESIAN_POINT('',(-26.6295,7.88062535176269,6.91030767405345));
#6269=CARTESIAN_POINT('',(-26.507741223086,8.13346005724504,6.89245053119631));
#6270=CARTESIAN_POINT('',(-26.3859824461721,8.38629476272739,6.87459338833917));
#6271=CARTESIAN_POINT('',(-26.1665807113853,8.56126180769444,6.85673624548202));
#6272=CARTESIAN_POINT('',(-25.9471789765986,8.7362288526615,6.83887910262488));
#6273=CARTESIAN_POINT('',(-25.6735894882993,8.79867386802755,6.82102195976774));
#6274=CARTESIAN_POINT('',(-25.4,8.86111888339361,6.80316481691059));
#6275=CARTESIAN_POINT('',(-25.1264105117007,8.79867386802755,6.78530767405345));
#6276=CARTESIAN_POINT('',(-24.8528210234014,8.7362288526615,6.76745053119631));
#6277=CARTESIAN_POINT('',(-24.6334192886147,8.56126180769444,6.74959338833917));
#6278=CARTESIAN_POINT('',(-24.414017553828,8.38629476272739,6.73173624548202));
#6279=CARTESIAN_POINT('',(-24.292258776914,8.13346005724504,6.71387910262488));
#6280=CARTESIAN_POINT('',(-24.1705,7.88062535176269,6.69602195976774));
#6281=CARTESIAN_POINT('',(-24.1705,7.6,6.67816481691059));
#6282=CARTESIAN_POINT('',(-24.1705,7.31937464823731,6.66030767405345));
#6283=CARTESIAN_POINT('',(-24.292258776914,7.06653994275496,6.64245053119631));
#6284=CARTESIAN_POINT('',(-24.414017553828,6.81370523727261,6.62459338833917));
#6285=CARTESIAN_POINT('',(-24.6334192886147,6.63873819230556,6.60673624548202));
#6286=CARTESIAN_POINT('',(-24.8528210234014,6.4637711473385,6.58887910262488));
#6287=CARTESIAN_POINT('',(-25.1264105117007,6.40132613197245,6.57102195976774));
#6288=CARTESIAN_POINT('',(-25.4,6.33888111660639,6.55316481691059));
#6289=CARTESIAN_POINT('',(-25.6735894882993,6.40132613197245,6.53530767405345));
#6290=CARTESIAN_POINT('',(-25.9471789765986,6.4637711473385,6.51745053119631));
#6291=CARTESIAN_POINT('',(-26.1665807113853,6.63873819230556,6.49959338833917));
#6292=CARTESIAN_POINT('',(-26.3859824461721,6.81370523727261,6.48173624548202));
#6293=CARTESIAN_POINT('',(-26.507741223086,7.06653994275496,6.46387910262488));
#6294=CARTESIAN_POINT('',(-26.6295,7.31937464823731,6.44602195976774));
#6295=CARTESIAN_POINT('',(-26.6295,7.6,6.42816481691059));
#6296=CARTESIAN_POINT('',(-26.6295,7.88062535176269,6.41030767405345));
#6297=CARTESIAN_POINT('',(-26.507741223086,8.13346005724504,6.39245053119631));
#6298=CARTESIAN_POINT('',(-26.3859824461721,8.38629476272739,6.37459338833917));
#6299=CARTESIAN_POINT('',(-26.1665807113853,8.56126180769444,6.35673624548202));
#6300=CARTESIAN_POINT('',(-25.9471789765986,8.7362288526615,6.33887910262488));
#6301=CARTESIAN_POINT('',(-25.6735894882993,8.79867386802755,6.32102195976774));
#6302=CARTESIAN_POINT('',(-25.4,8.86111888339361,6.30316481691059));
#6303=CARTESIAN_POINT('',(-25.1264105117007,8.79867386802755,6.28530767405345));
#6304=CARTESIAN_POINT('',(-24.8528210234014,8.7362288526615,6.26745053119631));
#6305=CARTESIAN_POINT('',(-24.6334192886147,8.56126180769444,6.24959338833917));
#6306=CARTESIAN_POINT('',(-24.414017553828,8.38629476272739,6.23173624548202));
#6307=CARTESIAN_POINT('',(-24.292258776914,8.13346005724504,6.21387910262488));
#6308=CARTESIAN_POINT('',(-24.1705,7.88062535176269,6.19602195976774));
#6309=CARTESIAN_POINT('',(-24.1705,7.6,6.17816481691059));
#6310=CARTESIAN_POINT('',(-24.1705,7.31937464823731,6.16030767405345));
#6311=CARTESIAN_POINT('',(-24.292258776914,7.06653994275496,6.14245053119631));
#6312=CARTESIAN_POINT('',(-24.414017553828,6.81370523727261,6.12459338833917));
#6313=CARTESIAN_POINT('',(-24.6334192886147,6.63873819230556,6.10673624548202));
#6314=CARTESIAN_POINT('',(-24.8528210234014,6.4637711473385,6.08887910262488));
#6315=CARTESIAN_POINT('',(-25.1264105117007,6.40132613197245,6.07102195976774));
#6316=CARTESIAN_POINT('',(-25.4,6.33888111660639,6.05316481691059));
#6317=CARTESIAN_POINT('',(-25.6735894882993,6.40132613197245,6.03530767405345));
#6318=CARTESIAN_POINT('',(-25.9471789765986,6.4637711473385,6.01745053119631));
#6319=CARTESIAN_POINT('',(-26.1665807113853,6.63873819230556,5.99959338833917));
#6320=CARTESIAN_POINT('',(-26.3859824461721,6.81370523727261,5.98173624548202));
#6321=CARTESIAN_POINT('',(-26.507741223086,7.06653994275496,5.96387910262488));
#6322=CARTESIAN_POINT('',(-26.6295,7.31937464823731,5.94602195976774));
#6323=CARTESIAN_POINT('',(-26.6295,7.6,5.92816481691059));
#6324=CARTESIAN_POINT('',(-26.6295,7.88062535176269,5.91030767405345));
#6325=CARTESIAN_POINT('',(-26.507741223086,8.13346005724504,5.89245053119631));
#6326=CARTESIAN_POINT('',(-26.3859824461721,8.38629476272739,5.87459338833917));
#6327=CARTESIAN_POINT('',(-26.1665807113853,8.56126180769444,5.85673624548202));
#6328=CARTESIAN_POINT('',(-25.9471789765986,8.7362288526615,5.83887910262488));
#6329=CARTESIAN_POINT('',(-25.6735894882993,8.79867386802755,5.82102195976774));
#6330=CARTESIAN_POINT('',(-25.4,8.86111888339361,5.80316481691059));
#6331=CARTESIAN_POINT('',(-25.1264105117007,8.79867386802755,5.78530767405345));
#6332=CARTESIAN_POINT('',(-24.8528210234014,8.7362288526615,5.76745053119631));
#6333=CARTESIAN_POINT('',(-24.6334192886147,8.56126180769444,5.74959338833917));
#6334=CARTESIAN_POINT('',(-24.414017553828,8.38629476272739,5.73173624548202));
#6335=CARTESIAN_POINT('',(-24.292258776914,8.13346005724504,5.71387910262488));
#6336=CARTESIAN_POINT('',(-24.1705,7.88062535176269,5.69602195976774));
#6337=CARTESIAN_POINT('',(-24.1705,7.6,5.67816481691059));
#6338=CARTESIAN_POINT('',(-24.1705,7.31937464823731,5.66030767405345));
#6339=CARTESIAN_POINT('',(-24.292258776914,7.06653994275496,5.64245053119631));
#6340=CARTESIAN_POINT('',(-24.414017553828,6.81370523727261,5.62459338833917));
#6341=CARTESIAN_POINT('',(-24.6334192886147,6.63873819230556,5.60673624548202));
#6342=CARTESIAN_POINT('',(-24.8528210234014,6.4637711473385,5.58887910262488));
#6343=CARTESIAN_POINT('',(-25.1264105117007,6.40132613197245,5.57102195976774));
#6344=CARTESIAN_POINT('',(-25.4,6.33888111660639,5.55316481691059));
#6345=CARTESIAN_POINT('',(-25.6735894882993,6.40132613197245,5.53530767405345));
#6346=CARTESIAN_POINT('',(-25.9471789765986,6.4637711473385,5.51745053119631));
#6347=CARTESIAN_POINT('',(-26.1665807113853,6.63873819230556,5.49959338833917));
#6348=CARTESIAN_POINT('',(-26.3859824461721,6.81370523727261,5.48173624548202));
#6349=CARTESIAN_POINT('',(-26.507741223086,7.06653994275496,5.46387910262488));
#6350=CARTESIAN_POINT('',(-26.6295,7.31937464823731,5.44602195976774));
#6351=CARTESIAN_POINT('',(-26.6295,7.6,5.42816481691059));
#6352=CARTESIAN_POINT('',(-26.6295,7.88062535176269,5.41030767405345));
#6353=CARTESIAN_POINT('',(-26.507741223086,8.13346005724504,5.39245053119631));
#6354=CARTESIAN_POINT('',(-26.3859824461721,8.38629476272739,5.37459338833917));
#6355=CARTESIAN_POINT('',(-26.1665807113853,8.56126180769444,5.35673624548202));
#6356=CARTESIAN_POINT('',(-25.9471789765986,8.7362288526615,5.33887910262488));
#6357=CARTESIAN_POINT('',(-25.6735894882993,8.79867386802755,5.32102195976774));
#6358=CARTESIAN_POINT('',(-25.4,8.86111888339361,5.30316481691059));
#6359=CARTESIAN_POINT('',(-25.1264105117007,8.79867386802755,5.28530767405345));
#6360=CARTESIAN_POINT('',(-24.8528210234014,8.7362288526615,5.26745053119631));
#6361=CARTESIAN_POINT('',(-24.6334192886147,8.56126180769444,5.24959338833917));
#6362=CARTESIAN_POINT('',(-24.414017553828,8.38629476272739,5.23173624548202));
#6363=CARTESIAN_POINT('',(-24.292258776914,8.13346005724504,5.21387910262488));
#6364=CARTESIAN_POINT('',(-24.1705,7.88062535176269,5.19602195976774));
#6365=CARTESIAN_POINT('',(-24.1705,7.6,5.17816481691059));
#6366=CARTESIAN_POINT('',(-24.1705,7.31937464823731,5.16030767405345));
#6367=CARTESIAN_POINT('',(-24.292258776914,7.06653994275496,5.14245053119631));
#6368=CARTESIAN_POINT('',(-24.414017553828,6.81370523727261,5.12459338833917));
#6369=CARTESIAN_POINT('',(-24.6334192886147,6.63873819230556,5.10673624548202));
#6370=CARTESIAN_POINT('',(-24.8528210234014,6.4637711473385,5.08887910262488));
#6371=CARTESIAN_POINT('',(-25.1264105117007,6.40132613197245,5.07102195976774));
#6372=CARTESIAN_POINT('',(-25.4,6.33888111660639,5.05316481691059));
#6373=CARTESIAN_POINT('',(-25.6735894882993,6.40132613197245,5.03530767405345));
#6374=CARTESIAN_POINT('',(-25.9471789765986,6.4637711473385,5.01745053119631));
#6375=CARTESIAN_POINT('',(-26.1665807113853,6.63873819230556,4.99959338833917));
#6376=CARTESIAN_POINT('',(-26.3859824461721,6.81370523727261,4.98173624548202));
#6377=CARTESIAN_POINT('',(-26.507741223086,7.06653994275496,4.96387910262488));
#6378=CARTESIAN_POINT('',(-26.6295,7.31937464823731,4.94602195976774));
#6379=CARTESIAN_POINT('',(-26.6295,7.6,4.92816481691059));
#6380=CARTESIAN_POINT('',(-26.6295,7.88062535176269,4.91030767405345));
#6381=CARTESIAN_POINT('',(-26.507741223086,8.13346005724504,4.89245053119631));
#6382=CARTESIAN_POINT('',(-26.3859824461721,8.38629476272739,4.87459338833917));
#6383=CARTESIAN_POINT('',(-26.1665807113853,8.56126180769444,4.85673624548202));
#6384=CARTESIAN_POINT('',(-25.9471789765986,8.7362288526615,4.83887910262488));
#6385=CARTESIAN_POINT('',(-25.6735894882993,8.79867386802755,4.82102195976774));
#6386=CARTESIAN_POINT('',(-25.4,8.86111888339361,4.80316481691059));
#6387=CARTESIAN_POINT('',(-25.1264105117007,8.79867386802755,4.78530767405345));
#6388=CARTESIAN_POINT('',(-24.8528210234014,8.7362288526615,4.76745053119631));
#6389=CARTESIAN_POINT('',(-24.6334192886147,8.56126180769444,4.74959338833917));
#6390=CARTESIAN_POINT('',(-24.414017553828,8.38629476272739,4.73173624548202));
#6391=CARTESIAN_POINT('',(-24.292258776914,8.13346005724504,4.71387910262488));
#6392=CARTESIAN_POINT('',(-24.1705,7.88062535176269,4.69602195976774));
#6393=CARTESIAN_POINT('',(-24.1705,7.6,4.67816481691059));
#6394=CARTESIAN_POINT('',(-24.1705,7.31937464823731,4.66030767405345));
#6395=CARTESIAN_POINT('',(-24.292258776914,7.06653994275496,4.64245053119631));
#6396=CARTESIAN_POINT('',(-24.414017553828,6.81370523727261,4.62459338833917));
#6397=CARTESIAN_POINT('',(-24.6334192886147,6.63873819230556,4.60673624548202));
#6398=CARTESIAN_POINT('',(-24.8528210234014,6.4637711473385,4.58887910262488));
#6399=CARTESIAN_POINT('',(-25.1264105117007,6.40132613197245,4.57102195976774));
#6400=CARTESIAN_POINT('',(-25.4,6.33888111660639,4.55316481691059));
#6401=CARTESIAN_POINT('',(-25.6735894882993,6.40132613197245,4.53530767405345));
#6402=CARTESIAN_POINT('',(-25.6816608522574,6.40316836812532,4.53478085739778));
#6403=CARTESIAN_POINT('',(-25.6897066757634,6.40511913061673,4.53425246926221));
#6404=CARTESIAN_POINT('',(-24.1874594851755,8.48325779568009,7.57198512525059));
#6405=CARTESIAN_POINT('',(-24.1074136573834,8.37337050148892,7.56471940610532));
#6406=CARTESIAN_POINT('',(-24.048426924532,8.25088328860903,7.55762910262488));
#6407=CARTESIAN_POINT('',(-23.8998670613174,7.94239555397203,7.53977195976774));
#6408=CARTESIAN_POINT('',(-23.8998670613174,7.6,7.52191481691059));
#6409=CARTESIAN_POINT('',(-23.8998670613174,7.25760444602797,7.50405767405345));
#6410=CARTESIAN_POINT('',(-24.048426924532,6.94911671139097,7.48620053119631));
#6411=CARTESIAN_POINT('',(-24.1969867877466,6.64062897675397,7.46834338833917));
#6412=CARTESIAN_POINT('',(-24.464682411299,6.42714884065063,7.45048624548202));
#6413=CARTESIAN_POINT('',(-24.7323780348514,6.2136687045473,7.43262910262488));
#6414=CARTESIAN_POINT('',(-25.0661890174257,6.13747852609495,7.41477195976774));
#6415=CARTESIAN_POINT('',(-25.4,6.06128834764261,7.39691481691059));
#6416=CARTESIAN_POINT('',(-25.7338109825743,6.13747852609495,7.37905767405345));
#6417=CARTESIAN_POINT('',(-26.0676219651486,6.2136687045473,7.36120053119631));
#6418=CARTESIAN_POINT('',(-26.335317588701,6.42714884065063,7.34334338833917));
#6419=CARTESIAN_POINT('',(-26.6030132122534,6.64062897675397,7.32548624548202));
#6420=CARTESIAN_POINT('',(-26.751573075468,6.94911671139097,7.30762910262488));
#6421=CARTESIAN_POINT('',(-26.9001329386826,7.25760444602797,7.28977195976774));
#6422=CARTESIAN_POINT('',(-26.9001329386826,7.6,7.2719148169106));
#6423=CARTESIAN_POINT('',(-26.9001329386826,7.94239555397203,7.25405767405345));
#6424=CARTESIAN_POINT('',(-26.751573075468,8.25088328860903,7.23620053119631));
#6425=CARTESIAN_POINT('',(-26.6030132122534,8.55937102324603,7.21834338833917));
#6426=CARTESIAN_POINT('',(-26.335317588701,8.77285115934937,7.20048624548202));
#6427=CARTESIAN_POINT('',(-26.0676219651486,8.9863312954527,7.18262910262488));
#6428=CARTESIAN_POINT('',(-25.7338109825743,9.06252147390505,7.16477195976774));
#6429=CARTESIAN_POINT('',(-25.4,9.13871165235739,7.1469148169106));
#6430=CARTESIAN_POINT('',(-25.0661890174257,9.06252147390505,7.12905767405345));
#6431=CARTESIAN_POINT('',(-24.7323780348514,8.9863312954527,7.11120053119631));
#6432=CARTESIAN_POINT('',(-24.464682411299,8.77285115934937,7.09334338833917));
#6433=CARTESIAN_POINT('',(-24.1969867877466,8.55937102324603,7.07548624548202));
#6434=CARTESIAN_POINT('',(-24.048426924532,8.25088328860903,7.05762910262488));
#6435=CARTESIAN_POINT('',(-23.8998670613174,7.94239555397203,7.03977195976774));
#6436=CARTESIAN_POINT('',(-23.8998670613174,7.6,7.02191481691059));
#6437=CARTESIAN_POINT('',(-23.8998670613174,7.25760444602797,7.00405767405345));
#6438=CARTESIAN_POINT('',(-24.048426924532,6.94911671139097,6.98620053119631));
#6439=CARTESIAN_POINT('',(-24.1969867877466,6.64062897675397,6.96834338833917));
#6440=CARTESIAN_POINT('',(-24.464682411299,6.42714884065063,6.95048624548202));
#6441=CARTESIAN_POINT('',(-24.7323780348514,6.2136687045473,6.93262910262488));
#6442=CARTESIAN_POINT('',(-25.0661890174257,6.13747852609495,6.91477195976774));
#6443=CARTESIAN_POINT('',(-25.4,6.06128834764261,6.89691481691059));
#6444=CARTESIAN_POINT('',(-25.7338109825743,6.13747852609495,6.87905767405345));
#6445=CARTESIAN_POINT('',(-26.0676219651486,6.2136687045473,6.86120053119631));
#6446=CARTESIAN_POINT('',(-26.335317588701,6.42714884065063,6.84334338833917));
#6447=CARTESIAN_POINT('',(-26.6030132122534,6.64062897675397,6.82548624548202));
#6448=CARTESIAN_POINT('',(-26.751573075468,6.94911671139097,6.80762910262488));
#6449=CARTESIAN_POINT('',(-26.9001329386826,7.25760444602797,6.78977195976774));
#6450=CARTESIAN_POINT('',(-26.9001329386826,7.6,6.77191481691059));
#6451=CARTESIAN_POINT('',(-26.9001329386826,7.94239555397203,6.75405767405345));
#6452=CARTESIAN_POINT('',(-26.751573075468,8.25088328860903,6.73620053119631));
#6453=CARTESIAN_POINT('',(-26.6030132122534,8.55937102324603,6.71834338833917));
#6454=CARTESIAN_POINT('',(-26.335317588701,8.77285115934937,6.70048624548202));
#6455=CARTESIAN_POINT('',(-26.0676219651486,8.9863312954527,6.68262910262488));
#6456=CARTESIAN_POINT('',(-25.7338109825743,9.06252147390505,6.66477195976774));
#6457=CARTESIAN_POINT('',(-25.4,9.13871165235739,6.64691481691059));
#6458=CARTESIAN_POINT('',(-25.0661890174257,9.06252147390505,6.62905767405345));
#6459=CARTESIAN_POINT('',(-24.7323780348514,8.9863312954527,6.61120053119631));
#6460=CARTESIAN_POINT('',(-24.464682411299,8.77285115934937,6.59334338833917));
#6461=CARTESIAN_POINT('',(-24.1969867877466,8.55937102324603,6.57548624548202));
#6462=CARTESIAN_POINT('',(-24.048426924532,8.25088328860903,6.55762910262488));
#6463=CARTESIAN_POINT('',(-23.8998670613174,7.94239555397203,6.53977195976774));
#6464=CARTESIAN_POINT('',(-23.8998670613174,7.6,6.52191481691059));
#6465=CARTESIAN_POINT('',(-23.8998670613174,7.25760444602797,6.50405767405345));
#6466=CARTESIAN_POINT('',(-24.048426924532,6.94911671139097,6.48620053119631));
#6467=CARTESIAN_POINT('',(-24.1969867877466,6.64062897675397,6.46834338833917));
#6468=CARTESIAN_POINT('',(-24.464682411299,6.42714884065063,6.45048624548202));
#6469=CARTESIAN_POINT('',(-24.7323780348514,6.2136687045473,6.43262910262488));
#6470=CARTESIAN_POINT('',(-25.0661890174257,6.13747852609495,6.41477195976774));
#6471=CARTESIAN_POINT('',(-25.4,6.06128834764261,6.39691481691059));
#6472=CARTESIAN_POINT('',(-25.7338109825743,6.13747852609495,6.37905767405345));
#6473=CARTESIAN_POINT('',(-26.0676219651486,6.2136687045473,6.36120053119631));
#6474=CARTESIAN_POINT('',(-26.335317588701,6.42714884065063,6.34334338833917));
#6475=CARTESIAN_POINT('',(-26.6030132122534,6.64062897675397,6.32548624548202));
#6476=CARTESIAN_POINT('',(-26.751573075468,6.94911671139097,6.30762910262488));
#6477=CARTESIAN_POINT('',(-26.9001329386826,7.25760444602797,6.28977195976774));
#6478=CARTESIAN_POINT('',(-26.9001329386826,7.6,6.27191481691059));
#6479=CARTESIAN_POINT('',(-26.9001329386826,7.94239555397203,6.25405767405345));
#6480=CARTESIAN_POINT('',(-26.751573075468,8.25088328860903,6.23620053119631));
#6481=CARTESIAN_POINT('',(-26.6030132122534,8.55937102324603,6.21834338833917));
#6482=CARTESIAN_POINT('',(-26.335317588701,8.77285115934937,6.20048624548202));
#6483=CARTESIAN_POINT('',(-26.0676219651486,8.9863312954527,6.18262910262488));
#6484=CARTESIAN_POINT('',(-25.7338109825743,9.06252147390505,6.16477195976774));
#6485=CARTESIAN_POINT('',(-25.4,9.13871165235739,6.14691481691059));
#6486=CARTESIAN_POINT('',(-25.0661890174257,9.06252147390505,6.12905767405345));
#6487=CARTESIAN_POINT('',(-24.7323780348514,8.9863312954527,6.11120053119631));
#6488=CARTESIAN_POINT('',(-24.464682411299,8.77285115934937,6.09334338833917));
#6489=CARTESIAN_POINT('',(-24.1969867877466,8.55937102324603,6.07548624548202));
#6490=CARTESIAN_POINT('',(-24.048426924532,8.25088328860903,6.05762910262488));
#6491=CARTESIAN_POINT('',(-23.8998670613174,7.94239555397203,6.03977195976774));
#6492=CARTESIAN_POINT('',(-23.8998670613174,7.6,6.02191481691059));
#6493=CARTESIAN_POINT('',(-23.8998670613174,7.25760444602797,6.00405767405345));
#6494=CARTESIAN_POINT('',(-24.048426924532,6.94911671139097,5.98620053119631));
#6495=CARTESIAN_POINT('',(-24.1969867877466,6.64062897675397,5.96834338833917));
#6496=CARTESIAN_POINT('',(-24.464682411299,6.42714884065063,5.95048624548202));
#6497=CARTESIAN_POINT('',(-24.7323780348514,6.2136687045473,5.93262910262488));
#6498=CARTESIAN_POINT('',(-25.0661890174257,6.13747852609495,5.91477195976774));
#6499=CARTESIAN_POINT('',(-25.4,6.06128834764261,5.89691481691059));
#6500=CARTESIAN_POINT('',(-25.7338109825743,6.13747852609495,5.87905767405345));
#6501=CARTESIAN_POINT('',(-26.0676219651486,6.2136687045473,5.86120053119631));
#6502=CARTESIAN_POINT('',(-26.335317588701,6.42714884065063,5.84334338833917));
#6503=CARTESIAN_POINT('',(-26.6030132122534,6.64062897675397,5.82548624548202));
#6504=CARTESIAN_POINT('',(-26.751573075468,6.94911671139097,5.80762910262488));
#6505=CARTESIAN_POINT('',(-26.9001329386826,7.25760444602797,5.78977195976774));
#6506=CARTESIAN_POINT('',(-26.9001329386826,7.6,5.77191481691059));
#6507=CARTESIAN_POINT('',(-26.9001329386826,7.94239555397203,5.75405767405345));
#6508=CARTESIAN_POINT('',(-26.751573075468,8.25088328860903,5.73620053119631));
#6509=CARTESIAN_POINT('',(-26.6030132122534,8.55937102324603,5.71834338833917));
#6510=CARTESIAN_POINT('',(-26.335317588701,8.77285115934937,5.70048624548202));
#6511=CARTESIAN_POINT('',(-26.0676219651486,8.9863312954527,5.68262910262488));
#6512=CARTESIAN_POINT('',(-25.7338109825743,9.06252147390505,5.66477195976774));
#6513=CARTESIAN_POINT('',(-25.4,9.13871165235739,5.64691481691059));
#6514=CARTESIAN_POINT('',(-25.0661890174257,9.06252147390505,5.62905767405345));
#6515=CARTESIAN_POINT('',(-24.7323780348514,8.9863312954527,5.61120053119631));
#6516=CARTESIAN_POINT('',(-24.464682411299,8.77285115934937,5.59334338833917));
#6517=CARTESIAN_POINT('',(-24.1969867877466,8.55937102324603,5.57548624548202));
#6518=CARTESIAN_POINT('',(-24.048426924532,8.25088328860903,5.55762910262488));
#6519=CARTESIAN_POINT('',(-23.8998670613174,7.94239555397203,5.53977195976774));
#6520=CARTESIAN_POINT('',(-23.8998670613174,7.6,5.52191481691059));
#6521=CARTESIAN_POINT('',(-23.8998670613174,7.25760444602797,5.50405767405345));
#6522=CARTESIAN_POINT('',(-24.048426924532,6.94911671139097,5.48620053119631));
#6523=CARTESIAN_POINT('',(-24.1969867877466,6.64062897675397,5.46834338833917));
#6524=CARTESIAN_POINT('',(-24.464682411299,6.42714884065063,5.45048624548202));
#6525=CARTESIAN_POINT('',(-24.7323780348514,6.2136687045473,5.43262910262488));
#6526=CARTESIAN_POINT('',(-25.0661890174257,6.13747852609495,5.41477195976774));
#6527=CARTESIAN_POINT('',(-25.4,6.06128834764261,5.39691481691059));
#6528=CARTESIAN_POINT('',(-25.7338109825743,6.13747852609495,5.37905767405345));
#6529=CARTESIAN_POINT('',(-26.0676219651486,6.2136687045473,5.36120053119631));
#6530=CARTESIAN_POINT('',(-26.335317588701,6.42714884065063,5.34334338833917));
#6531=CARTESIAN_POINT('',(-26.6030132122534,6.64062897675397,5.32548624548202));
#6532=CARTESIAN_POINT('',(-26.751573075468,6.94911671139097,5.30762910262488));
#6533=CARTESIAN_POINT('',(-26.9001329386826,7.25760444602797,5.28977195976774));
#6534=CARTESIAN_POINT('',(-26.9001329386826,7.6,5.2719148169106));
#6535=CARTESIAN_POINT('',(-26.9001329386826,7.94239555397203,5.25405767405345));
#6536=CARTESIAN_POINT('',(-26.751573075468,8.25088328860903,5.23620053119631));
#6537=CARTESIAN_POINT('',(-26.6030132122534,8.55937102324603,5.21834338833917));
#6538=CARTESIAN_POINT('',(-26.335317588701,8.77285115934937,5.20048624548202));
#6539=CARTESIAN_POINT('',(-26.0676219651486,8.9863312954527,5.18262910262488));
#6540=CARTESIAN_POINT('',(-25.7338109825743,9.06252147390505,5.16477195976774));
#6541=CARTESIAN_POINT('',(-25.4,9.13871165235739,5.1469148169106));
#6542=CARTESIAN_POINT('',(-25.0661890174257,9.06252147390505,5.12905767405345));
#6543=CARTESIAN_POINT('',(-24.7323780348514,8.9863312954527,5.11120053119631));
#6544=CARTESIAN_POINT('',(-24.464682411299,8.77285115934937,5.09334338833917));
#6545=CARTESIAN_POINT('',(-24.1969867877466,8.55937102324603,5.07548624548202));
#6546=CARTESIAN_POINT('',(-24.048426924532,8.25088328860903,5.05762910262488));
#6547=CARTESIAN_POINT('',(-23.8998670613174,7.94239555397203,5.03977195976774));
#6548=CARTESIAN_POINT('',(-23.8998670613174,7.6,5.02191481691059));
#6549=CARTESIAN_POINT('',(-23.8998670613174,7.25760444602797,5.00405767405345));
#6550=CARTESIAN_POINT('',(-24.048426924532,6.94911671139097,4.98620053119631));
#6551=CARTESIAN_POINT('',(-24.1969867877466,6.64062897675397,4.96834338833917));
#6552=CARTESIAN_POINT('',(-24.464682411299,6.42714884065063,4.95048624548202));
#6553=CARTESIAN_POINT('',(-24.7323780348514,6.2136687045473,4.93262910262488));
#6554=CARTESIAN_POINT('',(-25.0661890174257,6.13747852609495,4.91477195976774));
#6555=CARTESIAN_POINT('',(-25.4,6.06128834764261,4.89691481691059));
#6556=CARTESIAN_POINT('',(-25.7338109825743,6.13747852609495,4.87905767405345));
#6557=CARTESIAN_POINT('',(-26.0676219651486,6.2136687045473,4.86120053119631));
#6558=CARTESIAN_POINT('',(-26.335317588701,6.42714884065063,4.84334338833917));
#6559=CARTESIAN_POINT('',(-26.6030132122534,6.64062897675397,4.82548624548202));
#6560=CARTESIAN_POINT('',(-26.751573075468,6.94911671139097,4.80762910262488));
#6561=CARTESIAN_POINT('',(-26.9001329386826,7.25760444602797,4.78977195976774));
#6562=CARTESIAN_POINT('',(-26.9001329386826,7.6,4.77191481691059));
#6563=CARTESIAN_POINT('',(-26.9001329386826,7.94239555397203,4.75405767405345));
#6564=CARTESIAN_POINT('',(-26.751573075468,8.25088328860903,4.73620053119631));
#6565=CARTESIAN_POINT('',(-26.6030132122534,8.55937102324603,4.71834338833917));
#6566=CARTESIAN_POINT('',(-26.335317588701,8.77285115934937,4.70048624548202));
#6567=CARTESIAN_POINT('',(-26.0676219651486,8.9863312954527,4.68262910262488));
#6568=CARTESIAN_POINT('',(-25.7338109825743,9.06252147390505,4.66477195976774));
#6569=CARTESIAN_POINT('',(-25.4,9.13871165235739,4.64691481691059));
#6570=CARTESIAN_POINT('',(-25.0661890174257,9.06252147390505,4.62905767405345));
#6571=CARTESIAN_POINT('',(-24.7323780348514,8.9863312954527,4.61120053119631));
#6572=CARTESIAN_POINT('',(-24.464682411299,8.77285115934937,4.59334338833917));
#6573=CARTESIAN_POINT('',(-24.1969867877466,8.55937102324603,4.57548624548202));
#6574=CARTESIAN_POINT('',(-24.048426924532,8.25088328860903,4.55762910262488));
#6575=CARTESIAN_POINT('',(-23.8998670613174,7.94239555397203,4.53977195976774));
#6576=CARTESIAN_POINT('',(-23.8998670613174,7.6,4.52191481691059));
#6577=CARTESIAN_POINT('',(-23.8998670613174,7.25760444602797,4.50405767405345));
#6578=CARTESIAN_POINT('',(-24.048426924532,6.94911671139097,4.48620053119631));
#6579=CARTESIAN_POINT('',(-24.1969867877466,6.64062897675397,4.46834338833917));
#6580=CARTESIAN_POINT('',(-24.464682411299,6.42714884065063,4.45048624548202));
#6581=CARTESIAN_POINT('',(-24.7323780348514,6.2136687045473,4.43262910262488));
#6582=CARTESIAN_POINT('',(-25.0661890174257,6.13747852609495,4.41477195976774));
#6583=CARTESIAN_POINT('',(-25.4,6.06128834764261,4.39691481691059));
#6584=CARTESIAN_POINT('',(-25.7338109825743,6.13747852609495,4.37905767405345));
#6585=CARTESIAN_POINT('',(-25.7436589849604,6.13972626837536,4.37853085739778));
#6586=CARTESIAN_POINT('',(-25.7534758250256,6.14210642540579,4.37800246926222));
#6587=CARTESIAN_POINT('',(-26.9001329386826,7.6,7.77191481691059));
#6588=CARTESIAN_POINT('',(-26.9001329386826,7.94239555397203,7.75405767405345));
#6589=CARTESIAN_POINT('',(-26.751573075468,8.25088328860903,7.73620053119631));
#6590=CARTESIAN_POINT('',(-26.6030132122534,8.55937102324603,7.71834338833917));
#6591=CARTESIAN_POINT('',(-26.335317588701,8.77285115934937,7.70048624548202));
#6592=CARTESIAN_POINT('',(-26.0676219651486,8.9863312954527,7.68262910262488));
#6593=CARTESIAN_POINT('',(-25.7338109825743,9.06252147390505,7.66477195976774));
#6594=CARTESIAN_POINT('',(-25.4,9.13871165235739,7.64691481691059));
#6595=CARTESIAN_POINT('',(-25.0661890174257,9.06252147390505,7.62905767405345));
#6596=CARTESIAN_POINT('',(-24.7323780348514,8.9863312954527,7.61120053119631));
#6597=CARTESIAN_POINT('',(-24.464682411299,8.77285115934937,7.59334338833917));
#6598=CARTESIAN_POINT('',(-24.1969867877466,8.55937102324603,7.57548624548202));
#6599=CARTESIAN_POINT('',(-24.048426924532,8.25088328860903,7.55762910262488));
#6600=CARTESIAN_POINT('',(-23.8998670613174,7.94239555397203,7.53977195976774));
#6601=CARTESIAN_POINT('',(-23.8998670613174,7.6,7.52191481691059));
#6602=CARTESIAN_POINT('',(-23.8998670613174,7.25760444602797,7.50405767405345));
#6603=CARTESIAN_POINT('',(-24.048426924532,6.94911671139097,7.48620053119631));
#6604=CARTESIAN_POINT('',(-24.1969867877466,6.64062897675397,7.46834338833917));
#6605=CARTESIAN_POINT('',(-24.464682411299,6.42714884065063,7.45048624548202));
#6606=CARTESIAN_POINT('',(-24.7323780348514,6.2136687045473,7.43262910262488));
#6607=CARTESIAN_POINT('',(-25.0661890174257,6.13747852609495,7.41477195976774));
#6608=CARTESIAN_POINT('',(-25.4,6.06128834764261,7.39691481691059));
#6609=CARTESIAN_POINT('',(-25.7338109825743,6.13747852609495,7.37905767405345));
#6610=CARTESIAN_POINT('',(-26.0676219651486,6.2136687045473,7.36120053119631));
#6611=CARTESIAN_POINT('',(-26.335317588701,6.42714884065063,7.34334338833917));
#6612=CARTESIAN_POINT('',(-26.6030132122534,6.64062897675397,7.32548624548202));
#6613=CARTESIAN_POINT('',(-26.751573075468,6.94911671139097,7.30762910262488));
#6614=CARTESIAN_POINT('',(-26.9001329386826,7.25760444602797,7.28977195976774));
#6615=CARTESIAN_POINT('',(-26.9001329386826,7.6,7.27191481691059));
#6616=CARTESIAN_POINT('',(-26.9001329386826,7.94239555397203,7.25405767405345));
#6617=CARTESIAN_POINT('',(-26.751573075468,8.25088328860903,7.23620053119631));
#6618=CARTESIAN_POINT('',(-26.6030132122534,8.55937102324603,7.21834338833917));
#6619=CARTESIAN_POINT('',(-26.335317588701,8.77285115934937,7.20048624548202));
#6620=CARTESIAN_POINT('',(-26.0676219651486,8.9863312954527,7.18262910262488));
#6621=CARTESIAN_POINT('',(-25.7338109825743,9.06252147390505,7.16477195976774));
#6622=CARTESIAN_POINT('',(-25.4,9.13871165235739,7.14691481691059));
#6623=CARTESIAN_POINT('',(-25.0661890174257,9.06252147390505,7.12905767405345));
#6624=CARTESIAN_POINT('',(-24.7323780348514,8.9863312954527,7.11120053119631));
#6625=CARTESIAN_POINT('',(-24.464682411299,8.77285115934937,7.09334338833917));
#6626=CARTESIAN_POINT('',(-24.1969867877466,8.55937102324603,7.07548624548202));
#6627=CARTESIAN_POINT('',(-24.048426924532,8.25088328860903,7.05762910262488));
#6628=CARTESIAN_POINT('',(-23.8998670613174,7.94239555397203,7.03977195976774));
#6629=CARTESIAN_POINT('',(-23.8998670613174,7.6,7.02191481691059));
#6630=CARTESIAN_POINT('',(-23.8998670613174,7.25760444602797,7.00405767405345));
#6631=CARTESIAN_POINT('',(-24.048426924532,6.94911671139097,6.98620053119631));
#6632=CARTESIAN_POINT('',(-24.1969867877466,6.64062897675397,6.96834338833917));
#6633=CARTESIAN_POINT('',(-24.464682411299,6.42714884065063,6.95048624548202));
#6634=CARTESIAN_POINT('',(-24.7323780348514,6.2136687045473,6.93262910262488));
#6635=CARTESIAN_POINT('',(-25.0661890174257,6.13747852609495,6.91477195976774));
#6636=CARTESIAN_POINT('',(-25.4,6.06128834764261,6.89691481691059));
#6637=CARTESIAN_POINT('',(-25.7338109825743,6.13747852609495,6.87905767405345));
#6638=CARTESIAN_POINT('',(-26.0676219651486,6.2136687045473,6.86120053119631));
#6639=CARTESIAN_POINT('',(-26.335317588701,6.42714884065063,6.84334338833917));
#6640=CARTESIAN_POINT('',(-26.6030132122534,6.64062897675397,6.82548624548202));
#6641=CARTESIAN_POINT('',(-26.751573075468,6.94911671139097,6.80762910262488));
#6642=CARTESIAN_POINT('',(-26.9001329386826,7.25760444602797,6.78977195976774));
#6643=CARTESIAN_POINT('',(-26.9001329386826,7.6,6.77191481691059));
#6644=CARTESIAN_POINT('',(-26.9001329386826,7.94239555397203,6.75405767405345));
#6645=CARTESIAN_POINT('',(-26.751573075468,8.25088328860903,6.73620053119631));
#6646=CARTESIAN_POINT('',(-26.6030132122534,8.55937102324603,6.71834338833917));
#6647=CARTESIAN_POINT('',(-26.335317588701,8.77285115934937,6.70048624548202));
#6648=CARTESIAN_POINT('',(-26.0676219651486,8.9863312954527,6.68262910262488));
#6649=CARTESIAN_POINT('',(-25.7338109825743,9.06252147390505,6.66477195976774));
#6650=CARTESIAN_POINT('',(-25.4,9.13871165235739,6.64691481691059));
#6651=CARTESIAN_POINT('',(-25.0661890174257,9.06252147390505,6.62905767405345));
#6652=CARTESIAN_POINT('',(-24.7323780348514,8.9863312954527,6.61120053119631));
#6653=CARTESIAN_POINT('',(-24.464682411299,8.77285115934937,6.59334338833917));
#6654=CARTESIAN_POINT('',(-24.1969867877466,8.55937102324603,6.57548624548202));
#6655=CARTESIAN_POINT('',(-24.048426924532,8.25088328860903,6.55762910262488));
#6656=CARTESIAN_POINT('',(-23.8998670613174,7.94239555397203,6.53977195976774));
#6657=CARTESIAN_POINT('',(-23.8998670613174,7.6,6.52191481691059));
#6658=CARTESIAN_POINT('',(-23.8998670613174,7.25760444602797,6.50405767405345));
#6659=CARTESIAN_POINT('',(-24.048426924532,6.94911671139097,6.48620053119631));
#6660=CARTESIAN_POINT('',(-24.1969867877466,6.64062897675397,6.46834338833917));
#6661=CARTESIAN_POINT('',(-24.464682411299,6.42714884065063,6.45048624548202));
#6662=CARTESIAN_POINT('',(-24.7323780348514,6.2136687045473,6.43262910262488));
#6663=CARTESIAN_POINT('',(-25.0661890174257,6.13747852609495,6.41477195976774));
#6664=CARTESIAN_POINT('',(-25.4,6.06128834764261,6.39691481691059));
#6665=CARTESIAN_POINT('',(-25.7338109825743,6.13747852609495,6.37905767405345));
#6666=CARTESIAN_POINT('',(-26.0676219651486,6.2136687045473,6.36120053119631));
#6667=CARTESIAN_POINT('',(-26.335317588701,6.42714884065063,6.34334338833917));
#6668=CARTESIAN_POINT('',(-26.6030132122534,6.64062897675396,6.32548624548202));
#6669=CARTESIAN_POINT('',(-26.751573075468,6.94911671139097,6.30762910262488));
#6670=CARTESIAN_POINT('',(-26.9001329386826,7.25760444602797,6.28977195976774));
#6671=CARTESIAN_POINT('',(-26.9001329386826,7.6,6.27191481691059));
#6672=CARTESIAN_POINT('',(-26.9001329386826,7.94239555397203,6.25405767405345));
#6673=CARTESIAN_POINT('',(-26.751573075468,8.25088328860903,6.23620053119631));
#6674=CARTESIAN_POINT('',(-26.6030132122534,8.55937102324604,6.21834338833917));
#6675=CARTESIAN_POINT('',(-26.335317588701,8.77285115934937,6.20048624548202));
#6676=CARTESIAN_POINT('',(-26.0676219651486,8.9863312954527,6.18262910262488));
#6677=CARTESIAN_POINT('',(-25.7338109825743,9.06252147390505,6.16477195976774));
#6678=CARTESIAN_POINT('',(-25.4,9.13871165235739,6.14691481691059));
#6679=CARTESIAN_POINT('',(-25.0661890174257,9.06252147390505,6.12905767405345));
#6680=CARTESIAN_POINT('',(-24.7323780348514,8.9863312954527,6.11120053119631));
#6681=CARTESIAN_POINT('',(-24.464682411299,8.77285115934937,6.09334338833917));
#6682=CARTESIAN_POINT('',(-24.1969867877466,8.55937102324603,6.07548624548202));
#6683=CARTESIAN_POINT('',(-24.048426924532,8.25088328860903,6.05762910262488));
#6684=CARTESIAN_POINT('',(-23.8998670613174,7.94239555397203,6.03977195976774));
#6685=CARTESIAN_POINT('',(-23.8998670613174,7.6,6.02191481691059));
#6686=CARTESIAN_POINT('',(-23.8998670613174,7.25760444602797,6.00405767405345));
#6687=CARTESIAN_POINT('',(-24.048426924532,6.94911671139097,5.98620053119631));
#6688=CARTESIAN_POINT('',(-24.1969867877466,6.64062897675397,5.96834338833917));
#6689=CARTESIAN_POINT('',(-24.464682411299,6.42714884065063,5.95048624548202));
#6690=CARTESIAN_POINT('',(-24.7323780348514,6.2136687045473,5.93262910262488));
#6691=CARTESIAN_POINT('',(-25.0661890174257,6.13747852609495,5.91477195976774));
#6692=CARTESIAN_POINT('',(-25.4,6.06128834764261,5.89691481691059));
#6693=CARTESIAN_POINT('',(-25.7338109825743,6.13747852609495,5.87905767405345));
#6694=CARTESIAN_POINT('',(-26.0676219651486,6.2136687045473,5.86120053119631));
#6695=CARTESIAN_POINT('',(-26.335317588701,6.42714884065063,5.84334338833917));
#6696=CARTESIAN_POINT('',(-26.6030132122534,6.64062897675396,5.82548624548202));
#6697=CARTESIAN_POINT('',(-26.751573075468,6.94911671139097,5.80762910262488));
#6698=CARTESIAN_POINT('',(-26.9001329386826,7.25760444602797,5.78977195976774));
#6699=CARTESIAN_POINT('',(-26.9001329386826,7.6,5.77191481691059));
#6700=CARTESIAN_POINT('',(-26.9001329386826,7.94239555397203,5.75405767405345));
#6701=CARTESIAN_POINT('',(-26.751573075468,8.25088328860903,5.73620053119631));
#6702=CARTESIAN_POINT('',(-26.6030132122534,8.55937102324604,5.71834338833917));
#6703=CARTESIAN_POINT('',(-26.335317588701,8.77285115934937,5.70048624548202));
#6704=CARTESIAN_POINT('',(-26.0676219651486,8.9863312954527,5.68262910262488));
#6705=CARTESIAN_POINT('',(-25.7338109825743,9.06252147390505,5.66477195976774));
#6706=CARTESIAN_POINT('',(-25.4,9.13871165235739,5.64691481691059));
#6707=CARTESIAN_POINT('',(-25.0661890174257,9.06252147390505,5.62905767405345));
#6708=CARTESIAN_POINT('',(-24.7323780348514,8.9863312954527,5.61120053119631));
#6709=CARTESIAN_POINT('',(-24.464682411299,8.77285115934937,5.59334338833917));
#6710=CARTESIAN_POINT('',(-24.1969867877466,8.55937102324603,5.57548624548202));
#6711=CARTESIAN_POINT('',(-24.048426924532,8.25088328860904,5.55762910262488));
#6712=CARTESIAN_POINT('',(-23.8998670613174,7.94239555397203,5.53977195976774));
#6713=CARTESIAN_POINT('',(-23.8998670613174,7.6,5.52191481691059));
#6714=CARTESIAN_POINT('',(-23.8998670613174,7.25760444602797,5.50405767405345));
#6715=CARTESIAN_POINT('',(-24.048426924532,6.94911671139097,5.48620053119631));
#6716=CARTESIAN_POINT('',(-24.1969867877466,6.64062897675397,5.46834338833917));
#6717=CARTESIAN_POINT('',(-24.464682411299,6.42714884065063,5.45048624548202));
#6718=CARTESIAN_POINT('',(-24.7323780348514,6.2136687045473,5.43262910262488));
#6719=CARTESIAN_POINT('',(-25.0661890174257,6.13747852609495,5.41477195976774));
#6720=CARTESIAN_POINT('',(-25.4,6.06128834764261,5.39691481691059));
#6721=CARTESIAN_POINT('',(-25.7338109825743,6.13747852609495,5.37905767405345));
#6722=CARTESIAN_POINT('',(-26.0676219651486,6.2136687045473,5.36120053119631));
#6723=CARTESIAN_POINT('',(-26.335317588701,6.42714884065063,5.34334338833917));
#6724=CARTESIAN_POINT('',(-26.6030132122534,6.64062897675396,5.32548624548202));
#6725=CARTESIAN_POINT('',(-26.751573075468,6.94911671139096,5.30762910262488));
#6726=CARTESIAN_POINT('',(-26.9001329386826,7.25760444602797,5.28977195976774));
#6727=CARTESIAN_POINT('',(-26.9001329386826,7.6,5.27191481691059));
#6728=CARTESIAN_POINT('',(-26.9001329386826,7.94239555397203,5.25405767405345));
#6729=CARTESIAN_POINT('',(-26.751573075468,8.25088328860903,5.23620053119631));
#6730=CARTESIAN_POINT('',(-26.6030132122534,8.55937102324603,5.21834338833917));
#6731=CARTESIAN_POINT('',(-26.335317588701,8.77285115934937,5.20048624548202));
#6732=CARTESIAN_POINT('',(-26.0676219651486,8.9863312954527,5.18262910262488));
#6733=CARTESIAN_POINT('',(-25.7338109825743,9.06252147390504,5.16477195976774));
#6734=CARTESIAN_POINT('',(-25.4,9.13871165235739,5.14691481691059));
#6735=CARTESIAN_POINT('',(-25.0661890174257,9.06252147390505,5.12905767405345));
#6736=CARTESIAN_POINT('',(-24.7323780348514,8.9863312954527,5.11120053119631));
#6737=CARTESIAN_POINT('',(-24.464682411299,8.77285115934936,5.09334338833917));
#6738=CARTESIAN_POINT('',(-24.1969867877466,8.55937102324603,5.07548624548202));
#6739=CARTESIAN_POINT('',(-24.048426924532,8.25088328860904,5.05762910262488));
#6740=CARTESIAN_POINT('',(-23.8998670613174,7.94239555397203,5.03977195976774));
#6741=CARTESIAN_POINT('',(-23.8998670613174,7.60000000000001,5.02191481691059));
#6742=CARTESIAN_POINT('',(-23.8998670613174,7.25760444602797,5.00405767405345));
#6743=CARTESIAN_POINT('',(-24.048426924532,6.94911671139097,4.98620053119631));
#6744=CARTESIAN_POINT('',(-24.1969867877466,6.64062897675397,4.96834338833917));
#6745=CARTESIAN_POINT('',(-24.464682411299,6.42714884065063,4.95048624548202));
#6746=CARTESIAN_POINT('',(-24.7323780348514,6.2136687045473,4.93262910262488));
#6747=CARTESIAN_POINT('',(-25.0661890174257,6.13747852609495,4.91477195976774));
#6748=CARTESIAN_POINT('',(-25.4,6.06128834764261,4.89691481691059));
#6749=CARTESIAN_POINT('',(-25.7338109825743,6.13747852609495,4.87905767405345));
#6750=CARTESIAN_POINT('',(-26.0676219651486,6.2136687045473,4.86120053119631));
#6751=CARTESIAN_POINT('',(-26.335317588701,6.42714884065063,4.84334338833917));
#6752=CARTESIAN_POINT('',(-26.6030132122534,6.64062897675396,4.82548624548202));
#6753=CARTESIAN_POINT('',(-26.751573075468,6.94911671139097,4.80762910262488));
#6754=CARTESIAN_POINT('',(-26.9001329386826,7.25760444602797,4.78977195976774));
#6755=CARTESIAN_POINT('',(-26.9001329386826,7.6,4.77191481691059));
#6756=CARTESIAN_POINT('',(-26.9001329386826,7.94239555397203,4.75405767405345));
#6757=CARTESIAN_POINT('',(-26.751573075468,8.25088328860903,4.73620053119631));
#6758=CARTESIAN_POINT('',(-26.6030132122534,8.55937102324603,4.71834338833917));
#6759=CARTESIAN_POINT('',(-26.335317588701,8.77285115934937,4.70048624548202));
#6760=CARTESIAN_POINT('',(-26.0676219651486,8.9863312954527,4.68262910262488));
#6761=CARTESIAN_POINT('',(-25.7338109825743,9.06252147390505,4.66477195976774));
#6762=CARTESIAN_POINT('',(-25.4,9.13871165235739,4.64691481691059));
#6763=CARTESIAN_POINT('',(-25.0661890174257,9.06252147390505,4.62905767405345));
#6764=CARTESIAN_POINT('',(-24.7323780348514,8.9863312954527,4.61120053119631));
#6765=CARTESIAN_POINT('',(-24.464682411299,8.77285115934937,4.59334338833917));
#6766=CARTESIAN_POINT('',(-24.1969867877466,8.55937102324603,4.57548624548202));
#6767=CARTESIAN_POINT('',(-24.048426924532,8.25088328860904,4.55762910262488));
#6768=CARTESIAN_POINT('',(-23.8998670613174,7.94239555397204,4.53977195976774));
#6769=CARTESIAN_POINT('',(-23.8998670613174,7.6,4.52191481691059));
#6770=CARTESIAN_POINT('',(-23.8998670613174,7.25760444602797,4.50405767405345));
#6771=CARTESIAN_POINT('',(-24.048426924532,6.94911671139097,4.48620053119631));
#6772=CARTESIAN_POINT('',(-24.1969867877466,6.64062897675397,4.46834338833917));
#6773=CARTESIAN_POINT('',(-24.464682411299,6.42714884065064,4.45048624548202));
#6774=CARTESIAN_POINT('',(-24.7323780348514,6.2136687045473,4.43262910262488));
#6775=CARTESIAN_POINT('',(-25.0661890174257,6.13747852609495,4.41477195976774));
#6776=CARTESIAN_POINT('',(-25.4,6.06128834764261,4.39691481691059));
#6777=CARTESIAN_POINT('',(-25.7338109825743,6.13747852609495,4.37905767405345));
#6778=CARTESIAN_POINT('',(-26.0676219651486,6.2136687045473,4.36120053119631));
#6779=CARTESIAN_POINT('',(-26.335317588701,6.42714884065063,4.34334338833917));
#6780=CARTESIAN_POINT('',(-26.6030132122534,6.64062897675396,4.32548624548202));
#6781=CARTESIAN_POINT('',(-26.751573075468,6.94911671139096,4.30762910262488));
#6782=CARTESIAN_POINT('',(-26.9001329386826,7.25760444602797,4.28977195976774));
#6783=CARTESIAN_POINT('',(-26.9001329386826,7.6,4.27191481691059));
#6784=CARTESIAN_POINT('',(-26.9001329386826,7.94239555397203,4.25405767405345));
#6785=CARTESIAN_POINT('',(-26.751573075468,8.25088328860904,4.23620053119631));
#6786=CARTESIAN_POINT('',(-26.6030132122534,8.55937102324603,4.21834338833917));
#6787=CARTESIAN_POINT('',(-26.335317588701,8.77285115934936,4.20048624548202));
#6788=CARTESIAN_POINT('',(-26.0676219651486,8.9863312954527,4.18262910262488));
#6789=CARTESIAN_POINT('',(-25.7338109825743,9.06252147390504,4.16477195976774));
#6790=CARTESIAN_POINT('',(-25.4,9.13871165235739,4.14691481691059));
#6791=CARTESIAN_POINT('',(-25.0661890174257,9.06252147390505,4.12905767405345));
#6792=CARTESIAN_POINT('',(-24.7323780348514,8.9863312954527,4.11120053119631));
#6793=CARTESIAN_POINT('',(-24.464682411299,8.77285115934936,4.09334338833917));
#6794=CARTESIAN_POINT('',(-24.1969867877466,8.55937102324603,4.07548624548202));
#6795=CARTESIAN_POINT('',(-24.048426924532,8.25088328860904,4.05762910262488));
#6796=CARTESIAN_POINT('',(-23.8998670613174,7.94239555397204,4.03977195976774));
#6797=CARTESIAN_POINT('',(-23.8998670613174,7.60000000000001,4.02191481691059));
#6798=CARTESIAN_POINT('',(-23.8998670613174,7.25760444602797,4.00405767405345));
#6799=CARTESIAN_POINT('',(-24.048426924532,6.94911671139097,3.98620053119631));
#6800=CARTESIAN_POINT('',(-24.1969867877466,6.64062897675397,3.96834338833917));
#6801=CARTESIAN_POINT('',(-24.464682411299,6.42714884065063,3.95048624548202));
#6802=CARTESIAN_POINT('',(-24.7323780348514,6.2136687045473,3.93262910262488));
#6803=CARTESIAN_POINT('',(-25.0661890174257,6.13747852609495,3.91477195976774));
#6804=CARTESIAN_POINT('',(-25.4,6.06128834764261,3.89691481691059));
#6805=CARTESIAN_POINT('',(-25.7338109825743,6.13747852609495,3.87905767405345));
#6806=CARTESIAN_POINT('',(-26.0676219651486,6.2136687045473,3.86120053119631));
#6807=CARTESIAN_POINT('',(-26.335317588701,6.42714884065063,3.84334338833917));
#6808=CARTESIAN_POINT('',(-26.6030132122534,6.64062897675396,3.82548624548202));
#6809=CARTESIAN_POINT('',(-26.751573075468,6.94911671139097,3.80762910262488));
#6810=CARTESIAN_POINT('',(-26.9001329386826,7.25760444602797,3.78977195976774));
#6811=CARTESIAN_POINT('',(-26.9001329386826,7.6,3.77191481691059));
#6812=CARTESIAN_POINT('',(-26.9001329386826,7.94239555397203,3.75405767405345));
#6813=CARTESIAN_POINT('',(-26.751573075468,8.25088328860903,3.73620053119631));
#6814=CARTESIAN_POINT('',(-26.6030132122534,8.55937102324603,3.71834338833917));
#6815=CARTESIAN_POINT('',(-26.335317588701,8.77285115934936,3.70048624548202));
#6816=CARTESIAN_POINT('',(-26.0676219651486,8.9863312954527,3.68262910262488));
#6817=CARTESIAN_POINT('',(-25.7338109825743,9.06252147390505,3.66477195976774));
#6818=CARTESIAN_POINT('',(-25.4,9.13871165235739,3.64691481691059));
#6819=CARTESIAN_POINT('',(-25.0661890174257,9.06252147390505,3.62905767405345));
#6820=CARTESIAN_POINT('',(-24.7323780348514,8.9863312954527,3.61120053119631));
#6821=CARTESIAN_POINT('',(-24.464682411299,8.77285115934937,3.59334338833917));
#6822=CARTESIAN_POINT('',(-24.1969867877466,8.55937102324603,3.57548624548202));
#6823=CARTESIAN_POINT('',(-24.048426924532,8.25088328860904,3.55762910262488));
#6824=CARTESIAN_POINT('',(-23.8998670613174,7.94239555397204,3.53977195976774));
#6825=CARTESIAN_POINT('',(-23.8998670613174,7.6,3.52191481691059));
#6826=CARTESIAN_POINT('',(-23.8998670613174,7.25760444602797,3.50405767405345));
#6827=CARTESIAN_POINT('',(-24.048426924532,6.94911671139097,3.48620053119631));
#6828=CARTESIAN_POINT('',(-24.1969867877466,6.64062897675397,3.46834338833917));
#6829=CARTESIAN_POINT('',(-24.464682411299,6.42714884065064,3.45048624548202));
#6830=CARTESIAN_POINT('',(-24.7323780348514,6.2136687045473,3.43262910262488));
#6831=CARTESIAN_POINT('',(-25.0661890174257,6.13747852609495,3.41477195976774));
#6832=CARTESIAN_POINT('',(-25.4,6.06128834764261,3.39691481691059));
#6833=CARTESIAN_POINT('',(-25.7338109825743,6.13747852609495,3.37905767405345));
#6834=CARTESIAN_POINT('',(-26.0676219651486,6.2136687045473,3.36120053119631));
#6835=CARTESIAN_POINT('',(-26.335317588701,6.42714884065063,3.34334338833917));
#6836=CARTESIAN_POINT('',(-26.6030132122534,6.64062897675396,3.32548624548202));
#6837=CARTESIAN_POINT('',(-26.751573075468,6.94911671139096,3.30762910262488));
#6838=CARTESIAN_POINT('',(-26.9001329386826,7.25760444602797,3.28977195976774));
#6839=CARTESIAN_POINT('',(-26.9001329386826,7.6,3.27191481691059));
#6840=CARTESIAN_POINT('',(-26.9001329386826,7.94239555397202,3.25405767405345));
#6841=CARTESIAN_POINT('',(-26.751573075468,8.25088328860904,3.23620053119631));
#6842=CARTESIAN_POINT('',(-26.6030132122534,8.55937102324603,3.21834338833917));
#6843=CARTESIAN_POINT('',(-26.335317588701,8.77285115934936,3.20048624548202));
#6844=CARTESIAN_POINT('',(-26.0676219651486,8.9863312954527,3.18262910262488));
#6845=CARTESIAN_POINT('',(-25.7338109825743,9.06252147390504,3.16477195976774));
#6846=CARTESIAN_POINT('',(-25.4,9.13871165235739,3.14691481691059));
#6847=CARTESIAN_POINT('',(-25.0661890174257,9.06252147390505,3.12905767405345));
#6848=CARTESIAN_POINT('',(-24.7323780348514,8.9863312954527,3.11120053119631));
#6849=CARTESIAN_POINT('',(-24.464682411299,8.77285115934937,3.09334338833917));
#6850=CARTESIAN_POINT('',(-24.1969867877466,8.55937102324603,3.07548624548202));
#6851=CARTESIAN_POINT('',(-24.048426924532,8.25088328860904,3.05762910262488));
#6852=CARTESIAN_POINT('',(-23.8998670613174,7.94239555397204,3.03977195976774));
#6853=CARTESIAN_POINT('',(-23.8998670613174,7.60000000000001,3.02191481691059));
#6854=CARTESIAN_POINT('',(-23.8998670613174,7.25760444602797,3.00405767405345));
#6855=CARTESIAN_POINT('',(-24.048426924532,6.94911671139097,2.98620053119631));
#6856=CARTESIAN_POINT('',(-24.1969867877466,6.64062897675397,2.96834338833917));
#6857=CARTESIAN_POINT('',(-24.464682411299,6.42714884065063,2.95048624548202));
#6858=CARTESIAN_POINT('',(-24.7323780348514,6.2136687045473,2.93262910262488));
#6859=CARTESIAN_POINT('',(-25.0661890174257,6.13747852609495,2.91477195976774));
#6860=CARTESIAN_POINT('',(-25.4,6.06128834764261,2.89691481691059));
#6861=CARTESIAN_POINT('',(-25.7338109825743,6.13747852609495,2.87905767405345));
#6862=CARTESIAN_POINT('',(-26.0676219651486,6.2136687045473,2.86120053119631));
#6863=CARTESIAN_POINT('',(-26.335317588701,6.42714884065063,2.84334338833917));
#6864=CARTESIAN_POINT('',(-26.6030132122534,6.64062897675396,2.82548624548202));
#6865=CARTESIAN_POINT('',(-26.751573075468,6.94911671139097,2.80762910262488));
#6866=CARTESIAN_POINT('',(-26.9001329386826,7.25760444602797,2.78977195976774));
#6867=CARTESIAN_POINT('',(-26.9001329386826,7.6,2.77191481691059));
#6868=CARTESIAN_POINT('',(-25.4,7.6,8.55316481691059));
#6869=CARTESIAN_POINT('',(-26.9001329386826,7.6,7.70941481691059));
#6870=CARTESIAN_POINT('',(-26.9001329386826,7.94239555397203,7.69155767405345));
#6871=CARTESIAN_POINT('',(-26.751573075468,8.25088328860903,7.67370053119631));
#6872=CARTESIAN_POINT('',(-26.6030132122534,8.55937102324603,7.65584338833917));
#6873=CARTESIAN_POINT('',(-26.335317588701,8.77285115934937,7.63798624548202));
#6874=CARTESIAN_POINT('',(-26.0676219651486,8.9863312954527,7.62012910262488));
#6875=CARTESIAN_POINT('',(-25.7338109825743,9.06252147390505,7.60227195976774));
#6876=CARTESIAN_POINT('',(-25.4,9.13871165235739,7.58441481691059));
#6877=CARTESIAN_POINT('',(-25.0661890174257,9.06252147390505,7.56655767405345));
#6878=CARTESIAN_POINT('',(-24.7323780348514,8.9863312954527,7.54870053119631));
#6879=CARTESIAN_POINT('',(-24.464682411299,8.77285115934937,7.53084338833917));
#6880=CARTESIAN_POINT('',(-24.1969867877466,8.55937102324603,7.51298624548202));
#6881=CARTESIAN_POINT('',(-24.048426924532,8.25088328860903,7.49512910262488));
#6882=CARTESIAN_POINT('',(-23.8998670613174,7.94239555397203,7.47727195976774));
#6883=CARTESIAN_POINT('',(-23.8998670613174,7.6,7.45941481691059));
#6884=CARTESIAN_POINT('',(-23.8998670613174,7.25760444602797,7.44155767405345));
#6885=CARTESIAN_POINT('',(-24.048426924532,6.94911671139097,7.42370053119631));
#6886=CARTESIAN_POINT('',(-24.1969867877466,6.64062897675397,7.40584338833917));
#6887=CARTESIAN_POINT('',(-24.464682411299,6.42714884065063,7.38798624548202));
#6888=CARTESIAN_POINT('',(-24.7323780348514,6.2136687045473,7.37012910262488));
#6889=CARTESIAN_POINT('',(-25.0661890174257,6.13747852609495,7.35227195976774));
#6890=CARTESIAN_POINT('',(-25.4,6.06128834764261,7.33441481691059));
#6891=CARTESIAN_POINT('',(-25.7338109825743,6.13747852609495,7.31655767405345));
#6892=CARTESIAN_POINT('',(-26.0676219651486,6.2136687045473,7.29870053119631));
#6893=CARTESIAN_POINT('',(-26.335317588701,6.42714884065063,7.28084338833917));
#6894=CARTESIAN_POINT('',(-26.6030132122534,6.64062897675397,7.26298624548202));
#6895=CARTESIAN_POINT('',(-26.751573075468,6.94911671139097,7.24512910262488));
#6896=CARTESIAN_POINT('',(-26.9001329386826,7.25760444602797,7.22727195976774));
#6897=CARTESIAN_POINT('',(-26.9001329386826,7.6,7.20941481691059));
#6898=CARTESIAN_POINT('',(-26.9001329386826,7.94239555397203,7.19155767405345));
#6899=CARTESIAN_POINT('',(-26.751573075468,8.25088328860903,7.17370053119631));
#6900=CARTESIAN_POINT('',(-26.6030132122534,8.55937102324603,7.15584338833917));
#6901=CARTESIAN_POINT('',(-26.335317588701,8.77285115934937,7.13798624548202));
#6902=CARTESIAN_POINT('',(-26.0676219651486,8.9863312954527,7.12012910262488));
#6903=CARTESIAN_POINT('',(-25.7338109825743,9.06252147390505,7.10227195976774));
#6904=CARTESIAN_POINT('',(-25.4,9.13871165235739,7.08441481691059));
#6905=CARTESIAN_POINT('',(-25.0661890174257,9.06252147390505,7.06655767405345));
#6906=CARTESIAN_POINT('',(-24.7323780348514,8.9863312954527,7.04870053119631));
#6907=CARTESIAN_POINT('',(-24.464682411299,8.77285115934937,7.03084338833917));
#6908=CARTESIAN_POINT('',(-24.1969867877466,8.55937102324603,7.01298624548202));
#6909=CARTESIAN_POINT('',(-24.048426924532,8.25088328860903,6.99512910262488));
#6910=CARTESIAN_POINT('',(-23.8998670613174,7.94239555397203,6.97727195976774));
#6911=CARTESIAN_POINT('',(-23.8998670613174,7.6,6.95941481691059));
#6912=CARTESIAN_POINT('',(-23.8998670613174,7.25760444602797,6.94155767405345));
#6913=CARTESIAN_POINT('',(-24.048426924532,6.94911671139097,6.92370053119631));
#6914=CARTESIAN_POINT('',(-24.1969867877466,6.64062897675397,6.90584338833917));
#6915=CARTESIAN_POINT('',(-24.464682411299,6.42714884065063,6.88798624548202));
#6916=CARTESIAN_POINT('',(-24.7323780348514,6.2136687045473,6.87012910262488));
#6917=CARTESIAN_POINT('',(-25.0661890174257,6.13747852609495,6.85227195976774));
#6918=CARTESIAN_POINT('',(-25.4,6.06128834764261,6.83441481691059));
#6919=CARTESIAN_POINT('',(-25.7338109825743,6.13747852609495,6.81655767405345));
#6920=CARTESIAN_POINT('',(-26.0676219651486,6.2136687045473,6.79870053119631));
#6921=CARTESIAN_POINT('',(-26.335317588701,6.42714884065063,6.78084338833917));
#6922=CARTESIAN_POINT('',(-26.6030132122534,6.64062897675397,6.76298624548202));
#6923=CARTESIAN_POINT('',(-26.751573075468,6.94911671139097,6.74512910262488));
#6924=CARTESIAN_POINT('',(-26.9001329386826,7.25760444602797,6.72727195976774));
#6925=CARTESIAN_POINT('',(-26.9001329386826,7.6,6.70941481691059));
#6926=CARTESIAN_POINT('',(-26.9001329386826,7.94239555397203,6.69155767405345));
#6927=CARTESIAN_POINT('',(-26.751573075468,8.25088328860903,6.67370053119631));
#6928=CARTESIAN_POINT('',(-26.6030132122534,8.55937102324603,6.65584338833916));
#6929=CARTESIAN_POINT('',(-26.335317588701,8.77285115934937,6.63798624548202));
#6930=CARTESIAN_POINT('',(-26.0676219651486,8.9863312954527,6.62012910262488));
#6931=CARTESIAN_POINT('',(-25.7338109825743,9.06252147390505,6.60227195976774));
#6932=CARTESIAN_POINT('',(-25.4,9.13871165235739,6.58441481691059));
#6933=CARTESIAN_POINT('',(-25.0661890174257,9.06252147390505,6.56655767405345));
#6934=CARTESIAN_POINT('',(-24.7323780348514,8.9863312954527,6.54870053119631));
#6935=CARTESIAN_POINT('',(-24.464682411299,8.77285115934937,6.53084338833917));
#6936=CARTESIAN_POINT('',(-24.1969867877466,8.55937102324603,6.51298624548202));
#6937=CARTESIAN_POINT('',(-24.048426924532,8.25088328860903,6.49512910262488));
#6938=CARTESIAN_POINT('',(-23.8998670613174,7.94239555397203,6.47727195976774));
#6939=CARTESIAN_POINT('',(-23.8998670613174,7.6,6.45941481691059));
#6940=CARTESIAN_POINT('',(-23.8998670613174,7.25760444602797,6.44155767405345));
#6941=CARTESIAN_POINT('',(-24.048426924532,6.94911671139097,6.42370053119631));
#6942=CARTESIAN_POINT('',(-24.1969867877466,6.64062897675397,6.40584338833917));
#6943=CARTESIAN_POINT('',(-24.464682411299,6.42714884065063,6.38798624548202));
#6944=CARTESIAN_POINT('',(-24.7323780348514,6.2136687045473,6.37012910262488));
#6945=CARTESIAN_POINT('',(-25.0661890174257,6.13747852609495,6.35227195976774));
#6946=CARTESIAN_POINT('',(-25.4,6.06128834764261,6.33441481691059));
#6947=CARTESIAN_POINT('',(-25.7338109825743,6.13747852609495,6.31655767405345));
#6948=CARTESIAN_POINT('',(-26.0676219651486,6.2136687045473,6.29870053119631));
#6949=CARTESIAN_POINT('',(-26.335317588701,6.42714884065063,6.28084338833917));
#6950=CARTESIAN_POINT('',(-26.6030132122534,6.64062897675396,6.26298624548202));
#6951=CARTESIAN_POINT('',(-26.751573075468,6.94911671139097,6.24512910262488));
#6952=CARTESIAN_POINT('',(-26.9001329386826,7.25760444602797,6.22727195976774));
#6953=CARTESIAN_POINT('',(-26.9001329386826,7.6,6.20941481691059));
#6954=CARTESIAN_POINT('',(-26.9001329386826,7.94239555397203,6.19155767405345));
#6955=CARTESIAN_POINT('',(-26.751573075468,8.25088328860903,6.17370053119631));
#6956=CARTESIAN_POINT('',(-26.6030132122534,8.55937102324604,6.15584338833917));
#6957=CARTESIAN_POINT('',(-26.335317588701,8.77285115934937,6.13798624548202));
#6958=CARTESIAN_POINT('',(-26.0676219651486,8.9863312954527,6.12012910262488));
#6959=CARTESIAN_POINT('',(-25.7338109825743,9.06252147390505,6.10227195976774));
#6960=CARTESIAN_POINT('',(-25.4,9.13871165235739,6.08441481691059));
#6961=CARTESIAN_POINT('',(-25.0661890174257,9.06252147390505,6.06655767405345));
#6962=CARTESIAN_POINT('',(-24.7323780348514,8.9863312954527,6.04870053119631));
#6963=CARTESIAN_POINT('',(-24.464682411299,8.77285115934937,6.03084338833917));
#6964=CARTESIAN_POINT('',(-24.1969867877466,8.55937102324603,6.01298624548202));
#6965=CARTESIAN_POINT('',(-24.048426924532,8.25088328860903,5.99512910262488));
#6966=CARTESIAN_POINT('',(-23.8998670613174,7.94239555397203,5.97727195976774));
#6967=CARTESIAN_POINT('',(-23.8998670613174,7.6,5.95941481691059));
#6968=CARTESIAN_POINT('',(-23.8998670613174,7.25760444602797,5.94155767405345));
#6969=CARTESIAN_POINT('',(-24.048426924532,6.94911671139097,5.92370053119631));
#6970=CARTESIAN_POINT('',(-24.1969867877466,6.64062897675397,5.90584338833917));
#6971=CARTESIAN_POINT('',(-24.464682411299,6.42714884065063,5.88798624548202));
#6972=CARTESIAN_POINT('',(-24.7323780348514,6.2136687045473,5.87012910262488));
#6973=CARTESIAN_POINT('',(-25.0661890174257,6.13747852609495,5.85227195976774));
#6974=CARTESIAN_POINT('',(-25.4,6.06128834764261,5.83441481691059));
#6975=CARTESIAN_POINT('',(-25.7338109825743,6.13747852609495,5.81655767405345));
#6976=CARTESIAN_POINT('',(-26.0676219651486,6.2136687045473,5.79870053119631));
#6977=CARTESIAN_POINT('',(-26.335317588701,6.42714884065063,5.78084338833917));
#6978=CARTESIAN_POINT('',(-26.6030132122534,6.64062897675396,5.76298624548202));
#6979=CARTESIAN_POINT('',(-26.751573075468,6.94911671139097,5.74512910262488));
#6980=CARTESIAN_POINT('',(-26.9001329386826,7.25760444602797,5.72727195976774));
#6981=CARTESIAN_POINT('',(-26.9001329386826,7.6,5.70941481691059));
#6982=CARTESIAN_POINT('',(-26.9001329386826,7.94239555397203,5.69155767405345));
#6983=CARTESIAN_POINT('',(-26.751573075468,8.25088328860903,5.67370053119631));
#6984=CARTESIAN_POINT('',(-26.6030132122534,8.55937102324604,5.65584338833917));
#6985=CARTESIAN_POINT('',(-26.335317588701,8.77285115934937,5.63798624548202));
#6986=CARTESIAN_POINT('',(-26.0676219651486,8.9863312954527,5.62012910262488));
#6987=CARTESIAN_POINT('',(-25.7338109825743,9.06252147390505,5.60227195976774));
#6988=CARTESIAN_POINT('',(-25.4,9.13871165235739,5.58441481691059));
#6989=CARTESIAN_POINT('',(-25.0661890174257,9.06252147390505,5.56655767405345));
#6990=CARTESIAN_POINT('',(-24.7323780348514,8.9863312954527,5.54870053119631));
#6991=CARTESIAN_POINT('',(-24.464682411299,8.77285115934937,5.53084338833917));
#6992=CARTESIAN_POINT('',(-24.1969867877466,8.55937102324603,5.51298624548202));
#6993=CARTESIAN_POINT('',(-24.048426924532,8.25088328860904,5.49512910262488));
#6994=CARTESIAN_POINT('',(-23.8998670613174,7.94239555397203,5.47727195976774));
#6995=CARTESIAN_POINT('',(-23.8998670613174,7.6,5.45941481691059));
#6996=CARTESIAN_POINT('',(-23.8998670613174,7.25760444602797,5.44155767405345));
#6997=CARTESIAN_POINT('',(-24.048426924532,6.94911671139097,5.42370053119631));
#6998=CARTESIAN_POINT('',(-24.1969867877466,6.64062897675397,5.40584338833917));
#6999=CARTESIAN_POINT('',(-24.464682411299,6.42714884065063,5.38798624548202));
#7000=CARTESIAN_POINT('',(-24.7323780348514,6.2136687045473,5.37012910262488));
#7001=CARTESIAN_POINT('',(-25.0661890174257,6.13747852609495,5.35227195976774));
#7002=CARTESIAN_POINT('',(-25.4,6.06128834764261,5.33441481691059));
#7003=CARTESIAN_POINT('',(-25.7338109825743,6.13747852609495,5.31655767405345));
#7004=CARTESIAN_POINT('',(-26.0676219651486,6.2136687045473,5.29870053119631));
#7005=CARTESIAN_POINT('',(-26.335317588701,6.42714884065063,5.28084338833917));
#7006=CARTESIAN_POINT('',(-26.6030132122534,6.64062897675396,5.26298624548202));
#7007=CARTESIAN_POINT('',(-26.751573075468,6.94911671139096,5.24512910262488));
#7008=CARTESIAN_POINT('',(-26.9001329386826,7.25760444602797,5.22727195976774));
#7009=CARTESIAN_POINT('',(-26.9001329386826,7.6,5.20941481691059));
#7010=CARTESIAN_POINT('',(-26.9001329386826,7.94239555397203,5.19155767405345));
#7011=CARTESIAN_POINT('',(-26.751573075468,8.25088328860903,5.17370053119631));
#7012=CARTESIAN_POINT('',(-26.6030132122534,8.55937102324603,5.15584338833917));
#7013=CARTESIAN_POINT('',(-26.335317588701,8.77285115934937,5.13798624548202));
#7014=CARTESIAN_POINT('',(-26.0676219651486,8.9863312954527,5.12012910262488));
#7015=CARTESIAN_POINT('',(-25.7338109825743,9.06252147390504,5.10227195976774));
#7016=CARTESIAN_POINT('',(-25.4,9.13871165235739,5.08441481691059));
#7017=CARTESIAN_POINT('',(-25.0661890174257,9.06252147390505,5.06655767405345));
#7018=CARTESIAN_POINT('',(-24.7323780348514,8.9863312954527,5.04870053119631));
#7019=CARTESIAN_POINT('',(-24.464682411299,8.77285115934936,5.03084338833917));
#7020=CARTESIAN_POINT('',(-24.1969867877466,8.55937102324603,5.01298624548202));
#7021=CARTESIAN_POINT('',(-24.048426924532,8.25088328860904,4.99512910262488));
#7022=CARTESIAN_POINT('',(-23.8998670613174,7.94239555397203,4.97727195976774));
#7023=CARTESIAN_POINT('',(-23.8998670613174,7.60000000000001,4.95941481691059));
#7024=CARTESIAN_POINT('',(-23.8998670613174,7.25760444602797,4.94155767405345));
#7025=CARTESIAN_POINT('',(-24.048426924532,6.94911671139097,4.92370053119631));
#7026=CARTESIAN_POINT('',(-24.1969867877466,6.64062897675397,4.90584338833917));
#7027=CARTESIAN_POINT('',(-24.464682411299,6.42714884065063,4.88798624548202));
#7028=CARTESIAN_POINT('',(-24.7323780348514,6.2136687045473,4.87012910262488));
#7029=CARTESIAN_POINT('',(-25.0661890174257,6.13747852609495,4.85227195976774));
#7030=CARTESIAN_POINT('',(-25.4,6.06128834764261,4.83441481691059));
#7031=CARTESIAN_POINT('',(-25.7338109825743,6.13747852609495,4.81655767405345));
#7032=CARTESIAN_POINT('',(-26.0676219651486,6.2136687045473,4.79870053119631));
#7033=CARTESIAN_POINT('',(-26.335317588701,6.42714884065063,4.78084338833917));
#7034=CARTESIAN_POINT('',(-26.6030132122534,6.64062897675396,4.76298624548202));
#7035=CARTESIAN_POINT('',(-26.751573075468,6.94911671139097,4.74512910262488));
#7036=CARTESIAN_POINT('',(-26.9001329386826,7.25760444602797,4.72727195976774));
#7037=CARTESIAN_POINT('',(-26.9001329386826,7.6,4.70941481691059));
#7038=CARTESIAN_POINT('',(-26.9001329386826,7.94239555397203,4.69155767405345));
#7039=CARTESIAN_POINT('',(-26.751573075468,8.25088328860903,4.67370053119631));
#7040=CARTESIAN_POINT('',(-26.6030132122534,8.55937102324603,4.65584338833917));
#7041=CARTESIAN_POINT('',(-26.335317588701,8.77285115934937,4.63798624548202));
#7042=CARTESIAN_POINT('',(-26.0676219651486,8.9863312954527,4.62012910262488));
#7043=CARTESIAN_POINT('',(-25.7338109825743,9.06252147390505,4.60227195976774));
#7044=CARTESIAN_POINT('',(-25.4,9.13871165235739,4.58441481691059));
#7045=CARTESIAN_POINT('',(-25.0661890174257,9.06252147390505,4.56655767405345));
#7046=CARTESIAN_POINT('',(-24.7323780348514,8.9863312954527,4.54870053119631));
#7047=CARTESIAN_POINT('',(-24.464682411299,8.77285115934937,4.53084338833917));
#7048=CARTESIAN_POINT('',(-24.1969867877466,8.55937102324603,4.51298624548202));
#7049=CARTESIAN_POINT('',(-24.048426924532,8.25088328860904,4.49512910262488));
#7050=CARTESIAN_POINT('',(-23.8998670613174,7.94239555397204,4.47727195976774));
#7051=CARTESIAN_POINT('',(-23.8998670613174,7.6,4.45941481691059));
#7052=CARTESIAN_POINT('',(-23.8998670613174,7.25760444602797,4.44155767405345));
#7053=CARTESIAN_POINT('',(-24.048426924532,6.94911671139097,4.42370053119631));
#7054=CARTESIAN_POINT('',(-24.1969867877466,6.64062897675397,4.40584338833917));
#7055=CARTESIAN_POINT('',(-24.464682411299,6.42714884065064,4.38798624548202));
#7056=CARTESIAN_POINT('',(-24.7323780348514,6.2136687045473,4.37012910262488));
#7057=CARTESIAN_POINT('',(-25.0661890174257,6.13747852609495,4.35227195976774));
#7058=CARTESIAN_POINT('',(-25.4,6.06128834764261,4.33441481691059));
#7059=CARTESIAN_POINT('',(-25.7338109825743,6.13747852609495,4.31655767405345));
#7060=CARTESIAN_POINT('',(-26.0676219651486,6.2136687045473,4.29870053119631));
#7061=CARTESIAN_POINT('',(-26.335317588701,6.42714884065063,4.28084338833917));
#7062=CARTESIAN_POINT('',(-26.6030132122534,6.64062897675396,4.26298624548202));
#7063=CARTESIAN_POINT('',(-26.751573075468,6.94911671139096,4.24512910262488));
#7064=CARTESIAN_POINT('',(-26.9001329386826,7.25760444602797,4.22727195976774));
#7065=CARTESIAN_POINT('',(-26.9001329386826,7.6,4.20941481691059));
#7066=CARTESIAN_POINT('',(-26.9001329386826,7.94239555397203,4.19155767405345));
#7067=CARTESIAN_POINT('',(-26.751573075468,8.25088328860904,4.17370053119631));
#7068=CARTESIAN_POINT('',(-26.6030132122534,8.55937102324603,4.15584338833917));
#7069=CARTESIAN_POINT('',(-26.335317588701,8.77285115934936,4.13798624548202));
#7070=CARTESIAN_POINT('',(-26.0676219651486,8.9863312954527,4.12012910262488));
#7071=CARTESIAN_POINT('',(-25.7338109825743,9.06252147390504,4.10227195976774));
#7072=CARTESIAN_POINT('',(-25.4,9.13871165235739,4.08441481691059));
#7073=CARTESIAN_POINT('',(-25.0661890174257,9.06252147390505,4.06655767405345));
#7074=CARTESIAN_POINT('',(-24.7323780348514,8.9863312954527,4.04870053119631));
#7075=CARTESIAN_POINT('',(-24.464682411299,8.77285115934936,4.03084338833917));
#7076=CARTESIAN_POINT('',(-24.1969867877466,8.55937102324603,4.01298624548202));
#7077=CARTESIAN_POINT('',(-24.048426924532,8.25088328860904,3.99512910262488));
#7078=CARTESIAN_POINT('',(-23.8998670613174,7.94239555397204,3.97727195976774));
#7079=CARTESIAN_POINT('',(-23.8998670613174,7.60000000000001,3.95941481691059));
#7080=CARTESIAN_POINT('',(-23.8998670613174,7.25760444602797,3.94155767405345));
#7081=CARTESIAN_POINT('',(-24.048426924532,6.94911671139097,3.92370053119631));
#7082=CARTESIAN_POINT('',(-24.1969867877466,6.64062897675397,3.90584338833917));
#7083=CARTESIAN_POINT('',(-24.464682411299,6.42714884065063,3.88798624548202));
#7084=CARTESIAN_POINT('',(-24.7323780348514,6.2136687045473,3.87012910262488));
#7085=CARTESIAN_POINT('',(-25.0661890174257,6.13747852609495,3.85227195976774));
#7086=CARTESIAN_POINT('',(-25.4,6.06128834764261,3.83441481691059));
#7087=CARTESIAN_POINT('',(-25.7338109825743,6.13747852609495,3.81655767405345));
#7088=CARTESIAN_POINT('',(-26.0676219651486,6.2136687045473,3.79870053119631));
#7089=CARTESIAN_POINT('',(-26.335317588701,6.42714884065063,3.78084338833917));
#7090=CARTESIAN_POINT('',(-26.6030132122534,6.64062897675396,3.76298624548202));
#7091=CARTESIAN_POINT('',(-26.751573075468,6.94911671139097,3.74512910262488));
#7092=CARTESIAN_POINT('',(-26.9001329386826,7.25760444602797,3.72727195976774));
#7093=CARTESIAN_POINT('',(-26.9001329386826,7.6,3.70941481691059));
#7094=CARTESIAN_POINT('',(-26.9001329386826,7.94239555397203,3.69155767405345));
#7095=CARTESIAN_POINT('',(-26.751573075468,8.25088328860903,3.67370053119631));
#7096=CARTESIAN_POINT('',(-26.6030132122534,8.55937102324603,3.65584338833917));
#7097=CARTESIAN_POINT('',(-26.335317588701,8.77285115934936,3.63798624548202));
#7098=CARTESIAN_POINT('',(-26.0676219651486,8.9863312954527,3.62012910262488));
#7099=CARTESIAN_POINT('',(-25.7338109825743,9.06252147390505,3.60227195976774));
#7100=CARTESIAN_POINT('',(-25.4,9.13871165235739,3.58441481691059));
#7101=CARTESIAN_POINT('',(-25.0661890174257,9.06252147390505,3.56655767405345));
#7102=CARTESIAN_POINT('',(-24.7323780348514,8.9863312954527,3.54870053119631));
#7103=CARTESIAN_POINT('',(-24.464682411299,8.77285115934937,3.53084338833917));
#7104=CARTESIAN_POINT('',(-24.1969867877466,8.55937102324603,3.51298624548202));
#7105=CARTESIAN_POINT('',(-24.048426924532,8.25088328860904,3.49512910262488));
#7106=CARTESIAN_POINT('',(-23.8998670613174,7.94239555397204,3.47727195976774));
#7107=CARTESIAN_POINT('',(-23.8998670613174,7.6,3.45941481691059));
#7108=CARTESIAN_POINT('',(-23.8998670613174,7.25760444602797,3.44155767405345));
#7109=CARTESIAN_POINT('',(-24.048426924532,6.94911671139097,3.42370053119631));
#7110=CARTESIAN_POINT('',(-24.1969867877466,6.64062897675397,3.40584338833917));
#7111=CARTESIAN_POINT('',(-24.464682411299,6.42714884065064,3.38798624548202));
#7112=CARTESIAN_POINT('',(-24.7323780348514,6.2136687045473,3.37012910262488));
#7113=CARTESIAN_POINT('',(-25.0661890174257,6.13747852609495,3.35227195976774));
#7114=CARTESIAN_POINT('',(-25.4,6.06128834764261,3.33441481691059));
#7115=CARTESIAN_POINT('',(-25.7338109825743,6.13747852609495,3.31655767405345));
#7116=CARTESIAN_POINT('',(-26.0676219651486,6.2136687045473,3.29870053119631));
#7117=CARTESIAN_POINT('',(-26.335317588701,6.42714884065063,3.28084338833916));
#7118=CARTESIAN_POINT('',(-26.6030132122534,6.64062897675396,3.26298624548202));
#7119=CARTESIAN_POINT('',(-26.751573075468,6.94911671139096,3.24512910262488));
#7120=CARTESIAN_POINT('',(-26.9001329386826,7.25760444602797,3.22727195976774));
#7121=CARTESIAN_POINT('',(-26.9001329386826,7.6,3.20941481691059));
#7122=CARTESIAN_POINT('',(-26.9001329386826,7.94239555397202,3.19155767405345));
#7123=CARTESIAN_POINT('',(-26.751573075468,8.25088328860904,3.17370053119631));
#7124=CARTESIAN_POINT('',(-26.6030132122534,8.55937102324603,3.15584338833917));
#7125=CARTESIAN_POINT('',(-26.335317588701,8.77285115934936,3.13798624548202));
#7126=CARTESIAN_POINT('',(-26.0676219651486,8.9863312954527,3.12012910262488));
#7127=CARTESIAN_POINT('',(-25.7338109825743,9.06252147390504,3.10227195976774));
#7128=CARTESIAN_POINT('',(-25.4,9.13871165235739,3.08441481691059));
#7129=CARTESIAN_POINT('',(-25.0661890174257,9.06252147390505,3.06655767405345));
#7130=CARTESIAN_POINT('',(-24.7323780348514,8.9863312954527,3.04870053119631));
#7131=CARTESIAN_POINT('',(-24.464682411299,8.77285115934937,3.03084338833917));
#7132=CARTESIAN_POINT('',(-24.1969867877466,8.55937102324603,3.01298624548202));
#7133=CARTESIAN_POINT('',(-24.048426924532,8.25088328860904,2.99512910262488));
#7134=CARTESIAN_POINT('',(-23.8998670613174,7.94239555397204,2.97727195976774));
#7135=CARTESIAN_POINT('',(-23.8998670613174,7.60000000000001,2.95941481691059));
#7136=CARTESIAN_POINT('',(-23.8998670613174,7.25760444602797,2.94155767405345));
#7137=CARTESIAN_POINT('',(-24.048426924532,6.94911671139097,2.92370053119631));
#7138=CARTESIAN_POINT('',(-24.1969867877466,6.64062897675397,2.90584338833917));
#7139=CARTESIAN_POINT('',(-24.464682411299,6.42714884065063,2.88798624548202));
#7140=CARTESIAN_POINT('',(-24.7323780348514,6.2136687045473,2.87012910262488));
#7141=CARTESIAN_POINT('',(-25.0661890174257,6.13747852609495,2.85227195976774));
#7142=CARTESIAN_POINT('',(-25.4,6.06128834764261,2.83441481691059));
#7143=CARTESIAN_POINT('',(-25.7338109825743,6.13747852609495,2.81655767405345));
#7144=CARTESIAN_POINT('',(-26.0676219651486,6.2136687045473,2.79870053119631));
#7145=CARTESIAN_POINT('',(-26.335317588701,6.42714884065063,2.78084338833917));
#7146=CARTESIAN_POINT('',(-26.6030132122534,6.64062897675396,2.76298624548202));
#7147=CARTESIAN_POINT('',(-26.751573075468,6.94911671139097,2.74512910262488));
#7148=CARTESIAN_POINT('',(-26.9001329386826,7.25760444602797,2.72727195976774));
#7149=CARTESIAN_POINT('',(-26.9001329386826,7.6,2.70941481691059));
#7150=CARTESIAN_POINT('',(-26.9001329386826,7.6,7.70941481691059));
#7151=CARTESIAN_POINT('',(-26.9001329386826,7.94239555397203,7.69155767405345));
#7152=CARTESIAN_POINT('',(-26.751573075468,8.25088328860903,7.67370053119631));
#7153=CARTESIAN_POINT('',(-26.6030132122534,8.55937102324603,7.65584338833917));
#7154=CARTESIAN_POINT('',(-26.335317588701,8.77285115934937,7.63798624548202));
#7155=CARTESIAN_POINT('',(-26.0676219651486,8.9863312954527,7.62012910262488));
#7156=CARTESIAN_POINT('',(-25.7338109825743,9.06252147390505,7.60227195976774));
#7157=CARTESIAN_POINT('',(-25.4,9.13871165235739,7.58441481691059));
#7158=CARTESIAN_POINT('',(-25.0661890174257,9.06252147390505,7.56655767405345));
#7159=CARTESIAN_POINT('',(-24.7323780348514,8.9863312954527,7.54870053119631));
#7160=CARTESIAN_POINT('',(-24.464682411299,8.77285115934937,7.53084338833917));
#7161=CARTESIAN_POINT('',(-24.1969867877466,8.55937102324603,7.51298624548202));
#7162=CARTESIAN_POINT('',(-24.048426924532,8.25088328860903,7.49512910262488));
#7163=CARTESIAN_POINT('',(-23.8998670613174,7.94239555397203,7.47727195976774));
#7164=CARTESIAN_POINT('',(-23.8998670613174,7.6,7.45941481691059));
#7165=CARTESIAN_POINT('',(-23.8998670613174,7.25760444602797,7.44155767405345));
#7166=CARTESIAN_POINT('',(-24.048426924532,6.94911671139097,7.42370053119631));
#7167=CARTESIAN_POINT('',(-24.1969867877466,6.64062897675397,7.40584338833917));
#7168=CARTESIAN_POINT('',(-24.464682411299,6.42714884065063,7.38798624548202));
#7169=CARTESIAN_POINT('',(-24.7323780348514,6.2136687045473,7.37012910262488));
#7170=CARTESIAN_POINT('',(-25.0661890174257,6.13747852609495,7.35227195976774));
#7171=CARTESIAN_POINT('',(-25.4,6.06128834764261,7.33441481691059));
#7172=CARTESIAN_POINT('',(-25.7338109825743,6.13747852609495,7.31655767405345));
#7173=CARTESIAN_POINT('',(-26.0676219651486,6.2136687045473,7.29870053119631));
#7174=CARTESIAN_POINT('',(-26.335317588701,6.42714884065063,7.28084338833917));
#7175=CARTESIAN_POINT('',(-26.6030132122534,6.64062897675397,7.26298624548202));
#7176=CARTESIAN_POINT('',(-26.751573075468,6.94911671139097,7.24512910262488));
#7177=CARTESIAN_POINT('',(-26.9001329386826,7.25760444602797,7.22727195976774));
#7178=CARTESIAN_POINT('',(-26.9001329386826,7.6,7.20941481691059));
#7179=CARTESIAN_POINT('',(-26.9001329386826,7.94239555397203,7.19155767405345));
#7180=CARTESIAN_POINT('',(-26.751573075468,8.25088328860903,7.17370053119631));
#7181=CARTESIAN_POINT('',(-26.6030132122534,8.55937102324603,7.15584338833917));
#7182=CARTESIAN_POINT('',(-26.335317588701,8.77285115934937,7.13798624548202));
#7183=CARTESIAN_POINT('',(-26.0676219651486,8.9863312954527,7.12012910262488));
#7184=CARTESIAN_POINT('',(-25.7338109825743,9.06252147390505,7.10227195976774));
#7185=CARTESIAN_POINT('',(-25.4,9.13871165235739,7.08441481691059));
#7186=CARTESIAN_POINT('',(-25.0661890174257,9.06252147390505,7.06655767405345));
#7187=CARTESIAN_POINT('',(-24.7323780348514,8.9863312954527,7.04870053119631));
#7188=CARTESIAN_POINT('',(-24.464682411299,8.77285115934937,7.03084338833917));
#7189=CARTESIAN_POINT('',(-24.1969867877466,8.55937102324603,7.01298624548202));
#7190=CARTESIAN_POINT('',(-24.048426924532,8.25088328860903,6.99512910262488));
#7191=CARTESIAN_POINT('',(-23.8998670613174,7.94239555397203,6.97727195976774));
#7192=CARTESIAN_POINT('',(-23.8998670613174,7.6,6.95941481691059));
#7193=CARTESIAN_POINT('',(-23.8998670613174,7.25760444602797,6.94155767405345));
#7194=CARTESIAN_POINT('',(-24.048426924532,6.94911671139097,6.92370053119631));
#7195=CARTESIAN_POINT('',(-24.1969867877466,6.64062897675397,6.90584338833917));
#7196=CARTESIAN_POINT('',(-24.464682411299,6.42714884065063,6.88798624548202));
#7197=CARTESIAN_POINT('',(-24.7323780348514,6.2136687045473,6.87012910262488));
#7198=CARTESIAN_POINT('',(-25.0661890174257,6.13747852609495,6.85227195976774));
#7199=CARTESIAN_POINT('',(-25.4,6.06128834764261,6.83441481691059));
#7200=CARTESIAN_POINT('',(-25.7338109825743,6.13747852609495,6.81655767405345));
#7201=CARTESIAN_POINT('',(-26.0676219651486,6.2136687045473,6.79870053119631));
#7202=CARTESIAN_POINT('',(-26.335317588701,6.42714884065063,6.78084338833917));
#7203=CARTESIAN_POINT('',(-26.6030132122534,6.64062897675397,6.76298624548202));
#7204=CARTESIAN_POINT('',(-26.751573075468,6.94911671139097,6.74512910262488));
#7205=CARTESIAN_POINT('',(-26.9001329386826,7.25760444602797,6.72727195976774));
#7206=CARTESIAN_POINT('',(-26.9001329386826,7.6,6.70941481691059));
#7207=CARTESIAN_POINT('',(-26.9001329386826,7.94239555397203,6.69155767405345));
#7208=CARTESIAN_POINT('',(-26.751573075468,8.25088328860903,6.67370053119631));
#7209=CARTESIAN_POINT('',(-26.6030132122534,8.55937102324603,6.65584338833916));
#7210=CARTESIAN_POINT('',(-26.335317588701,8.77285115934937,6.63798624548202));
#7211=CARTESIAN_POINT('',(-26.0676219651486,8.9863312954527,6.62012910262488));
#7212=CARTESIAN_POINT('',(-25.7338109825743,9.06252147390505,6.60227195976774));
#7213=CARTESIAN_POINT('',(-25.4,9.13871165235739,6.58441481691059));
#7214=CARTESIAN_POINT('',(-25.0661890174257,9.06252147390505,6.56655767405345));
#7215=CARTESIAN_POINT('',(-24.7323780348514,8.9863312954527,6.54870053119631));
#7216=CARTESIAN_POINT('',(-24.464682411299,8.77285115934937,6.53084338833917));
#7217=CARTESIAN_POINT('',(-24.1969867877466,8.55937102324603,6.51298624548202));
#7218=CARTESIAN_POINT('',(-24.048426924532,8.25088328860903,6.49512910262488));
#7219=CARTESIAN_POINT('',(-23.8998670613174,7.94239555397203,6.47727195976774));
#7220=CARTESIAN_POINT('',(-23.8998670613174,7.6,6.45941481691059));
#7221=CARTESIAN_POINT('',(-23.8998670613174,7.25760444602797,6.44155767405345));
#7222=CARTESIAN_POINT('',(-24.048426924532,6.94911671139097,6.42370053119631));
#7223=CARTESIAN_POINT('',(-24.1969867877466,6.64062897675397,6.40584338833917));
#7224=CARTESIAN_POINT('',(-24.464682411299,6.42714884065063,6.38798624548202));
#7225=CARTESIAN_POINT('',(-24.7323780348514,6.2136687045473,6.37012910262488));
#7226=CARTESIAN_POINT('',(-25.0661890174257,6.13747852609495,6.35227195976774));
#7227=CARTESIAN_POINT('',(-25.4,6.06128834764261,6.33441481691059));
#7228=CARTESIAN_POINT('',(-25.7338109825743,6.13747852609495,6.31655767405345));
#7229=CARTESIAN_POINT('',(-26.0676219651486,6.2136687045473,6.29870053119631));
#7230=CARTESIAN_POINT('',(-26.335317588701,6.42714884065063,6.28084338833917));
#7231=CARTESIAN_POINT('',(-26.6030132122534,6.64062897675397,6.26298624548202));
#7232=CARTESIAN_POINT('',(-26.751573075468,6.94911671139097,6.24512910262488));
#7233=CARTESIAN_POINT('',(-26.9001329386826,7.25760444602797,6.22727195976774));
#7234=CARTESIAN_POINT('',(-26.9001329386826,7.6,6.20941481691059));
#7235=CARTESIAN_POINT('',(-26.9001329386826,7.94239555397203,6.19155767405345));
#7236=CARTESIAN_POINT('',(-26.751573075468,8.25088328860903,6.17370053119631));
#7237=CARTESIAN_POINT('',(-26.6030132122534,8.55937102324603,6.15584338833917));
#7238=CARTESIAN_POINT('',(-26.335317588701,8.77285115934937,6.13798624548202));
#7239=CARTESIAN_POINT('',(-26.0676219651486,8.9863312954527,6.12012910262488));
#7240=CARTESIAN_POINT('',(-25.7338109825743,9.06252147390505,6.10227195976774));
#7241=CARTESIAN_POINT('',(-25.4,9.13871165235739,6.08441481691059));
#7242=CARTESIAN_POINT('',(-25.0661890174257,9.06252147390505,6.06655767405345));
#7243=CARTESIAN_POINT('',(-24.7323780348514,8.9863312954527,6.04870053119631));
#7244=CARTESIAN_POINT('',(-24.464682411299,8.77285115934937,6.03084338833917));
#7245=CARTESIAN_POINT('',(-24.1969867877466,8.55937102324603,6.01298624548202));
#7246=CARTESIAN_POINT('',(-24.048426924532,8.25088328860903,5.99512910262488));
#7247=CARTESIAN_POINT('',(-23.8998670613174,7.94239555397203,5.97727195976774));
#7248=CARTESIAN_POINT('',(-23.8998670613174,7.6,5.95941481691059));
#7249=CARTESIAN_POINT('',(-23.8998670613174,7.25760444602797,5.94155767405345));
#7250=CARTESIAN_POINT('',(-24.048426924532,6.94911671139097,5.92370053119631));
#7251=CARTESIAN_POINT('',(-24.1969867877466,6.64062897675397,5.90584338833917));
#7252=CARTESIAN_POINT('',(-24.464682411299,6.42714884065063,5.88798624548202));
#7253=CARTESIAN_POINT('',(-24.7323780348514,6.2136687045473,5.87012910262488));
#7254=CARTESIAN_POINT('',(-25.0661890174257,6.13747852609495,5.85227195976774));
#7255=CARTESIAN_POINT('',(-25.4,6.06128834764261,5.83441481691059));
#7256=CARTESIAN_POINT('',(-25.7338109825743,6.13747852609495,5.81655767405345));
#7257=CARTESIAN_POINT('',(-26.0676219651486,6.2136687045473,5.79870053119631));
#7258=CARTESIAN_POINT('',(-26.335317588701,6.42714884065063,5.78084338833917));
#7259=CARTESIAN_POINT('',(-26.6030132122534,6.64062897675397,5.76298624548202));
#7260=CARTESIAN_POINT('',(-26.751573075468,6.94911671139097,5.74512910262488));
#7261=CARTESIAN_POINT('',(-26.9001329386826,7.25760444602797,5.72727195976774));
#7262=CARTESIAN_POINT('',(-26.9001329386826,7.6,5.70941481691059));
#7263=CARTESIAN_POINT('',(-26.9001329386826,7.94239555397203,5.69155767405345));
#7264=CARTESIAN_POINT('',(-26.751573075468,8.25088328860903,5.67370053119631));
#7265=CARTESIAN_POINT('',(-26.6030132122534,8.55937102324603,5.65584338833917));
#7266=CARTESIAN_POINT('',(-26.335317588701,8.77285115934937,5.63798624548202));
#7267=CARTESIAN_POINT('',(-26.0676219651486,8.9863312954527,5.62012910262488));
#7268=CARTESIAN_POINT('',(-25.7338109825743,9.06252147390505,5.60227195976774));
#7269=CARTESIAN_POINT('',(-25.4,9.13871165235739,5.58441481691059));
#7270=CARTESIAN_POINT('',(-25.0661890174257,9.06252147390505,5.56655767405345));
#7271=CARTESIAN_POINT('',(-24.7323780348514,8.9863312954527,5.54870053119631));
#7272=CARTESIAN_POINT('',(-24.464682411299,8.77285115934937,5.53084338833917));
#7273=CARTESIAN_POINT('',(-24.1969867877466,8.55937102324603,5.51298624548202));
#7274=CARTESIAN_POINT('',(-24.048426924532,8.25088328860903,5.49512910262488));
#7275=CARTESIAN_POINT('',(-23.8998670613174,7.94239555397203,5.47727195976774));
#7276=CARTESIAN_POINT('',(-23.8998670613174,7.6,5.45941481691059));
#7277=CARTESIAN_POINT('',(-23.8998670613174,7.25760444602797,5.44155767405345));
#7278=CARTESIAN_POINT('',(-24.048426924532,6.94911671139097,5.42370053119631));
#7279=CARTESIAN_POINT('',(-24.1969867877466,6.64062897675397,5.40584338833917));
#7280=CARTESIAN_POINT('',(-24.464682411299,6.42714884065063,5.38798624548202));
#7281=CARTESIAN_POINT('',(-24.7323780348514,6.2136687045473,5.37012910262488));
#7282=CARTESIAN_POINT('',(-25.0661890174257,6.13747852609495,5.35227195976774));
#7283=CARTESIAN_POINT('',(-25.4,6.06128834764261,5.33441481691059));
#7284=CARTESIAN_POINT('',(-25.7338109825743,6.13747852609495,5.31655767405345));
#7285=CARTESIAN_POINT('',(-26.0676219651486,6.2136687045473,5.29870053119631));
#7286=CARTESIAN_POINT('',(-26.335317588701,6.42714884065063,5.28084338833917));
#7287=CARTESIAN_POINT('',(-26.6030132122534,6.64062897675397,5.26298624548202));
#7288=CARTESIAN_POINT('',(-26.751573075468,6.94911671139097,5.24512910262488));
#7289=CARTESIAN_POINT('',(-26.9001329386826,7.25760444602797,5.22727195976774));
#7290=CARTESIAN_POINT('',(-26.9001329386826,7.6,5.20941481691059));
#7291=CARTESIAN_POINT('',(-26.9001329386826,7.94239555397203,5.19155767405345));
#7292=CARTESIAN_POINT('',(-26.751573075468,8.25088328860903,5.17370053119631));
#7293=CARTESIAN_POINT('',(-26.6030132122534,8.55937102324603,5.15584338833917));
#7294=CARTESIAN_POINT('',(-26.335317588701,8.77285115934937,5.13798624548202));
#7295=CARTESIAN_POINT('',(-26.0676219651486,8.9863312954527,5.12012910262488));
#7296=CARTESIAN_POINT('',(-25.7338109825743,9.06252147390505,5.10227195976774));
#7297=CARTESIAN_POINT('',(-25.4,9.13871165235739,5.08441481691059));
#7298=CARTESIAN_POINT('',(-25.0661890174257,9.06252147390505,5.06655767405345));
#7299=CARTESIAN_POINT('',(-24.7323780348514,8.9863312954527,5.04870053119631));
#7300=CARTESIAN_POINT('',(-24.464682411299,8.77285115934937,5.03084338833917));
#7301=CARTESIAN_POINT('',(-24.1969867877466,8.55937102324603,5.01298624548202));
#7302=CARTESIAN_POINT('',(-24.048426924532,8.25088328860903,4.99512910262488));
#7303=CARTESIAN_POINT('',(-23.8998670613174,7.94239555397203,4.97727195976774));
#7304=CARTESIAN_POINT('',(-23.8998670613174,7.6,4.95941481691059));
#7305=CARTESIAN_POINT('',(-23.8998670613174,7.25760444602797,4.94155767405345));
#7306=CARTESIAN_POINT('',(-24.048426924532,6.94911671139097,4.92370053119631));
#7307=CARTESIAN_POINT('',(-24.1969867877466,6.64062897675397,4.90584338833917));
#7308=CARTESIAN_POINT('',(-24.464682411299,6.42714884065063,4.88798624548202));
#7309=CARTESIAN_POINT('',(-24.7323780348514,6.2136687045473,4.87012910262488));
#7310=CARTESIAN_POINT('',(-25.0661890174257,6.13747852609495,4.85227195976774));
#7311=CARTESIAN_POINT('',(-25.4,6.06128834764261,4.83441481691059));
#7312=CARTESIAN_POINT('',(-25.7338109825743,6.13747852609495,4.81655767405345));
#7313=CARTESIAN_POINT('',(-26.0676219651486,6.2136687045473,4.79870053119631));
#7314=CARTESIAN_POINT('',(-26.335317588701,6.42714884065063,4.78084338833917));
#7315=CARTESIAN_POINT('',(-26.6030132122534,6.64062897675397,4.76298624548202));
#7316=CARTESIAN_POINT('',(-26.751573075468,6.94911671139097,4.74512910262488));
#7317=CARTESIAN_POINT('',(-26.9001329386826,7.25760444602797,4.72727195976774));
#7318=CARTESIAN_POINT('',(-26.9001329386826,7.6,4.70941481691059));
#7319=CARTESIAN_POINT('',(-26.9001329386826,7.94239555397203,4.69155767405345));
#7320=CARTESIAN_POINT('',(-26.751573075468,8.25088328860903,4.67370053119631));
#7321=CARTESIAN_POINT('',(-26.6030132122534,8.55937102324603,4.65584338833917));
#7322=CARTESIAN_POINT('',(-26.335317588701,8.77285115934937,4.63798624548202));
#7323=CARTESIAN_POINT('',(-26.0676219651486,8.9863312954527,4.62012910262488));
#7324=CARTESIAN_POINT('',(-25.7338109825743,9.06252147390505,4.60227195976774));
#7325=CARTESIAN_POINT('',(-25.4,9.13871165235739,4.58441481691059));
#7326=CARTESIAN_POINT('',(-25.0661890174257,9.06252147390505,4.56655767405345));
#7327=CARTESIAN_POINT('',(-24.7642367872203,8.99360284778311,4.55040480793374));
#7328=CARTESIAN_POINT('',(-24.5142684651194,8.81073468680744,4.53411258967235));
#7329=CARTESIAN_POINT('',(-26.6295,7.6,7.55316481691059));
#7330=CARTESIAN_POINT('',(-26.6295,7.88062535176269,7.53530767405345));
#7331=CARTESIAN_POINT('',(-26.507741223086,8.13346005724504,7.51745053119631));
#7332=CARTESIAN_POINT('',(-26.3859824461721,8.38629476272739,7.49959338833917));
#7333=CARTESIAN_POINT('',(-26.1665807113853,8.56126180769444,7.48173624548202));
#7334=CARTESIAN_POINT('',(-25.9471789765986,8.7362288526615,7.46387910262488));
#7335=CARTESIAN_POINT('',(-25.6735894882993,8.79867386802755,7.44602195976774));
#7336=CARTESIAN_POINT('',(-25.4,8.86111888339361,7.42816481691059));
#7337=CARTESIAN_POINT('',(-25.1264105117007,8.79867386802755,7.41030767405345));
#7338=CARTESIAN_POINT('',(-24.8528210234014,8.7362288526615,7.39245053119631));
#7339=CARTESIAN_POINT('',(-24.6334192886147,8.56126180769444,7.37459338833917));
#7340=CARTESIAN_POINT('',(-24.414017553828,8.38629476272739,7.35673624548202));
#7341=CARTESIAN_POINT('',(-24.292258776914,8.13346005724504,7.33887910262488));
#7342=CARTESIAN_POINT('',(-24.1705,7.88062535176269,7.32102195976774));
#7343=CARTESIAN_POINT('',(-24.1705,7.6,7.30316481691059));
#7344=CARTESIAN_POINT('',(-24.1705,7.31937464823731,7.28530767405345));
#7345=CARTESIAN_POINT('',(-24.292258776914,7.06653994275496,7.26745053119631));
#7346=CARTESIAN_POINT('',(-24.414017553828,6.81370523727261,7.24959338833917));
#7347=CARTESIAN_POINT('',(-24.6334192886147,6.63873819230556,7.23173624548202));
#7348=CARTESIAN_POINT('',(-24.8528210234014,6.4637711473385,7.21387910262488));
#7349=CARTESIAN_POINT('',(-25.1264105117007,6.40132613197245,7.19602195976774));
#7350=CARTESIAN_POINT('',(-25.4,6.33888111660639,7.17816481691059));
#7351=CARTESIAN_POINT('',(-25.6735894882993,6.40132613197245,7.16030767405345));
#7352=CARTESIAN_POINT('',(-25.9471789765986,6.4637711473385,7.14245053119631));
#7353=CARTESIAN_POINT('',(-26.1665807113853,6.63873819230556,7.12459338833917));
#7354=CARTESIAN_POINT('',(-26.3859824461721,6.81370523727261,7.10673624548202));
#7355=CARTESIAN_POINT('',(-26.507741223086,7.06653994275496,7.08887910262488));
#7356=CARTESIAN_POINT('',(-26.6295,7.31937464823731,7.07102195976774));
#7357=CARTESIAN_POINT('',(-26.6295,7.6,7.05316481691059));
#7358=CARTESIAN_POINT('',(-26.6295,7.88062535176269,7.03530767405345));
#7359=CARTESIAN_POINT('',(-26.507741223086,8.13346005724504,7.01745053119631));
#7360=CARTESIAN_POINT('',(-26.3859824461721,8.38629476272739,6.99959338833917));
#7361=CARTESIAN_POINT('',(-26.1665807113853,8.56126180769444,6.98173624548202));
#7362=CARTESIAN_POINT('',(-25.9471789765986,8.7362288526615,6.96387910262488));
#7363=CARTESIAN_POINT('',(-25.6735894882993,8.79867386802755,6.94602195976774));
#7364=CARTESIAN_POINT('',(-25.4,8.86111888339361,6.92816481691059));
#7365=CARTESIAN_POINT('',(-25.1264105117007,8.79867386802755,6.91030767405345));
#7366=CARTESIAN_POINT('',(-24.8528210234014,8.7362288526615,6.89245053119631));
#7367=CARTESIAN_POINT('',(-24.6334192886147,8.56126180769444,6.87459338833917));
#7368=CARTESIAN_POINT('',(-24.414017553828,8.38629476272739,6.85673624548202));
#7369=CARTESIAN_POINT('',(-24.292258776914,8.13346005724504,6.83887910262488));
#7370=CARTESIAN_POINT('',(-24.1705,7.88062535176269,6.82102195976774));
#7371=CARTESIAN_POINT('',(-24.1705,7.6,6.80316481691059));
#7372=CARTESIAN_POINT('',(-24.1705,7.31937464823731,6.78530767405345));
#7373=CARTESIAN_POINT('',(-24.292258776914,7.06653994275496,6.76745053119631));
#7374=CARTESIAN_POINT('',(-24.414017553828,6.81370523727261,6.74959338833917));
#7375=CARTESIAN_POINT('',(-24.6334192886147,6.63873819230556,6.73173624548202));
#7376=CARTESIAN_POINT('',(-24.8528210234014,6.4637711473385,6.71387910262488));
#7377=CARTESIAN_POINT('',(-25.1264105117007,6.40132613197245,6.69602195976774));
#7378=CARTESIAN_POINT('',(-25.4,6.33888111660639,6.67816481691059));
#7379=CARTESIAN_POINT('',(-25.6735894882993,6.40132613197245,6.66030767405345));
#7380=CARTESIAN_POINT('',(-25.9471789765986,6.4637711473385,6.64245053119631));
#7381=CARTESIAN_POINT('',(-26.1665807113853,6.63873819230556,6.62459338833917));
#7382=CARTESIAN_POINT('',(-26.3859824461721,6.81370523727261,6.60673624548202));
#7383=CARTESIAN_POINT('',(-26.507741223086,7.06653994275496,6.58887910262488));
#7384=CARTESIAN_POINT('',(-26.6295,7.31937464823731,6.57102195976774));
#7385=CARTESIAN_POINT('',(-26.6295,7.6,6.55316481691059));
#7386=CARTESIAN_POINT('',(-26.6295,7.88062535176269,6.53530767405345));
#7387=CARTESIAN_POINT('',(-26.507741223086,8.13346005724504,6.51745053119631));
#7388=CARTESIAN_POINT('',(-26.3859824461721,8.38629476272739,6.49959338833917));
#7389=CARTESIAN_POINT('',(-26.1665807113853,8.56126180769444,6.48173624548202));
#7390=CARTESIAN_POINT('',(-25.9471789765986,8.7362288526615,6.46387910262488));
#7391=CARTESIAN_POINT('',(-25.6735894882993,8.79867386802755,6.44602195976774));
#7392=CARTESIAN_POINT('',(-25.4,8.86111888339361,6.42816481691059));
#7393=CARTESIAN_POINT('',(-25.1264105117007,8.79867386802755,6.41030767405345));
#7394=CARTESIAN_POINT('',(-24.8528210234014,8.7362288526615,6.39245053119631));
#7395=CARTESIAN_POINT('',(-24.6334192886147,8.56126180769444,6.37459338833917));
#7396=CARTESIAN_POINT('',(-24.414017553828,8.38629476272739,6.35673624548202));
#7397=CARTESIAN_POINT('',(-24.292258776914,8.13346005724504,6.33887910262488));
#7398=CARTESIAN_POINT('',(-24.1705,7.88062535176269,6.32102195976774));
#7399=CARTESIAN_POINT('',(-24.1705,7.6,6.30316481691059));
#7400=CARTESIAN_POINT('',(-24.1705,7.31937464823731,6.28530767405345));
#7401=CARTESIAN_POINT('',(-24.292258776914,7.06653994275496,6.26745053119631));
#7402=CARTESIAN_POINT('',(-24.414017553828,6.81370523727261,6.24959338833917));
#7403=CARTESIAN_POINT('',(-24.6334192886147,6.63873819230556,6.23173624548202));
#7404=CARTESIAN_POINT('',(-24.8528210234014,6.4637711473385,6.21387910262488));
#7405=CARTESIAN_POINT('',(-25.1264105117007,6.40132613197245,6.19602195976774));
#7406=CARTESIAN_POINT('',(-25.4,6.33888111660639,6.17816481691059));
#7407=CARTESIAN_POINT('',(-25.6735894882993,6.40132613197245,6.16030767405345));
#7408=CARTESIAN_POINT('',(-25.9471789765986,6.4637711473385,6.14245053119631));
#7409=CARTESIAN_POINT('',(-26.1665807113853,6.63873819230556,6.12459338833917));
#7410=CARTESIAN_POINT('',(-26.3859824461721,6.81370523727261,6.10673624548202));
#7411=CARTESIAN_POINT('',(-26.507741223086,7.06653994275496,6.08887910262488));
#7412=CARTESIAN_POINT('',(-26.6295,7.31937464823731,6.07102195976774));
#7413=CARTESIAN_POINT('',(-26.6295,7.6,6.05316481691059));
#7414=CARTESIAN_POINT('',(-26.6295,7.88062535176269,6.03530767405345));
#7415=CARTESIAN_POINT('',(-26.507741223086,8.13346005724504,6.01745053119631));
#7416=CARTESIAN_POINT('',(-26.3859824461721,8.38629476272739,5.99959338833917));
#7417=CARTESIAN_POINT('',(-26.1665807113853,8.56126180769444,5.98173624548202));
#7418=CARTESIAN_POINT('',(-25.9471789765986,8.7362288526615,5.96387910262488));
#7419=CARTESIAN_POINT('',(-25.6735894882993,8.79867386802755,5.94602195976774));
#7420=CARTESIAN_POINT('',(-25.4,8.86111888339361,5.92816481691059));
#7421=CARTESIAN_POINT('',(-25.1264105117007,8.79867386802755,5.91030767405345));
#7422=CARTESIAN_POINT('',(-24.8528210234014,8.7362288526615,5.89245053119631));
#7423=CARTESIAN_POINT('',(-24.6334192886147,8.56126180769444,5.87459338833917));
#7424=CARTESIAN_POINT('',(-24.414017553828,8.38629476272739,5.85673624548202));
#7425=CARTESIAN_POINT('',(-24.292258776914,8.13346005724504,5.83887910262488));
#7426=CARTESIAN_POINT('',(-24.1705,7.88062535176269,5.82102195976774));
#7427=CARTESIAN_POINT('',(-24.1705,7.6,5.80316481691059));
#7428=CARTESIAN_POINT('',(-24.1705,7.31937464823731,5.78530767405345));
#7429=CARTESIAN_POINT('',(-24.292258776914,7.06653994275496,5.76745053119631));
#7430=CARTESIAN_POINT('',(-24.414017553828,6.81370523727261,5.74959338833917));
#7431=CARTESIAN_POINT('',(-24.6334192886147,6.63873819230556,5.73173624548202));
#7432=CARTESIAN_POINT('',(-24.8528210234014,6.4637711473385,5.71387910262488));
#7433=CARTESIAN_POINT('',(-25.1264105117007,6.40132613197245,5.69602195976774));
#7434=CARTESIAN_POINT('',(-25.4,6.33888111660639,5.67816481691059));
#7435=CARTESIAN_POINT('',(-25.6735894882993,6.40132613197245,5.66030767405345));
#7436=CARTESIAN_POINT('',(-25.9471789765986,6.4637711473385,5.64245053119631));
#7437=CARTESIAN_POINT('',(-26.1665807113853,6.63873819230556,5.62459338833917));
#7438=CARTESIAN_POINT('',(-26.3859824461721,6.81370523727261,5.60673624548202));
#7439=CARTESIAN_POINT('',(-26.507741223086,7.06653994275496,5.58887910262488));
#7440=CARTESIAN_POINT('',(-26.6295,7.31937464823731,5.57102195976774));
#7441=CARTESIAN_POINT('',(-26.6295,7.6,5.55316481691059));
#7442=CARTESIAN_POINT('',(-26.6295,7.88062535176269,5.53530767405345));
#7443=CARTESIAN_POINT('',(-26.507741223086,8.13346005724504,5.51745053119631));
#7444=CARTESIAN_POINT('',(-26.3859824461721,8.38629476272739,5.49959338833917));
#7445=CARTESIAN_POINT('',(-26.1665807113853,8.56126180769444,5.48173624548202));
#7446=CARTESIAN_POINT('',(-25.9471789765986,8.7362288526615,5.46387910262488));
#7447=CARTESIAN_POINT('',(-25.6735894882993,8.79867386802755,5.44602195976774));
#7448=CARTESIAN_POINT('',(-25.4,8.86111888339361,5.42816481691059));
#7449=CARTESIAN_POINT('',(-25.1264105117007,8.79867386802755,5.41030767405345));
#7450=CARTESIAN_POINT('',(-24.8528210234014,8.7362288526615,5.39245053119631));
#7451=CARTESIAN_POINT('',(-24.6334192886147,8.56126180769444,5.37459338833917));
#7452=CARTESIAN_POINT('',(-24.414017553828,8.38629476272739,5.35673624548202));
#7453=CARTESIAN_POINT('',(-24.292258776914,8.13346005724504,5.33887910262488));
#7454=CARTESIAN_POINT('',(-24.1705,7.88062535176269,5.32102195976774));
#7455=CARTESIAN_POINT('',(-24.1705,7.6,5.30316481691059));
#7456=CARTESIAN_POINT('',(-24.1705,7.31937464823731,5.28530767405345));
#7457=CARTESIAN_POINT('',(-24.292258776914,7.06653994275496,5.26745053119631));
#7458=CARTESIAN_POINT('',(-24.414017553828,6.81370523727261,5.24959338833917));
#7459=CARTESIAN_POINT('',(-24.6334192886147,6.63873819230556,5.23173624548202));
#7460=CARTESIAN_POINT('',(-24.8528210234014,6.4637711473385,5.21387910262488));
#7461=CARTESIAN_POINT('',(-25.1264105117007,6.40132613197245,5.19602195976774));
#7462=CARTESIAN_POINT('',(-25.4,6.33888111660639,5.17816481691059));
#7463=CARTESIAN_POINT('',(-25.6735894882993,6.40132613197245,5.16030767405345));
#7464=CARTESIAN_POINT('',(-25.9471789765986,6.4637711473385,5.14245053119631));
#7465=CARTESIAN_POINT('',(-26.1665807113853,6.63873819230556,5.12459338833917));
#7466=CARTESIAN_POINT('',(-26.3859824461721,6.81370523727261,5.10673624548202));
#7467=CARTESIAN_POINT('',(-26.507741223086,7.06653994275496,5.08887910262488));
#7468=CARTESIAN_POINT('',(-26.6295,7.31937464823731,5.07102195976774));
#7469=CARTESIAN_POINT('',(-26.6295,7.6,5.05316481691059));
#7470=CARTESIAN_POINT('',(-26.6295,7.88062535176269,5.03530767405345));
#7471=CARTESIAN_POINT('',(-26.507741223086,8.13346005724504,5.01745053119631));
#7472=CARTESIAN_POINT('',(-26.3859824461721,8.38629476272739,4.99959338833917));
#7473=CARTESIAN_POINT('',(-26.1665807113853,8.56126180769444,4.98173624548202));
#7474=CARTESIAN_POINT('',(-25.9471789765986,8.7362288526615,4.96387910262488));
#7475=CARTESIAN_POINT('',(-25.6735894882993,8.79867386802755,4.94602195976774));
#7476=CARTESIAN_POINT('',(-25.4,8.86111888339361,4.92816481691059));
#7477=CARTESIAN_POINT('',(-25.1264105117007,8.79867386802755,4.91030767405345));
#7478=CARTESIAN_POINT('',(-24.8528210234014,8.7362288526615,4.89245053119631));
#7479=CARTESIAN_POINT('',(-24.6334192886147,8.56126180769444,4.87459338833917));
#7480=CARTESIAN_POINT('',(-24.414017553828,8.38629476272739,4.85673624548202));
#7481=CARTESIAN_POINT('',(-24.292258776914,8.13346005724504,4.83887910262488));
#7482=CARTESIAN_POINT('',(-24.1705,7.88062535176269,4.82102195976774));
#7483=CARTESIAN_POINT('',(-24.1705,7.6,4.80316481691059));
#7484=CARTESIAN_POINT('',(-24.1705,7.31937464823731,4.78530767405345));
#7485=CARTESIAN_POINT('',(-24.292258776914,7.06653994275496,4.76745053119631));
#7486=CARTESIAN_POINT('',(-24.414017553828,6.81370523727261,4.74959338833917));
#7487=CARTESIAN_POINT('',(-24.6334192886147,6.63873819230556,4.73173624548202));
#7488=CARTESIAN_POINT('',(-24.8528210234014,6.4637711473385,4.71387910262488));
#7489=CARTESIAN_POINT('',(-25.1264105117007,6.40132613197245,4.69602195976774));
#7490=CARTESIAN_POINT('',(-25.4,6.33888111660639,4.67816481691059));
#7491=CARTESIAN_POINT('',(-25.6735894882993,6.40132613197245,4.66030767405345));
#7492=CARTESIAN_POINT('',(-25.9471789765986,6.4637711473385,4.64245053119631));
#7493=CARTESIAN_POINT('',(-26.1665807113853,6.63873819230556,4.62459338833917));
#7494=CARTESIAN_POINT('',(-26.3859824461721,6.81370523727261,4.60673624548202));
#7495=CARTESIAN_POINT('',(-26.507741223086,7.06653994275496,4.58887910262488));
#7496=CARTESIAN_POINT('',(-26.6295,7.31937464823731,4.57102195976774));
#7497=CARTESIAN_POINT('',(-26.6295,7.6,4.55316481691059));
#7498=CARTESIAN_POINT('',(-26.6295,7.88062535176269,4.53530767405345));
#7499=CARTESIAN_POINT('',(-26.507741223086,8.13346005724504,4.51745053119631));
#7500=CARTESIAN_POINT('',(-26.3859824461721,8.38629476272739,4.49959338833917));
#7501=CARTESIAN_POINT('',(-26.1665807113853,8.56126180769444,4.48173624548202));
#7502=CARTESIAN_POINT('',(-25.9471789765986,8.7362288526615,4.46387910262488));
#7503=CARTESIAN_POINT('',(-25.6735894882993,8.79867386802755,4.44602195976774));
#7504=CARTESIAN_POINT('',(-25.4,8.86111888339361,4.42816481691059));
#7505=CARTESIAN_POINT('',(-25.1264105117007,8.79867386802755,4.41030767405345));
#7506=CARTESIAN_POINT('',(-24.8789322666303,8.7421885735367,4.39415480793374));
#7507=CARTESIAN_POINT('',(-24.6740597222724,8.59231092061546,4.37786258967235));
#7508=CARTESIAN_POINT('',(-24.4062090335234,-6.87608718415161,7.72823512525059));
#7509=CARTESIAN_POINT('',(-24.3406039509787,-6.96615015438856,7.72096940610532));
#7510=CARTESIAN_POINT('',(-24.292258776914,-7.06653994275496,7.71387910262488));
#7511=CARTESIAN_POINT('',(-24.1705,-7.31937464823731,7.69602195976774));
#7512=CARTESIAN_POINT('',(-24.1705,-7.6,7.67816481691059));
#7513=CARTESIAN_POINT('',(-24.1705,-7.88062535176269,7.66030767405345));
#7514=CARTESIAN_POINT('',(-24.292258776914,-8.13346005724504,7.64245053119631));
#7515=CARTESIAN_POINT('',(-24.414017553828,-8.38629476272739,7.62459338833917));
#7516=CARTESIAN_POINT('',(-24.6334192886147,-8.56126180769444,7.60673624548202));
#7517=CARTESIAN_POINT('',(-24.8528210234014,-8.7362288526615,7.58887910262488));
#7518=CARTESIAN_POINT('',(-25.1264105117007,-8.79867386802755,7.57102195976774));
#7519=CARTESIAN_POINT('',(-25.4,-8.86111888339361,7.55316481691059));
#7520=CARTESIAN_POINT('',(-25.6735894882993,-8.79867386802755,7.53530767405345));
#7521=CARTESIAN_POINT('',(-25.9471789765986,-8.7362288526615,7.51745053119631));
#7522=CARTESIAN_POINT('',(-26.1665807113853,-8.56126180769444,7.49959338833917));
#7523=CARTESIAN_POINT('',(-26.3859824461721,-8.38629476272739,7.48173624548202));
#7524=CARTESIAN_POINT('',(-26.507741223086,-8.13346005724504,7.46387910262488));
#7525=CARTESIAN_POINT('',(-26.6295,-7.88062535176269,7.44602195976774));
#7526=CARTESIAN_POINT('',(-26.6295,-7.6,7.42816481691059));
#7527=CARTESIAN_POINT('',(-26.6295,-7.31937464823731,7.41030767405345));
#7528=CARTESIAN_POINT('',(-26.507741223086,-7.06653994275496,7.39245053119631));
#7529=CARTESIAN_POINT('',(-26.3859824461721,-6.81370523727261,7.37459338833917));
#7530=CARTESIAN_POINT('',(-26.1665807113853,-6.63873819230556,7.35673624548202));
#7531=CARTESIAN_POINT('',(-25.9471789765986,-6.4637711473385,7.33887910262488));
#7532=CARTESIAN_POINT('',(-25.6735894882993,-6.40132613197245,7.32102195976774));
#7533=CARTESIAN_POINT('',(-25.4,-6.33888111660639,7.30316481691059));
#7534=CARTESIAN_POINT('',(-25.1264105117007,-6.40132613197245,7.28530767405345));
#7535=CARTESIAN_POINT('',(-24.8528210234014,-6.4637711473385,7.26745053119631));
#7536=CARTESIAN_POINT('',(-24.6334192886147,-6.63873819230556,7.24959338833917));
#7537=CARTESIAN_POINT('',(-24.414017553828,-6.81370523727261,7.23173624548202));
#7538=CARTESIAN_POINT('',(-24.292258776914,-7.06653994275496,7.21387910262488));
#7539=CARTESIAN_POINT('',(-24.1705,-7.31937464823731,7.19602195976774));
#7540=CARTESIAN_POINT('',(-24.1705,-7.6,7.17816481691059));
#7541=CARTESIAN_POINT('',(-24.1705,-7.88062535176269,7.16030767405345));
#7542=CARTESIAN_POINT('',(-24.292258776914,-8.13346005724504,7.14245053119631));
#7543=CARTESIAN_POINT('',(-24.414017553828,-8.38629476272739,7.12459338833917));
#7544=CARTESIAN_POINT('',(-24.6334192886147,-8.56126180769444,7.10673624548202));
#7545=CARTESIAN_POINT('',(-24.8528210234014,-8.7362288526615,7.08887910262488));
#7546=CARTESIAN_POINT('',(-25.1264105117007,-8.79867386802755,7.07102195976774));
#7547=CARTESIAN_POINT('',(-25.4,-8.86111888339361,7.05316481691059));
#7548=CARTESIAN_POINT('',(-25.6735894882993,-8.79867386802755,7.03530767405345));
#7549=CARTESIAN_POINT('',(-25.9471789765986,-8.7362288526615,7.01745053119631));
#7550=CARTESIAN_POINT('',(-26.1665807113853,-8.56126180769444,6.99959338833917));
#7551=CARTESIAN_POINT('',(-26.3859824461721,-8.38629476272739,6.98173624548202));
#7552=CARTESIAN_POINT('',(-26.507741223086,-8.13346005724504,6.96387910262488));
#7553=CARTESIAN_POINT('',(-26.6295,-7.88062535176269,6.94602195976774));
#7554=CARTESIAN_POINT('',(-26.6295,-7.6,6.92816481691059));
#7555=CARTESIAN_POINT('',(-26.6295,-7.31937464823731,6.91030767405345));
#7556=CARTESIAN_POINT('',(-26.507741223086,-7.06653994275496,6.89245053119631));
#7557=CARTESIAN_POINT('',(-26.3859824461721,-6.81370523727261,6.87459338833917));
#7558=CARTESIAN_POINT('',(-26.1665807113853,-6.63873819230556,6.85673624548202));
#7559=CARTESIAN_POINT('',(-25.9471789765986,-6.4637711473385,6.83887910262488));
#7560=CARTESIAN_POINT('',(-25.6735894882993,-6.40132613197245,6.82102195976774));
#7561=CARTESIAN_POINT('',(-25.4,-6.33888111660639,6.80316481691059));
#7562=CARTESIAN_POINT('',(-25.1264105117007,-6.40132613197245,6.78530767405345));
#7563=CARTESIAN_POINT('',(-24.8528210234014,-6.4637711473385,6.76745053119631));
#7564=CARTESIAN_POINT('',(-24.6334192886147,-6.63873819230556,6.74959338833917));
#7565=CARTESIAN_POINT('',(-24.414017553828,-6.81370523727261,6.73173624548202));
#7566=CARTESIAN_POINT('',(-24.292258776914,-7.06653994275496,6.71387910262488));
#7567=CARTESIAN_POINT('',(-24.1705,-7.31937464823731,6.69602195976774));
#7568=CARTESIAN_POINT('',(-24.1705,-7.6,6.67816481691059));
#7569=CARTESIAN_POINT('',(-24.1705,-7.88062535176269,6.66030767405345));
#7570=CARTESIAN_POINT('',(-24.292258776914,-8.13346005724504,6.64245053119631));
#7571=CARTESIAN_POINT('',(-24.414017553828,-8.38629476272739,6.62459338833917));
#7572=CARTESIAN_POINT('',(-24.6334192886147,-8.56126180769444,6.60673624548202));
#7573=CARTESIAN_POINT('',(-24.8528210234014,-8.7362288526615,6.58887910262488));
#7574=CARTESIAN_POINT('',(-25.1264105117007,-8.79867386802755,6.57102195976774));
#7575=CARTESIAN_POINT('',(-25.4,-8.86111888339361,6.55316481691059));
#7576=CARTESIAN_POINT('',(-25.6735894882993,-8.79867386802755,6.53530767405345));
#7577=CARTESIAN_POINT('',(-25.9471789765986,-8.7362288526615,6.51745053119631));
#7578=CARTESIAN_POINT('',(-26.1665807113853,-8.56126180769444,6.49959338833917));
#7579=CARTESIAN_POINT('',(-26.3859824461721,-8.38629476272739,6.48173624548202));
#7580=CARTESIAN_POINT('',(-26.507741223086,-8.13346005724504,6.46387910262488));
#7581=CARTESIAN_POINT('',(-26.6295,-7.88062535176269,6.44602195976774));
#7582=CARTESIAN_POINT('',(-26.6295,-7.6,6.42816481691059));
#7583=CARTESIAN_POINT('',(-26.6295,-7.31937464823731,6.41030767405345));
#7584=CARTESIAN_POINT('',(-26.507741223086,-7.06653994275496,6.39245053119631));
#7585=CARTESIAN_POINT('',(-26.3859824461721,-6.81370523727261,6.37459338833917));
#7586=CARTESIAN_POINT('',(-26.1665807113853,-6.63873819230556,6.35673624548202));
#7587=CARTESIAN_POINT('',(-25.9471789765986,-6.4637711473385,6.33887910262488));
#7588=CARTESIAN_POINT('',(-25.6735894882993,-6.40132613197245,6.32102195976774));
#7589=CARTESIAN_POINT('',(-25.4,-6.33888111660639,6.30316481691059));
#7590=CARTESIAN_POINT('',(-25.1264105117007,-6.40132613197245,6.28530767405345));
#7591=CARTESIAN_POINT('',(-24.8528210234014,-6.4637711473385,6.26745053119631));
#7592=CARTESIAN_POINT('',(-24.6334192886147,-6.63873819230556,6.24959338833917));
#7593=CARTESIAN_POINT('',(-24.414017553828,-6.81370523727261,6.23173624548202));
#7594=CARTESIAN_POINT('',(-24.292258776914,-7.06653994275496,6.21387910262488));
#7595=CARTESIAN_POINT('',(-24.1705,-7.31937464823731,6.19602195976774));
#7596=CARTESIAN_POINT('',(-24.1705,-7.6,6.17816481691059));
#7597=CARTESIAN_POINT('',(-24.1705,-7.88062535176269,6.16030767405345));
#7598=CARTESIAN_POINT('',(-24.292258776914,-8.13346005724504,6.14245053119631));
#7599=CARTESIAN_POINT('',(-24.414017553828,-8.38629476272739,6.12459338833917));
#7600=CARTESIAN_POINT('',(-24.6334192886147,-8.56126180769444,6.10673624548202));
#7601=CARTESIAN_POINT('',(-24.8528210234014,-8.7362288526615,6.08887910262488));
#7602=CARTESIAN_POINT('',(-25.1264105117007,-8.79867386802755,6.07102195976774));
#7603=CARTESIAN_POINT('',(-25.4,-8.86111888339361,6.05316481691059));
#7604=CARTESIAN_POINT('',(-25.6735894882993,-8.79867386802755,6.03530767405345));
#7605=CARTESIAN_POINT('',(-25.9471789765986,-8.7362288526615,6.01745053119631));
#7606=CARTESIAN_POINT('',(-26.1665807113853,-8.56126180769444,5.99959338833917));
#7607=CARTESIAN_POINT('',(-26.3859824461721,-8.38629476272739,5.98173624548202));
#7608=CARTESIAN_POINT('',(-26.507741223086,-8.13346005724504,5.96387910262488));
#7609=CARTESIAN_POINT('',(-26.6295,-7.88062535176269,5.94602195976774));
#7610=CARTESIAN_POINT('',(-26.6295,-7.6,5.92816481691059));
#7611=CARTESIAN_POINT('',(-26.6295,-7.31937464823731,5.91030767405345));
#7612=CARTESIAN_POINT('',(-26.507741223086,-7.06653994275496,5.89245053119631));
#7613=CARTESIAN_POINT('',(-26.3859824461721,-6.81370523727261,5.87459338833917));
#7614=CARTESIAN_POINT('',(-26.1665807113853,-6.63873819230556,5.85673624548202));
#7615=CARTESIAN_POINT('',(-25.9471789765986,-6.4637711473385,5.83887910262488));
#7616=CARTESIAN_POINT('',(-25.6735894882993,-6.40132613197245,5.82102195976774));
#7617=CARTESIAN_POINT('',(-25.4,-6.33888111660639,5.80316481691059));
#7618=CARTESIAN_POINT('',(-25.1264105117007,-6.40132613197245,5.78530767405345));
#7619=CARTESIAN_POINT('',(-24.8528210234014,-6.4637711473385,5.76745053119631));
#7620=CARTESIAN_POINT('',(-24.6334192886147,-6.63873819230556,5.74959338833917));
#7621=CARTESIAN_POINT('',(-24.414017553828,-6.81370523727261,5.73173624548202));
#7622=CARTESIAN_POINT('',(-24.292258776914,-7.06653994275496,5.71387910262488));
#7623=CARTESIAN_POINT('',(-24.1705,-7.31937464823731,5.69602195976774));
#7624=CARTESIAN_POINT('',(-24.1705,-7.6,5.67816481691059));
#7625=CARTESIAN_POINT('',(-24.1705,-7.88062535176269,5.66030767405345));
#7626=CARTESIAN_POINT('',(-24.292258776914,-8.13346005724504,5.64245053119631));
#7627=CARTESIAN_POINT('',(-24.414017553828,-8.38629476272739,5.62459338833917));
#7628=CARTESIAN_POINT('',(-24.6334192886147,-8.56126180769444,5.60673624548202));
#7629=CARTESIAN_POINT('',(-24.8528210234014,-8.7362288526615,5.58887910262488));
#7630=CARTESIAN_POINT('',(-25.1264105117007,-8.79867386802755,5.57102195976774));
#7631=CARTESIAN_POINT('',(-25.4,-8.86111888339361,5.55316481691059));
#7632=CARTESIAN_POINT('',(-25.6735894882993,-8.79867386802755,5.53530767405345));
#7633=CARTESIAN_POINT('',(-25.9471789765986,-8.7362288526615,5.51745053119631));
#7634=CARTESIAN_POINT('',(-26.1665807113853,-8.56126180769444,5.49959338833917));
#7635=CARTESIAN_POINT('',(-26.3859824461721,-8.38629476272739,5.48173624548202));
#7636=CARTESIAN_POINT('',(-26.507741223086,-8.13346005724504,5.46387910262488));
#7637=CARTESIAN_POINT('',(-26.6295,-7.88062535176269,5.44602195976774));
#7638=CARTESIAN_POINT('',(-26.6295,-7.6,5.42816481691059));
#7639=CARTESIAN_POINT('',(-26.6295,-7.31937464823731,5.41030767405345));
#7640=CARTESIAN_POINT('',(-26.507741223086,-7.06653994275496,5.39245053119631));
#7641=CARTESIAN_POINT('',(-26.3859824461721,-6.81370523727261,5.37459338833917));
#7642=CARTESIAN_POINT('',(-26.1665807113853,-6.63873819230556,5.35673624548202));
#7643=CARTESIAN_POINT('',(-25.9471789765986,-6.4637711473385,5.33887910262488));
#7644=CARTESIAN_POINT('',(-25.6735894882993,-6.40132613197245,5.32102195976774));
#7645=CARTESIAN_POINT('',(-25.4,-6.33888111660639,5.30316481691059));
#7646=CARTESIAN_POINT('',(-25.1264105117007,-6.40132613197245,5.28530767405345));
#7647=CARTESIAN_POINT('',(-24.8528210234014,-6.4637711473385,5.26745053119631));
#7648=CARTESIAN_POINT('',(-24.6334192886147,-6.63873819230556,5.24959338833917));
#7649=CARTESIAN_POINT('',(-24.414017553828,-6.81370523727261,5.23173624548202));
#7650=CARTESIAN_POINT('',(-24.292258776914,-7.06653994275496,5.21387910262488));
#7651=CARTESIAN_POINT('',(-24.1705,-7.31937464823731,5.19602195976774));
#7652=CARTESIAN_POINT('',(-24.1705,-7.6,5.17816481691059));
#7653=CARTESIAN_POINT('',(-24.1705,-7.88062535176269,5.16030767405345));
#7654=CARTESIAN_POINT('',(-24.292258776914,-8.13346005724504,5.14245053119631));
#7655=CARTESIAN_POINT('',(-24.414017553828,-8.38629476272739,5.12459338833917));
#7656=CARTESIAN_POINT('',(-24.6334192886147,-8.56126180769444,5.10673624548202));
#7657=CARTESIAN_POINT('',(-24.8528210234014,-8.7362288526615,5.08887910262488));
#7658=CARTESIAN_POINT('',(-25.1264105117007,-8.79867386802755,5.07102195976774));
#7659=CARTESIAN_POINT('',(-25.4,-8.86111888339361,5.05316481691059));
#7660=CARTESIAN_POINT('',(-25.6735894882993,-8.79867386802755,5.03530767405345));
#7661=CARTESIAN_POINT('',(-25.9471789765986,-8.7362288526615,5.01745053119631));
#7662=CARTESIAN_POINT('',(-26.1665807113853,-8.56126180769444,4.99959338833917));
#7663=CARTESIAN_POINT('',(-26.3859824461721,-8.38629476272739,4.98173624548202));
#7664=CARTESIAN_POINT('',(-26.507741223086,-8.13346005724504,4.96387910262488));
#7665=CARTESIAN_POINT('',(-26.6295,-7.88062535176269,4.94602195976774));
#7666=CARTESIAN_POINT('',(-26.6295,-7.6,4.92816481691059));
#7667=CARTESIAN_POINT('',(-26.6295,-7.31937464823731,4.91030767405345));
#7668=CARTESIAN_POINT('',(-26.507741223086,-7.06653994275496,4.89245053119631));
#7669=CARTESIAN_POINT('',(-26.3859824461721,-6.81370523727261,4.87459338833917));
#7670=CARTESIAN_POINT('',(-26.1665807113853,-6.63873819230556,4.85673624548202));
#7671=CARTESIAN_POINT('',(-25.9471789765986,-6.4637711473385,4.83887910262488));
#7672=CARTESIAN_POINT('',(-25.6735894882993,-6.40132613197245,4.82102195976774));
#7673=CARTESIAN_POINT('',(-25.4,-6.33888111660639,4.80316481691059));
#7674=CARTESIAN_POINT('',(-25.1264105117007,-6.40132613197245,4.78530767405345));
#7675=CARTESIAN_POINT('',(-24.8528210234014,-6.4637711473385,4.76745053119631));
#7676=CARTESIAN_POINT('',(-24.6334192886147,-6.63873819230556,4.74959338833917));
#7677=CARTESIAN_POINT('',(-24.414017553828,-6.81370523727261,4.73173624548202));
#7678=CARTESIAN_POINT('',(-24.292258776914,-7.06653994275496,4.71387910262488));
#7679=CARTESIAN_POINT('',(-24.1705,-7.31937464823731,4.69602195976774));
#7680=CARTESIAN_POINT('',(-24.1705,-7.6,4.67816481691059));
#7681=CARTESIAN_POINT('',(-24.1705,-7.88062535176269,4.66030767405345));
#7682=CARTESIAN_POINT('',(-24.292258776914,-8.13346005724504,4.64245053119631));
#7683=CARTESIAN_POINT('',(-24.414017553828,-8.38629476272739,4.62459338833917));
#7684=CARTESIAN_POINT('',(-24.6334192886147,-8.56126180769444,4.60673624548202));
#7685=CARTESIAN_POINT('',(-24.8528210234014,-8.7362288526615,4.58887910262488));
#7686=CARTESIAN_POINT('',(-25.1264105117007,-8.79867386802755,4.57102195976774));
#7687=CARTESIAN_POINT('',(-25.4,-8.86111888339361,4.55316481691059));
#7688=CARTESIAN_POINT('',(-25.6735894882993,-8.79867386802755,4.53530767405345));
#7689=CARTESIAN_POINT('',(-25.6816608522574,-8.79683163187468,4.53478085739778));
#7690=CARTESIAN_POINT('',(-25.6897066757634,-8.79488086938327,4.53425246926221));
#7691=CARTESIAN_POINT('',(-24.1874594851755,-6.71674220431992,7.57198512525059));
#7692=CARTESIAN_POINT('',(-24.1074136573834,-6.82662949851108,7.56471940610532));
#7693=CARTESIAN_POINT('',(-24.048426924532,-6.94911671139097,7.55762910262488));
#7694=CARTESIAN_POINT('',(-23.8998670613174,-7.25760444602797,7.53977195976774));
#7695=CARTESIAN_POINT('',(-23.8998670613174,-7.6,7.52191481691059));
#7696=CARTESIAN_POINT('',(-23.8998670613174,-7.94239555397203,7.50405767405345));
#7697=CARTESIAN_POINT('',(-24.048426924532,-8.25088328860903,7.48620053119631));
#7698=CARTESIAN_POINT('',(-24.1969867877466,-8.55937102324603,7.46834338833917));
#7699=CARTESIAN_POINT('',(-24.464682411299,-8.77285115934937,7.45048624548202));
#7700=CARTESIAN_POINT('',(-24.7323780348514,-8.9863312954527,7.43262910262488));
#7701=CARTESIAN_POINT('',(-25.0661890174257,-9.06252147390505,7.41477195976774));
#7702=CARTESIAN_POINT('',(-25.4,-9.13871165235739,7.39691481691059));
#7703=CARTESIAN_POINT('',(-25.7338109825743,-9.06252147390505,7.37905767405345));
#7704=CARTESIAN_POINT('',(-26.0676219651486,-8.9863312954527,7.36120053119631));
#7705=CARTESIAN_POINT('',(-26.335317588701,-8.77285115934937,7.34334338833917));
#7706=CARTESIAN_POINT('',(-26.6030132122534,-8.55937102324603,7.32548624548202));
#7707=CARTESIAN_POINT('',(-26.751573075468,-8.25088328860903,7.30762910262488));
#7708=CARTESIAN_POINT('',(-26.9001329386826,-7.94239555397203,7.28977195976774));
#7709=CARTESIAN_POINT('',(-26.9001329386826,-7.6,7.2719148169106));
#7710=CARTESIAN_POINT('',(-26.9001329386826,-7.25760444602797,7.25405767405345));
#7711=CARTESIAN_POINT('',(-26.751573075468,-6.94911671139097,7.23620053119631));
#7712=CARTESIAN_POINT('',(-26.6030132122534,-6.64062897675397,7.21834338833917));
#7713=CARTESIAN_POINT('',(-26.335317588701,-6.42714884065063,7.20048624548202));
#7714=CARTESIAN_POINT('',(-26.0676219651486,-6.2136687045473,7.18262910262488));
#7715=CARTESIAN_POINT('',(-25.7338109825743,-6.13747852609495,7.16477195976774));
#7716=CARTESIAN_POINT('',(-25.4,-6.06128834764261,7.1469148169106));
#7717=CARTESIAN_POINT('',(-25.0661890174257,-6.13747852609495,7.12905767405345));
#7718=CARTESIAN_POINT('',(-24.7323780348514,-6.2136687045473,7.11120053119631));
#7719=CARTESIAN_POINT('',(-24.464682411299,-6.42714884065063,7.09334338833917));
#7720=CARTESIAN_POINT('',(-24.1969867877466,-6.64062897675397,7.07548624548202));
#7721=CARTESIAN_POINT('',(-24.048426924532,-6.94911671139097,7.05762910262488));
#7722=CARTESIAN_POINT('',(-23.8998670613174,-7.25760444602797,7.03977195976774));
#7723=CARTESIAN_POINT('',(-23.8998670613174,-7.6,7.02191481691059));
#7724=CARTESIAN_POINT('',(-23.8998670613174,-7.94239555397203,7.00405767405345));
#7725=CARTESIAN_POINT('',(-24.048426924532,-8.25088328860903,6.98620053119631));
#7726=CARTESIAN_POINT('',(-24.1969867877466,-8.55937102324603,6.96834338833917));
#7727=CARTESIAN_POINT('',(-24.464682411299,-8.77285115934937,6.95048624548202));
#7728=CARTESIAN_POINT('',(-24.7323780348514,-8.9863312954527,6.93262910262488));
#7729=CARTESIAN_POINT('',(-25.0661890174257,-9.06252147390505,6.91477195976774));
#7730=CARTESIAN_POINT('',(-25.4,-9.13871165235739,6.89691481691059));
#7731=CARTESIAN_POINT('',(-25.7338109825743,-9.06252147390505,6.87905767405345));
#7732=CARTESIAN_POINT('',(-26.0676219651486,-8.9863312954527,6.86120053119631));
#7733=CARTESIAN_POINT('',(-26.335317588701,-8.77285115934937,6.84334338833917));
#7734=CARTESIAN_POINT('',(-26.6030132122534,-8.55937102324603,6.82548624548202));
#7735=CARTESIAN_POINT('',(-26.751573075468,-8.25088328860903,6.80762910262488));
#7736=CARTESIAN_POINT('',(-26.9001329386826,-7.94239555397203,6.78977195976774));
#7737=CARTESIAN_POINT('',(-26.9001329386826,-7.6,6.77191481691059));
#7738=CARTESIAN_POINT('',(-26.9001329386826,-7.25760444602797,6.75405767405345));
#7739=CARTESIAN_POINT('',(-26.751573075468,-6.94911671139097,6.73620053119631));
#7740=CARTESIAN_POINT('',(-26.6030132122534,-6.64062897675397,6.71834338833917));
#7741=CARTESIAN_POINT('',(-26.335317588701,-6.42714884065063,6.70048624548202));
#7742=CARTESIAN_POINT('',(-26.0676219651486,-6.2136687045473,6.68262910262488));
#7743=CARTESIAN_POINT('',(-25.7338109825743,-6.13747852609495,6.66477195976774));
#7744=CARTESIAN_POINT('',(-25.4,-6.06128834764261,6.64691481691059));
#7745=CARTESIAN_POINT('',(-25.0661890174257,-6.13747852609495,6.62905767405345));
#7746=CARTESIAN_POINT('',(-24.7323780348514,-6.2136687045473,6.61120053119631));
#7747=CARTESIAN_POINT('',(-24.464682411299,-6.42714884065063,6.59334338833917));
#7748=CARTESIAN_POINT('',(-24.1969867877466,-6.64062897675397,6.57548624548202));
#7749=CARTESIAN_POINT('',(-24.048426924532,-6.94911671139097,6.55762910262488));
#7750=CARTESIAN_POINT('',(-23.8998670613174,-7.25760444602797,6.53977195976774));
#7751=CARTESIAN_POINT('',(-23.8998670613174,-7.6,6.52191481691059));
#7752=CARTESIAN_POINT('',(-23.8998670613174,-7.94239555397203,6.50405767405345));
#7753=CARTESIAN_POINT('',(-24.048426924532,-8.25088328860903,6.48620053119631));
#7754=CARTESIAN_POINT('',(-24.1969867877466,-8.55937102324603,6.46834338833917));
#7755=CARTESIAN_POINT('',(-24.464682411299,-8.77285115934937,6.45048624548202));
#7756=CARTESIAN_POINT('',(-24.7323780348514,-8.9863312954527,6.43262910262488));
#7757=CARTESIAN_POINT('',(-25.0661890174257,-9.06252147390505,6.41477195976774));
#7758=CARTESIAN_POINT('',(-25.4,-9.13871165235739,6.39691481691059));
#7759=CARTESIAN_POINT('',(-25.7338109825743,-9.06252147390505,6.37905767405345));
#7760=CARTESIAN_POINT('',(-26.0676219651486,-8.9863312954527,6.36120053119631));
#7761=CARTESIAN_POINT('',(-26.335317588701,-8.77285115934937,6.34334338833917));
#7762=CARTESIAN_POINT('',(-26.6030132122534,-8.55937102324603,6.32548624548202));
#7763=CARTESIAN_POINT('',(-26.751573075468,-8.25088328860903,6.30762910262488));
#7764=CARTESIAN_POINT('',(-26.9001329386826,-7.94239555397203,6.28977195976774));
#7765=CARTESIAN_POINT('',(-26.9001329386826,-7.6,6.27191481691059));
#7766=CARTESIAN_POINT('',(-26.9001329386826,-7.25760444602797,6.25405767405345));
#7767=CARTESIAN_POINT('',(-26.751573075468,-6.94911671139097,6.23620053119631));
#7768=CARTESIAN_POINT('',(-26.6030132122534,-6.64062897675397,6.21834338833917));
#7769=CARTESIAN_POINT('',(-26.335317588701,-6.42714884065063,6.20048624548202));
#7770=CARTESIAN_POINT('',(-26.0676219651486,-6.2136687045473,6.18262910262488));
#7771=CARTESIAN_POINT('',(-25.7338109825743,-6.13747852609495,6.16477195976774));
#7772=CARTESIAN_POINT('',(-25.4,-6.06128834764261,6.14691481691059));
#7773=CARTESIAN_POINT('',(-25.0661890174257,-6.13747852609495,6.12905767405345));
#7774=CARTESIAN_POINT('',(-24.7323780348514,-6.2136687045473,6.11120053119631));
#7775=CARTESIAN_POINT('',(-24.464682411299,-6.42714884065063,6.09334338833917));
#7776=CARTESIAN_POINT('',(-24.1969867877466,-6.64062897675397,6.07548624548202));
#7777=CARTESIAN_POINT('',(-24.048426924532,-6.94911671139097,6.05762910262488));
#7778=CARTESIAN_POINT('',(-23.8998670613174,-7.25760444602797,6.03977195976774));
#7779=CARTESIAN_POINT('',(-23.8998670613174,-7.6,6.02191481691059));
#7780=CARTESIAN_POINT('',(-23.8998670613174,-7.94239555397203,6.00405767405345));
#7781=CARTESIAN_POINT('',(-24.048426924532,-8.25088328860903,5.98620053119631));
#7782=CARTESIAN_POINT('',(-24.1969867877466,-8.55937102324603,5.96834338833917));
#7783=CARTESIAN_POINT('',(-24.464682411299,-8.77285115934937,5.95048624548202));
#7784=CARTESIAN_POINT('',(-24.7323780348514,-8.9863312954527,5.93262910262488));
#7785=CARTESIAN_POINT('',(-25.0661890174257,-9.06252147390505,5.91477195976774));
#7786=CARTESIAN_POINT('',(-25.4,-9.13871165235739,5.89691481691059));
#7787=CARTESIAN_POINT('',(-25.7338109825743,-9.06252147390505,5.87905767405345));
#7788=CARTESIAN_POINT('',(-26.0676219651486,-8.9863312954527,5.86120053119631));
#7789=CARTESIAN_POINT('',(-26.335317588701,-8.77285115934937,5.84334338833917));
#7790=CARTESIAN_POINT('',(-26.6030132122534,-8.55937102324603,5.82548624548202));
#7791=CARTESIAN_POINT('',(-26.751573075468,-8.25088328860903,5.80762910262488));
#7792=CARTESIAN_POINT('',(-26.9001329386826,-7.94239555397203,5.78977195976774));
#7793=CARTESIAN_POINT('',(-26.9001329386826,-7.6,5.77191481691059));
#7794=CARTESIAN_POINT('',(-26.9001329386826,-7.25760444602797,5.75405767405345));
#7795=CARTESIAN_POINT('',(-26.751573075468,-6.94911671139097,5.73620053119631));
#7796=CARTESIAN_POINT('',(-26.6030132122534,-6.64062897675397,5.71834338833917));
#7797=CARTESIAN_POINT('',(-26.335317588701,-6.42714884065063,5.70048624548202));
#7798=CARTESIAN_POINT('',(-26.0676219651486,-6.2136687045473,5.68262910262488));
#7799=CARTESIAN_POINT('',(-25.7338109825743,-6.13747852609495,5.66477195976774));
#7800=CARTESIAN_POINT('',(-25.4,-6.06128834764261,5.64691481691059));
#7801=CARTESIAN_POINT('',(-25.0661890174257,-6.13747852609495,5.62905767405345));
#7802=CARTESIAN_POINT('',(-24.7323780348514,-6.2136687045473,5.61120053119631));
#7803=CARTESIAN_POINT('',(-24.464682411299,-6.42714884065063,5.59334338833917));
#7804=CARTESIAN_POINT('',(-24.1969867877466,-6.64062897675397,5.57548624548202));
#7805=CARTESIAN_POINT('',(-24.048426924532,-6.94911671139097,5.55762910262488));
#7806=CARTESIAN_POINT('',(-23.8998670613174,-7.25760444602797,5.53977195976774));
#7807=CARTESIAN_POINT('',(-23.8998670613174,-7.6,5.52191481691059));
#7808=CARTESIAN_POINT('',(-23.8998670613174,-7.94239555397203,5.50405767405345));
#7809=CARTESIAN_POINT('',(-24.048426924532,-8.25088328860903,5.48620053119631));
#7810=CARTESIAN_POINT('',(-24.1969867877466,-8.55937102324603,5.46834338833917));
#7811=CARTESIAN_POINT('',(-24.464682411299,-8.77285115934937,5.45048624548202));
#7812=CARTESIAN_POINT('',(-24.7323780348514,-8.9863312954527,5.43262910262488));
#7813=CARTESIAN_POINT('',(-25.0661890174257,-9.06252147390505,5.41477195976774));
#7814=CARTESIAN_POINT('',(-25.4,-9.13871165235739,5.39691481691059));
#7815=CARTESIAN_POINT('',(-25.7338109825743,-9.06252147390505,5.37905767405345));
#7816=CARTESIAN_POINT('',(-26.0676219651486,-8.9863312954527,5.36120053119631));
#7817=CARTESIAN_POINT('',(-26.335317588701,-8.77285115934937,5.34334338833917));
#7818=CARTESIAN_POINT('',(-26.6030132122534,-8.55937102324603,5.32548624548202));
#7819=CARTESIAN_POINT('',(-26.751573075468,-8.25088328860903,5.30762910262488));
#7820=CARTESIAN_POINT('',(-26.9001329386826,-7.94239555397203,5.28977195976774));
#7821=CARTESIAN_POINT('',(-26.9001329386826,-7.6,5.2719148169106));
#7822=CARTESIAN_POINT('',(-26.9001329386826,-7.25760444602797,5.25405767405345));
#7823=CARTESIAN_POINT('',(-26.751573075468,-6.94911671139097,5.23620053119631));
#7824=CARTESIAN_POINT('',(-26.6030132122534,-6.64062897675397,5.21834338833917));
#7825=CARTESIAN_POINT('',(-26.335317588701,-6.42714884065063,5.20048624548202));
#7826=CARTESIAN_POINT('',(-26.0676219651486,-6.2136687045473,5.18262910262488));
#7827=CARTESIAN_POINT('',(-25.7338109825743,-6.13747852609495,5.16477195976774));
#7828=CARTESIAN_POINT('',(-25.4,-6.06128834764261,5.1469148169106));
#7829=CARTESIAN_POINT('',(-25.0661890174257,-6.13747852609495,5.12905767405345));
#7830=CARTESIAN_POINT('',(-24.7323780348514,-6.2136687045473,5.11120053119631));
#7831=CARTESIAN_POINT('',(-24.464682411299,-6.42714884065063,5.09334338833917));
#7832=CARTESIAN_POINT('',(-24.1969867877466,-6.64062897675397,5.07548624548202));
#7833=CARTESIAN_POINT('',(-24.048426924532,-6.94911671139097,5.05762910262488));
#7834=CARTESIAN_POINT('',(-23.8998670613174,-7.25760444602797,5.03977195976774));
#7835=CARTESIAN_POINT('',(-23.8998670613174,-7.6,5.02191481691059));
#7836=CARTESIAN_POINT('',(-23.8998670613174,-7.94239555397203,5.00405767405345));
#7837=CARTESIAN_POINT('',(-24.048426924532,-8.25088328860903,4.98620053119631));
#7838=CARTESIAN_POINT('',(-24.1969867877466,-8.55937102324603,4.96834338833917));
#7839=CARTESIAN_POINT('',(-24.464682411299,-8.77285115934937,4.95048624548202));
#7840=CARTESIAN_POINT('',(-24.7323780348514,-8.9863312954527,4.93262910262488));
#7841=CARTESIAN_POINT('',(-25.0661890174257,-9.06252147390505,4.91477195976774));
#7842=CARTESIAN_POINT('',(-25.4,-9.13871165235739,4.89691481691059));
#7843=CARTESIAN_POINT('',(-25.7338109825743,-9.06252147390505,4.87905767405345));
#7844=CARTESIAN_POINT('',(-26.0676219651486,-8.9863312954527,4.86120053119631));
#7845=CARTESIAN_POINT('',(-26.335317588701,-8.77285115934937,4.84334338833917));
#7846=CARTESIAN_POINT('',(-26.6030132122534,-8.55937102324603,4.82548624548202));
#7847=CARTESIAN_POINT('',(-26.751573075468,-8.25088328860903,4.80762910262488));
#7848=CARTESIAN_POINT('',(-26.9001329386826,-7.94239555397203,4.78977195976774));
#7849=CARTESIAN_POINT('',(-26.9001329386826,-7.6,4.77191481691059));
#7850=CARTESIAN_POINT('',(-26.9001329386826,-7.25760444602797,4.75405767405345));
#7851=CARTESIAN_POINT('',(-26.751573075468,-6.94911671139097,4.73620053119631));
#7852=CARTESIAN_POINT('',(-26.6030132122534,-6.64062897675397,4.71834338833917));
#7853=CARTESIAN_POINT('',(-26.335317588701,-6.42714884065063,4.70048624548202));
#7854=CARTESIAN_POINT('',(-26.0676219651486,-6.2136687045473,4.68262910262488));
#7855=CARTESIAN_POINT('',(-25.7338109825743,-6.13747852609495,4.66477195976774));
#7856=CARTESIAN_POINT('',(-25.4,-6.06128834764261,4.64691481691059));
#7857=CARTESIAN_POINT('',(-25.0661890174257,-6.13747852609495,4.62905767405345));
#7858=CARTESIAN_POINT('',(-24.7323780348514,-6.2136687045473,4.61120053119631));
#7859=CARTESIAN_POINT('',(-24.464682411299,-6.42714884065063,4.59334338833917));
#7860=CARTESIAN_POINT('',(-24.1969867877466,-6.64062897675397,4.57548624548202));
#7861=CARTESIAN_POINT('',(-24.048426924532,-6.94911671139097,4.55762910262488));
#7862=CARTESIAN_POINT('',(-23.8998670613174,-7.25760444602797,4.53977195976774));
#7863=CARTESIAN_POINT('',(-23.8998670613174,-7.6,4.52191481691059));
#7864=CARTESIAN_POINT('',(-23.8998670613174,-7.94239555397203,4.50405767405345));
#7865=CARTESIAN_POINT('',(-24.048426924532,-8.25088328860903,4.48620053119631));
#7866=CARTESIAN_POINT('',(-24.1969867877466,-8.55937102324603,4.46834338833917));
#7867=CARTESIAN_POINT('',(-24.464682411299,-8.77285115934937,4.45048624548202));
#7868=CARTESIAN_POINT('',(-24.7323780348514,-8.9863312954527,4.43262910262488));
#7869=CARTESIAN_POINT('',(-25.0661890174257,-9.06252147390505,4.41477195976774));
#7870=CARTESIAN_POINT('',(-25.4,-9.13871165235739,4.39691481691059));
#7871=CARTESIAN_POINT('',(-25.7338109825743,-9.06252147390505,4.37905767405345));
#7872=CARTESIAN_POINT('',(-25.7436589849604,-9.06027373162465,4.37853085739778));
#7873=CARTESIAN_POINT('',(-25.7534758250256,-9.05789357459421,4.37800246926222));
#7874=CARTESIAN_POINT('',(-26.9001329386826,-7.6,7.77191481691059));
#7875=CARTESIAN_POINT('',(-26.9001329386826,-7.25760444602797,7.75405767405345));
#7876=CARTESIAN_POINT('',(-26.751573075468,-6.94911671139097,7.73620053119631));
#7877=CARTESIAN_POINT('',(-26.6030132122534,-6.64062897675397,7.71834338833917));
#7878=CARTESIAN_POINT('',(-26.335317588701,-6.42714884065063,7.70048624548202));
#7879=CARTESIAN_POINT('',(-26.0676219651486,-6.2136687045473,7.68262910262488));
#7880=CARTESIAN_POINT('',(-25.7338109825743,-6.13747852609495,7.66477195976774));
#7881=CARTESIAN_POINT('',(-25.4,-6.06128834764261,7.64691481691059));
#7882=CARTESIAN_POINT('',(-25.0661890174257,-6.13747852609495,7.62905767405345));
#7883=CARTESIAN_POINT('',(-24.7323780348514,-6.2136687045473,7.61120053119631));
#7884=CARTESIAN_POINT('',(-24.464682411299,-6.42714884065063,7.59334338833917));
#7885=CARTESIAN_POINT('',(-24.1969867877466,-6.64062897675397,7.57548624548202));
#7886=CARTESIAN_POINT('',(-24.048426924532,-6.94911671139097,7.55762910262488));
#7887=CARTESIAN_POINT('',(-23.8998670613174,-7.25760444602797,7.53977195976774));
#7888=CARTESIAN_POINT('',(-23.8998670613174,-7.6,7.52191481691059));
#7889=CARTESIAN_POINT('',(-23.8998670613174,-7.94239555397203,7.50405767405345));
#7890=CARTESIAN_POINT('',(-24.048426924532,-8.25088328860903,7.48620053119631));
#7891=CARTESIAN_POINT('',(-24.1969867877466,-8.55937102324603,7.46834338833917));
#7892=CARTESIAN_POINT('',(-24.464682411299,-8.77285115934937,7.45048624548202));
#7893=CARTESIAN_POINT('',(-24.7323780348514,-8.9863312954527,7.43262910262488));
#7894=CARTESIAN_POINT('',(-25.0661890174257,-9.06252147390505,7.41477195976774));
#7895=CARTESIAN_POINT('',(-25.4,-9.13871165235739,7.39691481691059));
#7896=CARTESIAN_POINT('',(-25.7338109825743,-9.06252147390505,7.37905767405345));
#7897=CARTESIAN_POINT('',(-26.0676219651486,-8.9863312954527,7.36120053119631));
#7898=CARTESIAN_POINT('',(-26.335317588701,-8.77285115934937,7.34334338833917));
#7899=CARTESIAN_POINT('',(-26.6030132122534,-8.55937102324603,7.32548624548202));
#7900=CARTESIAN_POINT('',(-26.751573075468,-8.25088328860903,7.30762910262488));
#7901=CARTESIAN_POINT('',(-26.9001329386826,-7.94239555397203,7.28977195976774));
#7902=CARTESIAN_POINT('',(-26.9001329386826,-7.6,7.27191481691059));
#7903=CARTESIAN_POINT('',(-26.9001329386826,-7.25760444602797,7.25405767405345));
#7904=CARTESIAN_POINT('',(-26.751573075468,-6.94911671139097,7.23620053119631));
#7905=CARTESIAN_POINT('',(-26.6030132122534,-6.64062897675397,7.21834338833917));
#7906=CARTESIAN_POINT('',(-26.335317588701,-6.42714884065063,7.20048624548202));
#7907=CARTESIAN_POINT('',(-26.0676219651486,-6.2136687045473,7.18262910262488));
#7908=CARTESIAN_POINT('',(-25.7338109825743,-6.13747852609495,7.16477195976774));
#7909=CARTESIAN_POINT('',(-25.4,-6.06128834764261,7.14691481691059));
#7910=CARTESIAN_POINT('',(-25.0661890174257,-6.13747852609495,7.12905767405345));
#7911=CARTESIAN_POINT('',(-24.7323780348514,-6.2136687045473,7.11120053119631));
#7912=CARTESIAN_POINT('',(-24.464682411299,-6.42714884065063,7.09334338833917));
#7913=CARTESIAN_POINT('',(-24.1969867877466,-6.64062897675397,7.07548624548202));
#7914=CARTESIAN_POINT('',(-24.048426924532,-6.94911671139097,7.05762910262488));
#7915=CARTESIAN_POINT('',(-23.8998670613174,-7.25760444602797,7.03977195976774));
#7916=CARTESIAN_POINT('',(-23.8998670613174,-7.6,7.02191481691059));
#7917=CARTESIAN_POINT('',(-23.8998670613174,-7.94239555397203,7.00405767405345));
#7918=CARTESIAN_POINT('',(-24.048426924532,-8.25088328860903,6.98620053119631));
#7919=CARTESIAN_POINT('',(-24.1969867877466,-8.55937102324603,6.96834338833917));
#7920=CARTESIAN_POINT('',(-24.464682411299,-8.77285115934937,6.95048624548202));
#7921=CARTESIAN_POINT('',(-24.7323780348514,-8.9863312954527,6.93262910262488));
#7922=CARTESIAN_POINT('',(-25.0661890174257,-9.06252147390505,6.91477195976774));
#7923=CARTESIAN_POINT('',(-25.4,-9.13871165235739,6.89691481691059));
#7924=CARTESIAN_POINT('',(-25.7338109825743,-9.06252147390505,6.87905767405345));
#7925=CARTESIAN_POINT('',(-26.0676219651486,-8.9863312954527,6.86120053119631));
#7926=CARTESIAN_POINT('',(-26.335317588701,-8.77285115934937,6.84334338833917));
#7927=CARTESIAN_POINT('',(-26.6030132122534,-8.55937102324603,6.82548624548202));
#7928=CARTESIAN_POINT('',(-26.751573075468,-8.25088328860903,6.80762910262488));
#7929=CARTESIAN_POINT('',(-26.9001329386826,-7.94239555397203,6.78977195976774));
#7930=CARTESIAN_POINT('',(-26.9001329386826,-7.6,6.77191481691059));
#7931=CARTESIAN_POINT('',(-26.9001329386826,-7.25760444602797,6.75405767405345));
#7932=CARTESIAN_POINT('',(-26.751573075468,-6.94911671139097,6.73620053119631));
#7933=CARTESIAN_POINT('',(-26.6030132122534,-6.64062897675397,6.71834338833917));
#7934=CARTESIAN_POINT('',(-26.335317588701,-6.42714884065063,6.70048624548202));
#7935=CARTESIAN_POINT('',(-26.0676219651486,-6.2136687045473,6.68262910262488));
#7936=CARTESIAN_POINT('',(-25.7338109825743,-6.13747852609495,6.66477195976774));
#7937=CARTESIAN_POINT('',(-25.4,-6.06128834764261,6.64691481691059));
#7938=CARTESIAN_POINT('',(-25.0661890174257,-6.13747852609495,6.62905767405345));
#7939=CARTESIAN_POINT('',(-24.7323780348514,-6.2136687045473,6.61120053119631));
#7940=CARTESIAN_POINT('',(-24.464682411299,-6.42714884065063,6.59334338833917));
#7941=CARTESIAN_POINT('',(-24.1969867877466,-6.64062897675396,6.57548624548202));
#7942=CARTESIAN_POINT('',(-24.048426924532,-6.94911671139097,6.55762910262488));
#7943=CARTESIAN_POINT('',(-23.8998670613174,-7.25760444602797,6.53977195976774));
#7944=CARTESIAN_POINT('',(-23.8998670613174,-7.6,6.52191481691059));
#7945=CARTESIAN_POINT('',(-23.8998670613174,-7.94239555397203,6.50405767405345));
#7946=CARTESIAN_POINT('',(-24.048426924532,-8.25088328860903,6.48620053119631));
#7947=CARTESIAN_POINT('',(-24.1969867877466,-8.55937102324603,6.46834338833917));
#7948=CARTESIAN_POINT('',(-24.464682411299,-8.77285115934937,6.45048624548202));
#7949=CARTESIAN_POINT('',(-24.7323780348514,-8.9863312954527,6.43262910262488));
#7950=CARTESIAN_POINT('',(-25.0661890174257,-9.06252147390505,6.41477195976774));
#7951=CARTESIAN_POINT('',(-25.4,-9.13871165235739,6.39691481691059));
#7952=CARTESIAN_POINT('',(-25.7338109825743,-9.06252147390505,6.37905767405345));
#7953=CARTESIAN_POINT('',(-26.0676219651486,-8.9863312954527,6.36120053119631));
#7954=CARTESIAN_POINT('',(-26.335317588701,-8.77285115934937,6.34334338833917));
#7955=CARTESIAN_POINT('',(-26.6030132122534,-8.55937102324604,6.32548624548202));
#7956=CARTESIAN_POINT('',(-26.751573075468,-8.25088328860903,6.30762910262488));
#7957=CARTESIAN_POINT('',(-26.9001329386826,-7.94239555397203,6.28977195976774));
#7958=CARTESIAN_POINT('',(-26.9001329386826,-7.6,6.27191481691059));
#7959=CARTESIAN_POINT('',(-26.9001329386826,-7.25760444602797,6.25405767405345));
#7960=CARTESIAN_POINT('',(-26.751573075468,-6.94911671139097,6.23620053119631));
#7961=CARTESIAN_POINT('',(-26.6030132122534,-6.64062897675396,6.21834338833917));
#7962=CARTESIAN_POINT('',(-26.335317588701,-6.42714884065063,6.20048624548202));
#7963=CARTESIAN_POINT('',(-26.0676219651486,-6.2136687045473,6.18262910262488));
#7964=CARTESIAN_POINT('',(-25.7338109825743,-6.13747852609495,6.16477195976774));
#7965=CARTESIAN_POINT('',(-25.4,-6.06128834764261,6.14691481691059));
#7966=CARTESIAN_POINT('',(-25.0661890174257,-6.13747852609495,6.12905767405345));
#7967=CARTESIAN_POINT('',(-24.7323780348514,-6.2136687045473,6.11120053119631));
#7968=CARTESIAN_POINT('',(-24.464682411299,-6.42714884065063,6.09334338833917));
#7969=CARTESIAN_POINT('',(-24.1969867877466,-6.64062897675397,6.07548624548202));
#7970=CARTESIAN_POINT('',(-24.048426924532,-6.94911671139097,6.05762910262488));
#7971=CARTESIAN_POINT('',(-23.8998670613174,-7.25760444602797,6.03977195976774));
#7972=CARTESIAN_POINT('',(-23.8998670613174,-7.6,6.02191481691059));
#7973=CARTESIAN_POINT('',(-23.8998670613174,-7.94239555397203,6.00405767405345));
#7974=CARTESIAN_POINT('',(-24.048426924532,-8.25088328860903,5.98620053119631));
#7975=CARTESIAN_POINT('',(-24.1969867877466,-8.55937102324603,5.96834338833917));
#7976=CARTESIAN_POINT('',(-24.464682411299,-8.77285115934937,5.95048624548202));
#7977=CARTESIAN_POINT('',(-24.7323780348514,-8.9863312954527,5.93262910262488));
#7978=CARTESIAN_POINT('',(-25.0661890174257,-9.06252147390505,5.91477195976774));
#7979=CARTESIAN_POINT('',(-25.4,-9.13871165235739,5.89691481691059));
#7980=CARTESIAN_POINT('',(-25.7338109825743,-9.06252147390505,5.87905767405345));
#7981=CARTESIAN_POINT('',(-26.0676219651486,-8.9863312954527,5.86120053119631));
#7982=CARTESIAN_POINT('',(-26.335317588701,-8.77285115934937,5.84334338833917));
#7983=CARTESIAN_POINT('',(-26.6030132122534,-8.55937102324604,5.82548624548202));
#7984=CARTESIAN_POINT('',(-26.751573075468,-8.25088328860904,5.80762910262488));
#7985=CARTESIAN_POINT('',(-26.9001329386826,-7.94239555397203,5.78977195976774));
#7986=CARTESIAN_POINT('',(-26.9001329386826,-7.6,5.77191481691059));
#7987=CARTESIAN_POINT('',(-26.9001329386826,-7.25760444602797,5.75405767405345));
#7988=CARTESIAN_POINT('',(-26.751573075468,-6.94911671139097,5.73620053119631));
#7989=CARTESIAN_POINT('',(-26.6030132122534,-6.64062897675396,5.71834338833917));
#7990=CARTESIAN_POINT('',(-26.335317588701,-6.42714884065063,5.70048624548202));
#7991=CARTESIAN_POINT('',(-26.0676219651486,-6.2136687045473,5.68262910262488));
#7992=CARTESIAN_POINT('',(-25.7338109825743,-6.13747852609495,5.66477195976774));
#7993=CARTESIAN_POINT('',(-25.4,-6.06128834764261,5.64691481691059));
#7994=CARTESIAN_POINT('',(-25.0661890174257,-6.13747852609495,5.62905767405345));
#7995=CARTESIAN_POINT('',(-24.7323780348514,-6.2136687045473,5.61120053119631));
#7996=CARTESIAN_POINT('',(-24.464682411299,-6.42714884065063,5.59334338833917));
#7997=CARTESIAN_POINT('',(-24.1969867877466,-6.64062897675397,5.57548624548202));
#7998=CARTESIAN_POINT('',(-24.048426924532,-6.94911671139096,5.55762910262488));
#7999=CARTESIAN_POINT('',(-23.8998670613174,-7.25760444602797,5.53977195976774));
#8000=CARTESIAN_POINT('',(-23.8998670613174,-7.6,5.52191481691059));
#8001=CARTESIAN_POINT('',(-23.8998670613174,-7.94239555397203,5.50405767405345));
#8002=CARTESIAN_POINT('',(-24.048426924532,-8.25088328860903,5.48620053119631));
#8003=CARTESIAN_POINT('',(-24.1969867877466,-8.55937102324603,5.46834338833917));
#8004=CARTESIAN_POINT('',(-24.464682411299,-8.77285115934937,5.45048624548202));
#8005=CARTESIAN_POINT('',(-24.7323780348514,-8.9863312954527,5.43262910262488));
#8006=CARTESIAN_POINT('',(-25.0661890174257,-9.06252147390505,5.41477195976774));
#8007=CARTESIAN_POINT('',(-25.4,-9.13871165235739,5.39691481691059));
#8008=CARTESIAN_POINT('',(-25.7338109825743,-9.06252147390505,5.37905767405345));
#8009=CARTESIAN_POINT('',(-26.0676219651486,-8.9863312954527,5.36120053119631));
#8010=CARTESIAN_POINT('',(-26.335317588701,-8.77285115934937,5.34334338833917));
#8011=CARTESIAN_POINT('',(-26.6030132122534,-8.55937102324604,5.32548624548202));
#8012=CARTESIAN_POINT('',(-26.751573075468,-8.25088328860904,5.30762910262488));
#8013=CARTESIAN_POINT('',(-26.9001329386826,-7.94239555397203,5.28977195976774));
#8014=CARTESIAN_POINT('',(-26.9001329386826,-7.6,5.27191481691059));
#8015=CARTESIAN_POINT('',(-26.9001329386826,-7.25760444602797,5.25405767405345));
#8016=CARTESIAN_POINT('',(-26.751573075468,-6.94911671139097,5.23620053119631));
#8017=CARTESIAN_POINT('',(-26.6030132122534,-6.64062897675397,5.21834338833917));
#8018=CARTESIAN_POINT('',(-26.335317588701,-6.42714884065063,5.20048624548202));
#8019=CARTESIAN_POINT('',(-26.0676219651486,-6.2136687045473,5.18262910262488));
#8020=CARTESIAN_POINT('',(-25.7338109825743,-6.13747852609496,5.16477195976774));
#8021=CARTESIAN_POINT('',(-25.4,-6.06128834764261,5.14691481691059));
#8022=CARTESIAN_POINT('',(-25.0661890174257,-6.13747852609495,5.12905767405345));
#8023=CARTESIAN_POINT('',(-24.7323780348514,-6.2136687045473,5.11120053119631));
#8024=CARTESIAN_POINT('',(-24.464682411299,-6.42714884065064,5.09334338833917));
#8025=CARTESIAN_POINT('',(-24.1969867877466,-6.64062897675397,5.07548624548202));
#8026=CARTESIAN_POINT('',(-24.048426924532,-6.94911671139096,5.05762910262488));
#8027=CARTESIAN_POINT('',(-23.8998670613174,-7.25760444602796,5.03977195976774));
#8028=CARTESIAN_POINT('',(-23.8998670613174,-7.59999999999999,5.02191481691059));
#8029=CARTESIAN_POINT('',(-23.8998670613174,-7.94239555397203,5.00405767405345));
#8030=CARTESIAN_POINT('',(-24.048426924532,-8.25088328860903,4.98620053119631));
#8031=CARTESIAN_POINT('',(-24.1969867877466,-8.55937102324603,4.96834338833917));
#8032=CARTESIAN_POINT('',(-24.464682411299,-8.77285115934937,4.95048624548202));
#8033=CARTESIAN_POINT('',(-24.7323780348514,-8.9863312954527,4.93262910262488));
#8034=CARTESIAN_POINT('',(-25.0661890174257,-9.06252147390505,4.91477195976774));
#8035=CARTESIAN_POINT('',(-25.4,-9.13871165235739,4.89691481691059));
#8036=CARTESIAN_POINT('',(-25.7338109825743,-9.06252147390505,4.87905767405345));
#8037=CARTESIAN_POINT('',(-26.0676219651486,-8.9863312954527,4.86120053119631));
#8038=CARTESIAN_POINT('',(-26.335317588701,-8.77285115934937,4.84334338833917));
#8039=CARTESIAN_POINT('',(-26.6030132122534,-8.55937102324604,4.82548624548202));
#8040=CARTESIAN_POINT('',(-26.751573075468,-8.25088328860903,4.80762910262488));
#8041=CARTESIAN_POINT('',(-26.9001329386826,-7.94239555397203,4.78977195976774));
#8042=CARTESIAN_POINT('',(-26.9001329386826,-7.6,4.77191481691059));
#8043=CARTESIAN_POINT('',(-26.9001329386826,-7.25760444602797,4.75405767405345));
#8044=CARTESIAN_POINT('',(-26.751573075468,-6.94911671139097,4.73620053119631));
#8045=CARTESIAN_POINT('',(-26.6030132122534,-6.64062897675397,4.71834338833917));
#8046=CARTESIAN_POINT('',(-26.335317588701,-6.42714884065063,4.70048624548202));
#8047=CARTESIAN_POINT('',(-26.0676219651486,-6.2136687045473,4.68262910262488));
#8048=CARTESIAN_POINT('',(-25.7338109825743,-6.13747852609495,4.66477195976774));
#8049=CARTESIAN_POINT('',(-25.4,-6.06128834764261,4.64691481691059));
#8050=CARTESIAN_POINT('',(-25.0661890174257,-6.13747852609495,4.62905767405345));
#8051=CARTESIAN_POINT('',(-24.7323780348514,-6.2136687045473,4.61120053119631));
#8052=CARTESIAN_POINT('',(-24.464682411299,-6.42714884065063,4.59334338833917));
#8053=CARTESIAN_POINT('',(-24.1969867877466,-6.64062897675397,4.57548624548202));
#8054=CARTESIAN_POINT('',(-24.048426924532,-6.94911671139096,4.55762910262488));
#8055=CARTESIAN_POINT('',(-23.8998670613174,-7.25760444602796,4.53977195976774));
#8056=CARTESIAN_POINT('',(-23.8998670613174,-7.6,4.52191481691059));
#8057=CARTESIAN_POINT('',(-23.8998670613174,-7.94239555397203,4.50405767405345));
#8058=CARTESIAN_POINT('',(-24.048426924532,-8.25088328860903,4.48620053119631));
#8059=CARTESIAN_POINT('',(-24.1969867877466,-8.55937102324603,4.46834338833917));
#8060=CARTESIAN_POINT('',(-24.464682411299,-8.77285115934936,4.45048624548202));
#8061=CARTESIAN_POINT('',(-24.7323780348514,-8.9863312954527,4.43262910262488));
#8062=CARTESIAN_POINT('',(-25.0661890174257,-9.06252147390505,4.41477195976774));
#8063=CARTESIAN_POINT('',(-25.4,-9.13871165235739,4.39691481691059));
#8064=CARTESIAN_POINT('',(-25.7338109825743,-9.06252147390505,4.37905767405345));
#8065=CARTESIAN_POINT('',(-26.0676219651486,-8.9863312954527,4.36120053119631));
#8066=CARTESIAN_POINT('',(-26.335317588701,-8.77285115934937,4.34334338833917));
#8067=CARTESIAN_POINT('',(-26.6030132122534,-8.55937102324604,4.32548624548202));
#8068=CARTESIAN_POINT('',(-26.751573075468,-8.25088328860904,4.30762910262488));
#8069=CARTESIAN_POINT('',(-26.9001329386826,-7.94239555397203,4.28977195976774));
#8070=CARTESIAN_POINT('',(-26.9001329386826,-7.6,4.27191481691059));
#8071=CARTESIAN_POINT('',(-26.9001329386826,-7.25760444602797,4.25405767405345));
#8072=CARTESIAN_POINT('',(-26.751573075468,-6.94911671139096,4.23620053119631));
#8073=CARTESIAN_POINT('',(-26.6030132122534,-6.64062897675397,4.21834338833917));
#8074=CARTESIAN_POINT('',(-26.335317588701,-6.42714884065063,4.20048624548202));
#8075=CARTESIAN_POINT('',(-26.0676219651486,-6.2136687045473,4.18262910262488));
#8076=CARTESIAN_POINT('',(-25.7338109825743,-6.13747852609496,4.16477195976774));
#8077=CARTESIAN_POINT('',(-25.4,-6.06128834764261,4.14691481691059));
#8078=CARTESIAN_POINT('',(-25.0661890174257,-6.13747852609495,4.12905767405345));
#8079=CARTESIAN_POINT('',(-24.7323780348514,-6.2136687045473,4.11120053119631));
#8080=CARTESIAN_POINT('',(-24.464682411299,-6.42714884065063,4.09334338833917));
#8081=CARTESIAN_POINT('',(-24.1969867877466,-6.64062897675397,4.07548624548202));
#8082=CARTESIAN_POINT('',(-24.048426924532,-6.94911671139096,4.05762910262488));
#8083=CARTESIAN_POINT('',(-23.8998670613174,-7.25760444602796,4.03977195976774));
#8084=CARTESIAN_POINT('',(-23.8998670613174,-7.59999999999999,4.02191481691059));
#8085=CARTESIAN_POINT('',(-23.8998670613174,-7.94239555397203,4.00405767405345));
#8086=CARTESIAN_POINT('',(-24.048426924532,-8.25088328860903,3.98620053119631));
#8087=CARTESIAN_POINT('',(-24.1969867877466,-8.55937102324603,3.96834338833917));
#8088=CARTESIAN_POINT('',(-24.464682411299,-8.77285115934937,3.95048624548202));
#8089=CARTESIAN_POINT('',(-24.7323780348514,-8.9863312954527,3.93262910262488));
#8090=CARTESIAN_POINT('',(-25.0661890174257,-9.06252147390505,3.91477195976774));
#8091=CARTESIAN_POINT('',(-25.4,-9.13871165235739,3.89691481691059));
#8092=CARTESIAN_POINT('',(-25.7338109825743,-9.06252147390505,3.87905767405345));
#8093=CARTESIAN_POINT('',(-26.0676219651486,-8.9863312954527,3.86120053119631));
#8094=CARTESIAN_POINT('',(-26.335317588701,-8.77285115934937,3.84334338833917));
#8095=CARTESIAN_POINT('',(-26.6030132122534,-8.55937102324604,3.82548624548202));
#8096=CARTESIAN_POINT('',(-26.751573075468,-8.25088328860903,3.80762910262488));
#8097=CARTESIAN_POINT('',(-26.9001329386826,-7.94239555397203,3.78977195976774));
#8098=CARTESIAN_POINT('',(-26.9001329386826,-7.6,3.77191481691059));
#8099=CARTESIAN_POINT('',(-26.9001329386826,-7.25760444602797,3.75405767405345));
#8100=CARTESIAN_POINT('',(-26.751573075468,-6.94911671139097,3.73620053119631));
#8101=CARTESIAN_POINT('',(-26.6030132122534,-6.64062897675397,3.71834338833917));
#8102=CARTESIAN_POINT('',(-26.335317588701,-6.42714884065063,3.70048624548202));
#8103=CARTESIAN_POINT('',(-26.0676219651486,-6.2136687045473,3.68262910262488));
#8104=CARTESIAN_POINT('',(-25.7338109825743,-6.13747852609495,3.66477195976774));
#8105=CARTESIAN_POINT('',(-25.4,-6.06128834764261,3.64691481691059));
#8106=CARTESIAN_POINT('',(-25.0661890174257,-6.13747852609495,3.62905767405345));
#8107=CARTESIAN_POINT('',(-24.7323780348514,-6.2136687045473,3.61120053119631));
#8108=CARTESIAN_POINT('',(-24.464682411299,-6.42714884065063,3.59334338833917));
#8109=CARTESIAN_POINT('',(-24.1969867877466,-6.64062897675397,3.57548624548202));
#8110=CARTESIAN_POINT('',(-24.048426924532,-6.94911671139096,3.55762910262488));
#8111=CARTESIAN_POINT('',(-23.8998670613174,-7.25760444602796,3.53977195976774));
#8112=CARTESIAN_POINT('',(-23.8998670613174,-7.6,3.52191481691059));
#8113=CARTESIAN_POINT('',(-23.8998670613174,-7.94239555397203,3.50405767405345));
#8114=CARTESIAN_POINT('',(-24.048426924532,-8.25088328860903,3.48620053119631));
#8115=CARTESIAN_POINT('',(-24.1969867877466,-8.55937102324603,3.46834338833917));
#8116=CARTESIAN_POINT('',(-24.464682411299,-8.77285115934936,3.45048624548202));
#8117=CARTESIAN_POINT('',(-24.7323780348514,-8.9863312954527,3.43262910262488));
#8118=CARTESIAN_POINT('',(-25.0661890174257,-9.06252147390505,3.41477195976774));
#8119=CARTESIAN_POINT('',(-25.4,-9.13871165235739,3.39691481691059));
#8120=CARTESIAN_POINT('',(-25.7338109825743,-9.06252147390505,3.37905767405345));
#8121=CARTESIAN_POINT('',(-26.0676219651486,-8.9863312954527,3.36120053119631));
#8122=CARTESIAN_POINT('',(-26.335317588701,-8.77285115934937,3.34334338833917));
#8123=CARTESIAN_POINT('',(-26.6030132122534,-8.55937102324604,3.32548624548202));
#8124=CARTESIAN_POINT('',(-26.751573075468,-8.25088328860904,3.30762910262488));
#8125=CARTESIAN_POINT('',(-26.9001329386826,-7.94239555397203,3.28977195976774));
#8126=CARTESIAN_POINT('',(-26.9001329386826,-7.6,3.27191481691059));
#8127=CARTESIAN_POINT('',(-26.9001329386826,-7.25760444602797,3.25405767405345));
#8128=CARTESIAN_POINT('',(-26.751573075468,-6.94911671139096,3.23620053119631));
#8129=CARTESIAN_POINT('',(-26.6030132122534,-6.64062897675397,3.21834338833917));
#8130=CARTESIAN_POINT('',(-26.335317588701,-6.42714884065064,3.20048624548202));
#8131=CARTESIAN_POINT('',(-26.0676219651486,-6.2136687045473,3.18262910262488));
#8132=CARTESIAN_POINT('',(-25.7338109825743,-6.13747852609496,3.16477195976774));
#8133=CARTESIAN_POINT('',(-25.4,-6.06128834764261,3.14691481691059));
#8134=CARTESIAN_POINT('',(-25.0661890174257,-6.13747852609495,3.12905767405345));
#8135=CARTESIAN_POINT('',(-24.7323780348514,-6.2136687045473,3.11120053119631));
#8136=CARTESIAN_POINT('',(-24.464682411299,-6.42714884065063,3.09334338833917));
#8137=CARTESIAN_POINT('',(-24.1969867877466,-6.64062897675397,3.07548624548202));
#8138=CARTESIAN_POINT('',(-24.048426924532,-6.94911671139096,3.05762910262488));
#8139=CARTESIAN_POINT('',(-23.8998670613174,-7.25760444602796,3.03977195976774));
#8140=CARTESIAN_POINT('',(-23.8998670613174,-7.59999999999999,3.02191481691059));
#8141=CARTESIAN_POINT('',(-23.8998670613174,-7.94239555397203,3.00405767405345));
#8142=CARTESIAN_POINT('',(-24.048426924532,-8.25088328860903,2.98620053119631));
#8143=CARTESIAN_POINT('',(-24.1969867877466,-8.55937102324603,2.96834338833917));
#8144=CARTESIAN_POINT('',(-24.464682411299,-8.77285115934937,2.95048624548202));
#8145=CARTESIAN_POINT('',(-24.7323780348514,-8.9863312954527,2.93262910262488));
#8146=CARTESIAN_POINT('',(-25.0661890174257,-9.06252147390505,2.91477195976774));
#8147=CARTESIAN_POINT('',(-25.4,-9.13871165235739,2.89691481691059));
#8148=CARTESIAN_POINT('',(-25.7338109825743,-9.06252147390505,2.87905767405345));
#8149=CARTESIAN_POINT('',(-26.0676219651486,-8.9863312954527,2.86120053119631));
#8150=CARTESIAN_POINT('',(-26.335317588701,-8.77285115934937,2.84334338833917));
#8151=CARTESIAN_POINT('',(-26.6030132122534,-8.55937102324604,2.82548624548202));
#8152=CARTESIAN_POINT('',(-26.751573075468,-8.25088328860903,2.80762910262488));
#8153=CARTESIAN_POINT('',(-26.9001329386826,-7.94239555397203,2.78977195976774));
#8154=CARTESIAN_POINT('',(-26.9001329386826,-7.6,2.77191481691059));
#8155=CARTESIAN_POINT('',(-25.4,-7.6,8.55316481691059));
#8156=CARTESIAN_POINT('',(-26.9001329386826,-7.6,7.70941481691059));
#8157=CARTESIAN_POINT('',(-26.9001329386826,-7.25760444602797,7.69155767405345));
#8158=CARTESIAN_POINT('',(-26.751573075468,-6.94911671139097,7.67370053119631));
#8159=CARTESIAN_POINT('',(-26.6030132122534,-6.64062897675397,7.65584338833917));
#8160=CARTESIAN_POINT('',(-26.335317588701,-6.42714884065063,7.63798624548202));
#8161=CARTESIAN_POINT('',(-26.0676219651486,-6.2136687045473,7.62012910262488));
#8162=CARTESIAN_POINT('',(-25.7338109825743,-6.13747852609495,7.60227195976774));
#8163=CARTESIAN_POINT('',(-25.4,-6.06128834764261,7.58441481691059));
#8164=CARTESIAN_POINT('',(-25.0661890174257,-6.13747852609495,7.56655767405345));
#8165=CARTESIAN_POINT('',(-24.7323780348514,-6.2136687045473,7.54870053119631));
#8166=CARTESIAN_POINT('',(-24.464682411299,-6.42714884065063,7.53084338833917));
#8167=CARTESIAN_POINT('',(-24.1969867877466,-6.64062897675397,7.51298624548202));
#8168=CARTESIAN_POINT('',(-24.048426924532,-6.94911671139097,7.49512910262488));
#8169=CARTESIAN_POINT('',(-23.8998670613174,-7.25760444602797,7.47727195976774));
#8170=CARTESIAN_POINT('',(-23.8998670613174,-7.6,7.45941481691059));
#8171=CARTESIAN_POINT('',(-23.8998670613174,-7.94239555397203,7.44155767405345));
#8172=CARTESIAN_POINT('',(-24.048426924532,-8.25088328860903,7.42370053119631));
#8173=CARTESIAN_POINT('',(-24.1969867877466,-8.55937102324603,7.40584338833917));
#8174=CARTESIAN_POINT('',(-24.464682411299,-8.77285115934937,7.38798624548202));
#8175=CARTESIAN_POINT('',(-24.7323780348514,-8.9863312954527,7.37012910262488));
#8176=CARTESIAN_POINT('',(-25.0661890174257,-9.06252147390505,7.35227195976774));
#8177=CARTESIAN_POINT('',(-25.4,-9.13871165235739,7.33441481691059));
#8178=CARTESIAN_POINT('',(-25.7338109825743,-9.06252147390505,7.31655767405345));
#8179=CARTESIAN_POINT('',(-26.0676219651486,-8.9863312954527,7.29870053119631));
#8180=CARTESIAN_POINT('',(-26.335317588701,-8.77285115934937,7.28084338833917));
#8181=CARTESIAN_POINT('',(-26.6030132122534,-8.55937102324603,7.26298624548202));
#8182=CARTESIAN_POINT('',(-26.751573075468,-8.25088328860903,7.24512910262488));
#8183=CARTESIAN_POINT('',(-26.9001329386826,-7.94239555397203,7.22727195976774));
#8184=CARTESIAN_POINT('',(-26.9001329386826,-7.6,7.20941481691059));
#8185=CARTESIAN_POINT('',(-26.9001329386826,-7.25760444602797,7.19155767405345));
#8186=CARTESIAN_POINT('',(-26.751573075468,-6.94911671139097,7.17370053119631));
#8187=CARTESIAN_POINT('',(-26.6030132122534,-6.64062897675397,7.15584338833917));
#8188=CARTESIAN_POINT('',(-26.335317588701,-6.42714884065063,7.13798624548202));
#8189=CARTESIAN_POINT('',(-26.0676219651486,-6.2136687045473,7.12012910262488));
#8190=CARTESIAN_POINT('',(-25.7338109825743,-6.13747852609495,7.10227195976774));
#8191=CARTESIAN_POINT('',(-25.4,-6.06128834764261,7.08441481691059));
#8192=CARTESIAN_POINT('',(-25.0661890174257,-6.13747852609495,7.06655767405345));
#8193=CARTESIAN_POINT('',(-24.7323780348514,-6.2136687045473,7.04870053119631));
#8194=CARTESIAN_POINT('',(-24.464682411299,-6.42714884065063,7.03084338833917));
#8195=CARTESIAN_POINT('',(-24.1969867877466,-6.64062897675397,7.01298624548202));
#8196=CARTESIAN_POINT('',(-24.048426924532,-6.94911671139097,6.99512910262488));
#8197=CARTESIAN_POINT('',(-23.8998670613174,-7.25760444602797,6.97727195976774));
#8198=CARTESIAN_POINT('',(-23.8998670613174,-7.6,6.95941481691059));
#8199=CARTESIAN_POINT('',(-23.8998670613174,-7.94239555397203,6.94155767405345));
#8200=CARTESIAN_POINT('',(-24.048426924532,-8.25088328860903,6.92370053119631));
#8201=CARTESIAN_POINT('',(-24.1969867877466,-8.55937102324603,6.90584338833917));
#8202=CARTESIAN_POINT('',(-24.464682411299,-8.77285115934937,6.88798624548202));
#8203=CARTESIAN_POINT('',(-24.7323780348514,-8.9863312954527,6.87012910262488));
#8204=CARTESIAN_POINT('',(-25.0661890174257,-9.06252147390505,6.85227195976774));
#8205=CARTESIAN_POINT('',(-25.4,-9.13871165235739,6.83441481691059));
#8206=CARTESIAN_POINT('',(-25.7338109825743,-9.06252147390505,6.81655767405345));
#8207=CARTESIAN_POINT('',(-26.0676219651486,-8.9863312954527,6.79870053119631));
#8208=CARTESIAN_POINT('',(-26.335317588701,-8.77285115934937,6.78084338833917));
#8209=CARTESIAN_POINT('',(-26.6030132122534,-8.55937102324603,6.76298624548202));
#8210=CARTESIAN_POINT('',(-26.751573075468,-8.25088328860903,6.74512910262488));
#8211=CARTESIAN_POINT('',(-26.9001329386826,-7.94239555397203,6.72727195976774));
#8212=CARTESIAN_POINT('',(-26.9001329386826,-7.6,6.70941481691059));
#8213=CARTESIAN_POINT('',(-26.9001329386826,-7.25760444602797,6.69155767405345));
#8214=CARTESIAN_POINT('',(-26.751573075468,-6.94911671139097,6.67370053119631));
#8215=CARTESIAN_POINT('',(-26.6030132122534,-6.64062897675397,6.65584338833916));
#8216=CARTESIAN_POINT('',(-26.335317588701,-6.42714884065063,6.63798624548202));
#8217=CARTESIAN_POINT('',(-26.0676219651486,-6.2136687045473,6.62012910262488));
#8218=CARTESIAN_POINT('',(-25.7338109825743,-6.13747852609495,6.60227195976774));
#8219=CARTESIAN_POINT('',(-25.4,-6.06128834764261,6.58441481691059));
#8220=CARTESIAN_POINT('',(-25.0661890174257,-6.13747852609495,6.56655767405345));
#8221=CARTESIAN_POINT('',(-24.7323780348514,-6.2136687045473,6.54870053119631));
#8222=CARTESIAN_POINT('',(-24.464682411299,-6.42714884065063,6.53084338833917));
#8223=CARTESIAN_POINT('',(-24.1969867877466,-6.64062897675396,6.51298624548202));
#8224=CARTESIAN_POINT('',(-24.048426924532,-6.94911671139097,6.49512910262488));
#8225=CARTESIAN_POINT('',(-23.8998670613174,-7.25760444602797,6.47727195976774));
#8226=CARTESIAN_POINT('',(-23.8998670613174,-7.6,6.45941481691059));
#8227=CARTESIAN_POINT('',(-23.8998670613174,-7.94239555397203,6.44155767405345));
#8228=CARTESIAN_POINT('',(-24.048426924532,-8.25088328860903,6.42370053119631));
#8229=CARTESIAN_POINT('',(-24.1969867877466,-8.55937102324603,6.40584338833917));
#8230=CARTESIAN_POINT('',(-24.464682411299,-8.77285115934937,6.38798624548202));
#8231=CARTESIAN_POINT('',(-24.7323780348514,-8.9863312954527,6.37012910262488));
#8232=CARTESIAN_POINT('',(-25.0661890174257,-9.06252147390505,6.35227195976774));
#8233=CARTESIAN_POINT('',(-25.4,-9.13871165235739,6.33441481691059));
#8234=CARTESIAN_POINT('',(-25.7338109825743,-9.06252147390505,6.31655767405345));
#8235=CARTESIAN_POINT('',(-26.0676219651486,-8.9863312954527,6.29870053119631));
#8236=CARTESIAN_POINT('',(-26.335317588701,-8.77285115934937,6.28084338833917));
#8237=CARTESIAN_POINT('',(-26.6030132122534,-8.55937102324604,6.26298624548202));
#8238=CARTESIAN_POINT('',(-26.751573075468,-8.25088328860903,6.24512910262488));
#8239=CARTESIAN_POINT('',(-26.9001329386826,-7.94239555397203,6.22727195976774));
#8240=CARTESIAN_POINT('',(-26.9001329386826,-7.6,6.20941481691059));
#8241=CARTESIAN_POINT('',(-26.9001329386826,-7.25760444602797,6.19155767405345));
#8242=CARTESIAN_POINT('',(-26.751573075468,-6.94911671139097,6.17370053119631));
#8243=CARTESIAN_POINT('',(-26.6030132122534,-6.64062897675396,6.15584338833917));
#8244=CARTESIAN_POINT('',(-26.335317588701,-6.42714884065063,6.13798624548202));
#8245=CARTESIAN_POINT('',(-26.0676219651486,-6.2136687045473,6.12012910262488));
#8246=CARTESIAN_POINT('',(-25.7338109825743,-6.13747852609495,6.10227195976774));
#8247=CARTESIAN_POINT('',(-25.4,-6.06128834764261,6.08441481691059));
#8248=CARTESIAN_POINT('',(-25.0661890174257,-6.13747852609495,6.06655767405345));
#8249=CARTESIAN_POINT('',(-24.7323780348514,-6.2136687045473,6.04870053119631));
#8250=CARTESIAN_POINT('',(-24.464682411299,-6.42714884065063,6.03084338833917));
#8251=CARTESIAN_POINT('',(-24.1969867877466,-6.64062897675397,6.01298624548202));
#8252=CARTESIAN_POINT('',(-24.048426924532,-6.94911671139097,5.99512910262488));
#8253=CARTESIAN_POINT('',(-23.8998670613174,-7.25760444602797,5.97727195976774));
#8254=CARTESIAN_POINT('',(-23.8998670613174,-7.6,5.95941481691059));
#8255=CARTESIAN_POINT('',(-23.8998670613174,-7.94239555397203,5.94155767405345));
#8256=CARTESIAN_POINT('',(-24.048426924532,-8.25088328860903,5.92370053119631));
#8257=CARTESIAN_POINT('',(-24.1969867877466,-8.55937102324603,5.90584338833917));
#8258=CARTESIAN_POINT('',(-24.464682411299,-8.77285115934937,5.88798624548202));
#8259=CARTESIAN_POINT('',(-24.7323780348514,-8.9863312954527,5.87012910262488));
#8260=CARTESIAN_POINT('',(-25.0661890174257,-9.06252147390505,5.85227195976774));
#8261=CARTESIAN_POINT('',(-25.4,-9.13871165235739,5.83441481691059));
#8262=CARTESIAN_POINT('',(-25.7338109825743,-9.06252147390505,5.81655767405345));
#8263=CARTESIAN_POINT('',(-26.0676219651486,-8.9863312954527,5.79870053119631));
#8264=CARTESIAN_POINT('',(-26.335317588701,-8.77285115934937,5.78084338833917));
#8265=CARTESIAN_POINT('',(-26.6030132122534,-8.55937102324604,5.76298624548202));
#8266=CARTESIAN_POINT('',(-26.751573075468,-8.25088328860904,5.74512910262488));
#8267=CARTESIAN_POINT('',(-26.9001329386826,-7.94239555397203,5.72727195976774));
#8268=CARTESIAN_POINT('',(-26.9001329386826,-7.6,5.70941481691059));
#8269=CARTESIAN_POINT('',(-26.9001329386826,-7.25760444602797,5.69155767405345));
#8270=CARTESIAN_POINT('',(-26.751573075468,-6.94911671139097,5.67370053119631));
#8271=CARTESIAN_POINT('',(-26.6030132122534,-6.64062897675396,5.65584338833917));
#8272=CARTESIAN_POINT('',(-26.335317588701,-6.42714884065063,5.63798624548202));
#8273=CARTESIAN_POINT('',(-26.0676219651486,-6.2136687045473,5.62012910262488));
#8274=CARTESIAN_POINT('',(-25.7338109825743,-6.13747852609495,5.60227195976774));
#8275=CARTESIAN_POINT('',(-25.4,-6.06128834764261,5.58441481691059));
#8276=CARTESIAN_POINT('',(-25.0661890174257,-6.13747852609495,5.56655767405345));
#8277=CARTESIAN_POINT('',(-24.7323780348514,-6.2136687045473,5.54870053119631));
#8278=CARTESIAN_POINT('',(-24.464682411299,-6.42714884065063,5.53084338833917));
#8279=CARTESIAN_POINT('',(-24.1969867877466,-6.64062897675397,5.51298624548202));
#8280=CARTESIAN_POINT('',(-24.048426924532,-6.94911671139096,5.49512910262488));
#8281=CARTESIAN_POINT('',(-23.8998670613174,-7.25760444602797,5.47727195976774));
#8282=CARTESIAN_POINT('',(-23.8998670613174,-7.6,5.45941481691059));
#8283=CARTESIAN_POINT('',(-23.8998670613174,-7.94239555397203,5.44155767405345));
#8284=CARTESIAN_POINT('',(-24.048426924532,-8.25088328860903,5.42370053119631));
#8285=CARTESIAN_POINT('',(-24.1969867877466,-8.55937102324603,5.40584338833917));
#8286=CARTESIAN_POINT('',(-24.464682411299,-8.77285115934937,5.38798624548202));
#8287=CARTESIAN_POINT('',(-24.7323780348514,-8.9863312954527,5.37012910262488));
#8288=CARTESIAN_POINT('',(-25.0661890174257,-9.06252147390505,5.35227195976774));
#8289=CARTESIAN_POINT('',(-25.4,-9.13871165235739,5.33441481691059));
#8290=CARTESIAN_POINT('',(-25.7338109825743,-9.06252147390505,5.31655767405345));
#8291=CARTESIAN_POINT('',(-26.0676219651486,-8.9863312954527,5.29870053119631));
#8292=CARTESIAN_POINT('',(-26.335317588701,-8.77285115934937,5.28084338833917));
#8293=CARTESIAN_POINT('',(-26.6030132122534,-8.55937102324604,5.26298624548202));
#8294=CARTESIAN_POINT('',(-26.751573075468,-8.25088328860904,5.24512910262488));
#8295=CARTESIAN_POINT('',(-26.9001329386826,-7.94239555397203,5.22727195976774));
#8296=CARTESIAN_POINT('',(-26.9001329386826,-7.6,5.20941481691059));
#8297=CARTESIAN_POINT('',(-26.9001329386826,-7.25760444602797,5.19155767405345));
#8298=CARTESIAN_POINT('',(-26.751573075468,-6.94911671139097,5.17370053119631));
#8299=CARTESIAN_POINT('',(-26.6030132122534,-6.64062897675397,5.15584338833917));
#8300=CARTESIAN_POINT('',(-26.335317588701,-6.42714884065063,5.13798624548202));
#8301=CARTESIAN_POINT('',(-26.0676219651486,-6.2136687045473,5.12012910262488));
#8302=CARTESIAN_POINT('',(-25.7338109825743,-6.13747852609496,5.10227195976774));
#8303=CARTESIAN_POINT('',(-25.4,-6.06128834764261,5.08441481691059));
#8304=CARTESIAN_POINT('',(-25.0661890174257,-6.13747852609495,5.06655767405345));
#8305=CARTESIAN_POINT('',(-24.7323780348514,-6.2136687045473,5.04870053119631));
#8306=CARTESIAN_POINT('',(-24.464682411299,-6.42714884065064,5.03084338833917));
#8307=CARTESIAN_POINT('',(-24.1969867877466,-6.64062897675397,5.01298624548202));
#8308=CARTESIAN_POINT('',(-24.048426924532,-6.94911671139096,4.99512910262488));
#8309=CARTESIAN_POINT('',(-23.8998670613174,-7.25760444602796,4.97727195976774));
#8310=CARTESIAN_POINT('',(-23.8998670613174,-7.59999999999999,4.95941481691059));
#8311=CARTESIAN_POINT('',(-23.8998670613174,-7.94239555397203,4.94155767405345));
#8312=CARTESIAN_POINT('',(-24.048426924532,-8.25088328860903,4.92370053119631));
#8313=CARTESIAN_POINT('',(-24.1969867877466,-8.55937102324603,4.90584338833917));
#8314=CARTESIAN_POINT('',(-24.464682411299,-8.77285115934937,4.88798624548202));
#8315=CARTESIAN_POINT('',(-24.7323780348514,-8.9863312954527,4.87012910262488));
#8316=CARTESIAN_POINT('',(-25.0661890174257,-9.06252147390505,4.85227195976774));
#8317=CARTESIAN_POINT('',(-25.4,-9.13871165235739,4.83441481691059));
#8318=CARTESIAN_POINT('',(-25.7338109825743,-9.06252147390505,4.81655767405345));
#8319=CARTESIAN_POINT('',(-26.0676219651486,-8.9863312954527,4.79870053119631));
#8320=CARTESIAN_POINT('',(-26.335317588701,-8.77285115934937,4.78084338833917));
#8321=CARTESIAN_POINT('',(-26.6030132122534,-8.55937102324604,4.76298624548202));
#8322=CARTESIAN_POINT('',(-26.751573075468,-8.25088328860903,4.74512910262488));
#8323=CARTESIAN_POINT('',(-26.9001329386826,-7.94239555397203,4.72727195976774));
#8324=CARTESIAN_POINT('',(-26.9001329386826,-7.6,4.70941481691059));
#8325=CARTESIAN_POINT('',(-26.9001329386826,-7.25760444602797,4.69155767405345));
#8326=CARTESIAN_POINT('',(-26.751573075468,-6.94911671139097,4.67370053119631));
#8327=CARTESIAN_POINT('',(-26.6030132122534,-6.64062897675397,4.65584338833917));
#8328=CARTESIAN_POINT('',(-26.335317588701,-6.42714884065063,4.63798624548202));
#8329=CARTESIAN_POINT('',(-26.0676219651486,-6.2136687045473,4.62012910262488));
#8330=CARTESIAN_POINT('',(-25.7338109825743,-6.13747852609495,4.60227195976774));
#8331=CARTESIAN_POINT('',(-25.4,-6.06128834764261,4.58441481691059));
#8332=CARTESIAN_POINT('',(-25.0661890174257,-6.13747852609495,4.56655767405345));
#8333=CARTESIAN_POINT('',(-24.7323780348514,-6.2136687045473,4.54870053119631));
#8334=CARTESIAN_POINT('',(-24.464682411299,-6.42714884065063,4.53084338833917));
#8335=CARTESIAN_POINT('',(-24.1969867877466,-6.64062897675397,4.51298624548202));
#8336=CARTESIAN_POINT('',(-24.048426924532,-6.94911671139096,4.49512910262488));
#8337=CARTESIAN_POINT('',(-23.8998670613174,-7.25760444602796,4.47727195976774));
#8338=CARTESIAN_POINT('',(-23.8998670613174,-7.6,4.45941481691059));
#8339=CARTESIAN_POINT('',(-23.8998670613174,-7.94239555397203,4.44155767405345));
#8340=CARTESIAN_POINT('',(-24.048426924532,-8.25088328860903,4.42370053119631));
#8341=CARTESIAN_POINT('',(-24.1969867877466,-8.55937102324603,4.40584338833917));
#8342=CARTESIAN_POINT('',(-24.464682411299,-8.77285115934936,4.38798624548202));
#8343=CARTESIAN_POINT('',(-24.7323780348514,-8.9863312954527,4.37012910262488));
#8344=CARTESIAN_POINT('',(-25.0661890174257,-9.06252147390505,4.35227195976774));
#8345=CARTESIAN_POINT('',(-25.4,-9.13871165235739,4.33441481691059));
#8346=CARTESIAN_POINT('',(-25.7338109825743,-9.06252147390505,4.31655767405345));
#8347=CARTESIAN_POINT('',(-26.0676219651486,-8.9863312954527,4.29870053119631));
#8348=CARTESIAN_POINT('',(-26.335317588701,-8.77285115934937,4.28084338833917));
#8349=CARTESIAN_POINT('',(-26.6030132122534,-8.55937102324604,4.26298624548202));
#8350=CARTESIAN_POINT('',(-26.751573075468,-8.25088328860904,4.24512910262488));
#8351=CARTESIAN_POINT('',(-26.9001329386826,-7.94239555397203,4.22727195976774));
#8352=CARTESIAN_POINT('',(-26.9001329386826,-7.6,4.20941481691059));
#8353=CARTESIAN_POINT('',(-26.9001329386826,-7.25760444602797,4.19155767405345));
#8354=CARTESIAN_POINT('',(-26.751573075468,-6.94911671139096,4.17370053119631));
#8355=CARTESIAN_POINT('',(-26.6030132122534,-6.64062897675397,4.15584338833917));
#8356=CARTESIAN_POINT('',(-26.335317588701,-6.42714884065063,4.13798624548202));
#8357=CARTESIAN_POINT('',(-26.0676219651486,-6.2136687045473,4.12012910262488));
#8358=CARTESIAN_POINT('',(-25.7338109825743,-6.13747852609496,4.10227195976774));
#8359=CARTESIAN_POINT('',(-25.4,-6.06128834764261,4.08441481691059));
#8360=CARTESIAN_POINT('',(-25.0661890174257,-6.13747852609495,4.06655767405345));
#8361=CARTESIAN_POINT('',(-24.7323780348514,-6.2136687045473,4.04870053119631));
#8362=CARTESIAN_POINT('',(-24.464682411299,-6.42714884065063,4.03084338833917));
#8363=CARTESIAN_POINT('',(-24.1969867877466,-6.64062897675397,4.01298624548202));
#8364=CARTESIAN_POINT('',(-24.048426924532,-6.94911671139096,3.99512910262488));
#8365=CARTESIAN_POINT('',(-23.8998670613174,-7.25760444602796,3.97727195976774));
#8366=CARTESIAN_POINT('',(-23.8998670613174,-7.59999999999999,3.95941481691059));
#8367=CARTESIAN_POINT('',(-23.8998670613174,-7.94239555397203,3.94155767405345));
#8368=CARTESIAN_POINT('',(-24.048426924532,-8.25088328860903,3.92370053119631));
#8369=CARTESIAN_POINT('',(-24.1969867877466,-8.55937102324603,3.90584338833917));
#8370=CARTESIAN_POINT('',(-24.464682411299,-8.77285115934937,3.88798624548202));
#8371=CARTESIAN_POINT('',(-24.7323780348514,-8.9863312954527,3.87012910262488));
#8372=CARTESIAN_POINT('',(-25.0661890174257,-9.06252147390505,3.85227195976774));
#8373=CARTESIAN_POINT('',(-25.4,-9.13871165235739,3.83441481691059));
#8374=CARTESIAN_POINT('',(-25.7338109825743,-9.06252147390505,3.81655767405345));
#8375=CARTESIAN_POINT('',(-26.0676219651486,-8.9863312954527,3.79870053119631));
#8376=CARTESIAN_POINT('',(-26.335317588701,-8.77285115934937,3.78084338833917));
#8377=CARTESIAN_POINT('',(-26.6030132122534,-8.55937102324604,3.76298624548202));
#8378=CARTESIAN_POINT('',(-26.751573075468,-8.25088328860903,3.74512910262488));
#8379=CARTESIAN_POINT('',(-26.9001329386826,-7.94239555397203,3.72727195976774));
#8380=CARTESIAN_POINT('',(-26.9001329386826,-7.6,3.70941481691059));
#8381=CARTESIAN_POINT('',(-26.9001329386826,-7.25760444602797,3.69155767405345));
#8382=CARTESIAN_POINT('',(-26.751573075468,-6.94911671139097,3.67370053119631));
#8383=CARTESIAN_POINT('',(-26.6030132122534,-6.64062897675397,3.65584338833917));
#8384=CARTESIAN_POINT('',(-26.335317588701,-6.42714884065063,3.63798624548202));
#8385=CARTESIAN_POINT('',(-26.0676219651486,-6.2136687045473,3.62012910262488));
#8386=CARTESIAN_POINT('',(-25.7338109825743,-6.13747852609495,3.60227195976774));
#8387=CARTESIAN_POINT('',(-25.4,-6.06128834764261,3.58441481691059));
#8388=CARTESIAN_POINT('',(-25.0661890174257,-6.13747852609495,3.56655767405345));
#8389=CARTESIAN_POINT('',(-24.7323780348514,-6.2136687045473,3.54870053119631));
#8390=CARTESIAN_POINT('',(-24.464682411299,-6.42714884065063,3.53084338833917));
#8391=CARTESIAN_POINT('',(-24.1969867877466,-6.64062897675397,3.51298624548202));
#8392=CARTESIAN_POINT('',(-24.048426924532,-6.94911671139096,3.49512910262488));
#8393=CARTESIAN_POINT('',(-23.8998670613174,-7.25760444602796,3.47727195976774));
#8394=CARTESIAN_POINT('',(-23.8998670613174,-7.6,3.45941481691059));
#8395=CARTESIAN_POINT('',(-23.8998670613174,-7.94239555397203,3.44155767405345));
#8396=CARTESIAN_POINT('',(-24.048426924532,-8.25088328860903,3.42370053119631));
#8397=CARTESIAN_POINT('',(-24.1969867877466,-8.55937102324603,3.40584338833917));
#8398=CARTESIAN_POINT('',(-24.464682411299,-8.77285115934936,3.38798624548202));
#8399=CARTESIAN_POINT('',(-24.7323780348514,-8.9863312954527,3.37012910262488));
#8400=CARTESIAN_POINT('',(-25.0661890174257,-9.06252147390505,3.35227195976774));
#8401=CARTESIAN_POINT('',(-25.4,-9.13871165235739,3.33441481691059));
#8402=CARTESIAN_POINT('',(-25.7338109825743,-9.06252147390505,3.31655767405345));
#8403=CARTESIAN_POINT('',(-26.0676219651486,-8.9863312954527,3.29870053119631));
#8404=CARTESIAN_POINT('',(-26.335317588701,-8.77285115934937,3.28084338833916));
#8405=CARTESIAN_POINT('',(-26.6030132122534,-8.55937102324604,3.26298624548202));
#8406=CARTESIAN_POINT('',(-26.751573075468,-8.25088328860904,3.24512910262488));
#8407=CARTESIAN_POINT('',(-26.9001329386826,-7.94239555397203,3.22727195976774));
#8408=CARTESIAN_POINT('',(-26.9001329386826,-7.6,3.20941481691059));
#8409=CARTESIAN_POINT('',(-26.9001329386826,-7.25760444602797,3.19155767405345));
#8410=CARTESIAN_POINT('',(-26.751573075468,-6.94911671139096,3.17370053119631));
#8411=CARTESIAN_POINT('',(-26.6030132122534,-6.64062897675397,3.15584338833917));
#8412=CARTESIAN_POINT('',(-26.335317588701,-6.42714884065064,3.13798624548202));
#8413=CARTESIAN_POINT('',(-26.0676219651486,-6.2136687045473,3.12012910262488));
#8414=CARTESIAN_POINT('',(-25.7338109825743,-6.13747852609496,3.10227195976774));
#8415=CARTESIAN_POINT('',(-25.4,-6.06128834764261,3.08441481691059));
#8416=CARTESIAN_POINT('',(-25.0661890174257,-6.13747852609495,3.06655767405345));
#8417=CARTESIAN_POINT('',(-24.7323780348514,-6.2136687045473,3.04870053119631));
#8418=CARTESIAN_POINT('',(-24.464682411299,-6.42714884065063,3.03084338833917));
#8419=CARTESIAN_POINT('',(-24.1969867877466,-6.64062897675397,3.01298624548202));
#8420=CARTESIAN_POINT('',(-24.048426924532,-6.94911671139096,2.99512910262488));
#8421=CARTESIAN_POINT('',(-23.8998670613174,-7.25760444602796,2.97727195976774));
#8422=CARTESIAN_POINT('',(-23.8998670613174,-7.59999999999999,2.95941481691059));
#8423=CARTESIAN_POINT('',(-23.8998670613174,-7.94239555397203,2.94155767405345));
#8424=CARTESIAN_POINT('',(-24.048426924532,-8.25088328860903,2.92370053119631));
#8425=CARTESIAN_POINT('',(-24.1969867877466,-8.55937102324603,2.90584338833917));
#8426=CARTESIAN_POINT('',(-24.464682411299,-8.77285115934937,2.88798624548202));
#8427=CARTESIAN_POINT('',(-24.7323780348514,-8.9863312954527,2.87012910262488));
#8428=CARTESIAN_POINT('',(-25.0661890174257,-9.06252147390505,2.85227195976774));
#8429=CARTESIAN_POINT('',(-25.4,-9.13871165235739,2.83441481691059));
#8430=CARTESIAN_POINT('',(-25.7338109825743,-9.06252147390505,2.81655767405345));
#8431=CARTESIAN_POINT('',(-26.0676219651486,-8.9863312954527,2.79870053119631));
#8432=CARTESIAN_POINT('',(-26.335317588701,-8.77285115934937,2.78084338833917));
#8433=CARTESIAN_POINT('',(-26.6030132122534,-8.55937102324604,2.76298624548202));
#8434=CARTESIAN_POINT('',(-26.751573075468,-8.25088328860903,2.74512910262488));
#8435=CARTESIAN_POINT('',(-26.9001329386826,-7.94239555397203,2.72727195976774));
#8436=CARTESIAN_POINT('',(-26.9001329386826,-7.6,2.70941481691059));
#8437=CARTESIAN_POINT('',(-26.9001329386826,-7.6,7.70941481691059));
#8438=CARTESIAN_POINT('',(-26.9001329386826,-7.25760444602797,7.69155767405345));
#8439=CARTESIAN_POINT('',(-26.751573075468,-6.94911671139097,7.67370053119631));
#8440=CARTESIAN_POINT('',(-26.6030132122534,-6.64062897675397,7.65584338833917));
#8441=CARTESIAN_POINT('',(-26.335317588701,-6.42714884065063,7.63798624548202));
#8442=CARTESIAN_POINT('',(-26.0676219651486,-6.2136687045473,7.62012910262488));
#8443=CARTESIAN_POINT('',(-25.7338109825743,-6.13747852609495,7.60227195976774));
#8444=CARTESIAN_POINT('',(-25.4,-6.06128834764261,7.58441481691059));
#8445=CARTESIAN_POINT('',(-25.0661890174257,-6.13747852609495,7.56655767405345));
#8446=CARTESIAN_POINT('',(-24.7323780348514,-6.2136687045473,7.54870053119631));
#8447=CARTESIAN_POINT('',(-24.464682411299,-6.42714884065063,7.53084338833917));
#8448=CARTESIAN_POINT('',(-24.1969867877466,-6.64062897675397,7.51298624548202));
#8449=CARTESIAN_POINT('',(-24.048426924532,-6.94911671139097,7.49512910262488));
#8450=CARTESIAN_POINT('',(-23.8998670613174,-7.25760444602797,7.47727195976774));
#8451=CARTESIAN_POINT('',(-23.8998670613174,-7.6,7.45941481691059));
#8452=CARTESIAN_POINT('',(-23.8998670613174,-7.94239555397203,7.44155767405345));
#8453=CARTESIAN_POINT('',(-24.048426924532,-8.25088328860903,7.42370053119631));
#8454=CARTESIAN_POINT('',(-24.1969867877466,-8.55937102324603,7.40584338833917));
#8455=CARTESIAN_POINT('',(-24.464682411299,-8.77285115934937,7.38798624548202));
#8456=CARTESIAN_POINT('',(-24.7323780348514,-8.9863312954527,7.37012910262488));
#8457=CARTESIAN_POINT('',(-25.0661890174257,-9.06252147390505,7.35227195976774));
#8458=CARTESIAN_POINT('',(-25.4,-9.13871165235739,7.33441481691059));
#8459=CARTESIAN_POINT('',(-25.7338109825743,-9.06252147390505,7.31655767405345));
#8460=CARTESIAN_POINT('',(-26.0676219651486,-8.9863312954527,7.29870053119631));
#8461=CARTESIAN_POINT('',(-26.335317588701,-8.77285115934937,7.28084338833917));
#8462=CARTESIAN_POINT('',(-26.6030132122534,-8.55937102324603,7.26298624548202));
#8463=CARTESIAN_POINT('',(-26.751573075468,-8.25088328860903,7.24512910262488));
#8464=CARTESIAN_POINT('',(-26.9001329386826,-7.94239555397203,7.22727195976774));
#8465=CARTESIAN_POINT('',(-26.9001329386826,-7.6,7.20941481691059));
#8466=CARTESIAN_POINT('',(-26.9001329386826,-7.25760444602797,7.19155767405345));
#8467=CARTESIAN_POINT('',(-26.751573075468,-6.94911671139097,7.17370053119631));
#8468=CARTESIAN_POINT('',(-26.6030132122534,-6.64062897675397,7.15584338833917));
#8469=CARTESIAN_POINT('',(-26.335317588701,-6.42714884065063,7.13798624548202));
#8470=CARTESIAN_POINT('',(-26.0676219651486,-6.2136687045473,7.12012910262488));
#8471=CARTESIAN_POINT('',(-25.7338109825743,-6.13747852609495,7.10227195976774));
#8472=CARTESIAN_POINT('',(-25.4,-6.06128834764261,7.08441481691059));
#8473=CARTESIAN_POINT('',(-25.0661890174257,-6.13747852609495,7.06655767405345));
#8474=CARTESIAN_POINT('',(-24.7323780348514,-6.2136687045473,7.04870053119631));
#8475=CARTESIAN_POINT('',(-24.464682411299,-6.42714884065063,7.03084338833917));
#8476=CARTESIAN_POINT('',(-24.1969867877466,-6.64062897675397,7.01298624548202));
#8477=CARTESIAN_POINT('',(-24.048426924532,-6.94911671139097,6.99512910262488));
#8478=CARTESIAN_POINT('',(-23.8998670613174,-7.25760444602797,6.97727195976774));
#8479=CARTESIAN_POINT('',(-23.8998670613174,-7.6,6.95941481691059));
#8480=CARTESIAN_POINT('',(-23.8998670613174,-7.94239555397203,6.94155767405345));
#8481=CARTESIAN_POINT('',(-24.048426924532,-8.25088328860903,6.92370053119631));
#8482=CARTESIAN_POINT('',(-24.1969867877466,-8.55937102324603,6.90584338833917));
#8483=CARTESIAN_POINT('',(-24.464682411299,-8.77285115934937,6.88798624548202));
#8484=CARTESIAN_POINT('',(-24.7323780348514,-8.9863312954527,6.87012910262488));
#8485=CARTESIAN_POINT('',(-25.0661890174257,-9.06252147390505,6.85227195976774));
#8486=CARTESIAN_POINT('',(-25.4,-9.13871165235739,6.83441481691059));
#8487=CARTESIAN_POINT('',(-25.7338109825743,-9.06252147390505,6.81655767405345));
#8488=CARTESIAN_POINT('',(-26.0676219651486,-8.9863312954527,6.79870053119631));
#8489=CARTESIAN_POINT('',(-26.335317588701,-8.77285115934937,6.78084338833917));
#8490=CARTESIAN_POINT('',(-26.6030132122534,-8.55937102324603,6.76298624548202));
#8491=CARTESIAN_POINT('',(-26.751573075468,-8.25088328860903,6.74512910262488));
#8492=CARTESIAN_POINT('',(-26.9001329386826,-7.94239555397203,6.72727195976774));
#8493=CARTESIAN_POINT('',(-26.9001329386826,-7.6,6.70941481691059));
#8494=CARTESIAN_POINT('',(-26.9001329386826,-7.25760444602797,6.69155767405345));
#8495=CARTESIAN_POINT('',(-26.751573075468,-6.94911671139097,6.67370053119631));
#8496=CARTESIAN_POINT('',(-26.6030132122534,-6.64062897675397,6.65584338833916));
#8497=CARTESIAN_POINT('',(-26.335317588701,-6.42714884065063,6.63798624548202));
#8498=CARTESIAN_POINT('',(-26.0676219651486,-6.2136687045473,6.62012910262488));
#8499=CARTESIAN_POINT('',(-25.7338109825743,-6.13747852609495,6.60227195976774));
#8500=CARTESIAN_POINT('',(-25.4,-6.06128834764261,6.58441481691059));
#8501=CARTESIAN_POINT('',(-25.0661890174257,-6.13747852609495,6.56655767405345));
#8502=CARTESIAN_POINT('',(-24.7323780348514,-6.2136687045473,6.54870053119631));
#8503=CARTESIAN_POINT('',(-24.464682411299,-6.42714884065063,6.53084338833917));
#8504=CARTESIAN_POINT('',(-24.1969867877466,-6.64062897675397,6.51298624548202));
#8505=CARTESIAN_POINT('',(-24.048426924532,-6.94911671139097,6.49512910262488));
#8506=CARTESIAN_POINT('',(-23.8998670613174,-7.25760444602797,6.47727195976774));
#8507=CARTESIAN_POINT('',(-23.8998670613174,-7.6,6.45941481691059));
#8508=CARTESIAN_POINT('',(-23.8998670613174,-7.94239555397203,6.44155767405345));
#8509=CARTESIAN_POINT('',(-24.048426924532,-8.25088328860903,6.42370053119631));
#8510=CARTESIAN_POINT('',(-24.1969867877466,-8.55937102324603,6.40584338833917));
#8511=CARTESIAN_POINT('',(-24.464682411299,-8.77285115934937,6.38798624548202));
#8512=CARTESIAN_POINT('',(-24.7323780348514,-8.9863312954527,6.37012910262488));
#8513=CARTESIAN_POINT('',(-25.0661890174257,-9.06252147390505,6.35227195976774));
#8514=CARTESIAN_POINT('',(-25.4,-9.13871165235739,6.33441481691059));
#8515=CARTESIAN_POINT('',(-25.7338109825743,-9.06252147390505,6.31655767405345));
#8516=CARTESIAN_POINT('',(-26.0676219651486,-8.9863312954527,6.29870053119631));
#8517=CARTESIAN_POINT('',(-26.335317588701,-8.77285115934937,6.28084338833917));
#8518=CARTESIAN_POINT('',(-26.6030132122534,-8.55937102324603,6.26298624548202));
#8519=CARTESIAN_POINT('',(-26.751573075468,-8.25088328860903,6.24512910262488));
#8520=CARTESIAN_POINT('',(-26.9001329386826,-7.94239555397203,6.22727195976774));
#8521=CARTESIAN_POINT('',(-26.9001329386826,-7.6,6.20941481691059));
#8522=CARTESIAN_POINT('',(-26.9001329386826,-7.25760444602797,6.19155767405345));
#8523=CARTESIAN_POINT('',(-26.751573075468,-6.94911671139097,6.17370053119631));
#8524=CARTESIAN_POINT('',(-26.6030132122534,-6.64062897675397,6.15584338833917));
#8525=CARTESIAN_POINT('',(-26.335317588701,-6.42714884065063,6.13798624548202));
#8526=CARTESIAN_POINT('',(-26.0676219651486,-6.2136687045473,6.12012910262488));
#8527=CARTESIAN_POINT('',(-25.7338109825743,-6.13747852609495,6.10227195976774));
#8528=CARTESIAN_POINT('',(-25.4,-6.06128834764261,6.08441481691059));
#8529=CARTESIAN_POINT('',(-25.0661890174257,-6.13747852609495,6.06655767405345));
#8530=CARTESIAN_POINT('',(-24.7323780348514,-6.2136687045473,6.04870053119631));
#8531=CARTESIAN_POINT('',(-24.464682411299,-6.42714884065063,6.03084338833917));
#8532=CARTESIAN_POINT('',(-24.1969867877466,-6.64062897675397,6.01298624548202));
#8533=CARTESIAN_POINT('',(-24.048426924532,-6.94911671139097,5.99512910262488));
#8534=CARTESIAN_POINT('',(-23.8998670613174,-7.25760444602797,5.97727195976774));
#8535=CARTESIAN_POINT('',(-23.8998670613174,-7.6,5.95941481691059));
#8536=CARTESIAN_POINT('',(-23.8998670613174,-7.94239555397203,5.94155767405345));
#8537=CARTESIAN_POINT('',(-24.048426924532,-8.25088328860903,5.92370053119631));
#8538=CARTESIAN_POINT('',(-24.1969867877466,-8.55937102324603,5.90584338833917));
#8539=CARTESIAN_POINT('',(-24.464682411299,-8.77285115934937,5.88798624548202));
#8540=CARTESIAN_POINT('',(-24.7323780348514,-8.9863312954527,5.87012910262488));
#8541=CARTESIAN_POINT('',(-25.0661890174257,-9.06252147390505,5.85227195976774));
#8542=CARTESIAN_POINT('',(-25.4,-9.13871165235739,5.83441481691059));
#8543=CARTESIAN_POINT('',(-25.7338109825743,-9.06252147390505,5.81655767405345));
#8544=CARTESIAN_POINT('',(-26.0676219651486,-8.9863312954527,5.79870053119631));
#8545=CARTESIAN_POINT('',(-26.335317588701,-8.77285115934937,5.78084338833917));
#8546=CARTESIAN_POINT('',(-26.6030132122534,-8.55937102324603,5.76298624548202));
#8547=CARTESIAN_POINT('',(-26.751573075468,-8.25088328860903,5.74512910262488));
#8548=CARTESIAN_POINT('',(-26.9001329386826,-7.94239555397203,5.72727195976774));
#8549=CARTESIAN_POINT('',(-26.9001329386826,-7.6,5.70941481691059));
#8550=CARTESIAN_POINT('',(-26.9001329386826,-7.25760444602797,5.69155767405345));
#8551=CARTESIAN_POINT('',(-26.751573075468,-6.94911671139097,5.67370053119631));
#8552=CARTESIAN_POINT('',(-26.6030132122534,-6.64062897675397,5.65584338833917));
#8553=CARTESIAN_POINT('',(-26.335317588701,-6.42714884065063,5.63798624548202));
#8554=CARTESIAN_POINT('',(-26.0676219651486,-6.2136687045473,5.62012910262488));
#8555=CARTESIAN_POINT('',(-25.7338109825743,-6.13747852609495,5.60227195976774));
#8556=CARTESIAN_POINT('',(-25.4,-6.06128834764261,5.58441481691059));
#8557=CARTESIAN_POINT('',(-25.0661890174257,-6.13747852609495,5.56655767405345));
#8558=CARTESIAN_POINT('',(-24.7323780348514,-6.2136687045473,5.54870053119631));
#8559=CARTESIAN_POINT('',(-24.464682411299,-6.42714884065063,5.53084338833917));
#8560=CARTESIAN_POINT('',(-24.1969867877466,-6.64062897675397,5.51298624548202));
#8561=CARTESIAN_POINT('',(-24.048426924532,-6.94911671139097,5.49512910262488));
#8562=CARTESIAN_POINT('',(-23.8998670613174,-7.25760444602797,5.47727195976774));
#8563=CARTESIAN_POINT('',(-23.8998670613174,-7.6,5.45941481691059));
#8564=CARTESIAN_POINT('',(-23.8998670613174,-7.94239555397203,5.44155767405345));
#8565=CARTESIAN_POINT('',(-24.048426924532,-8.25088328860903,5.42370053119631));
#8566=CARTESIAN_POINT('',(-24.1969867877466,-8.55937102324603,5.40584338833917));
#8567=CARTESIAN_POINT('',(-24.464682411299,-8.77285115934937,5.38798624548202));
#8568=CARTESIAN_POINT('',(-24.7323780348514,-8.9863312954527,5.37012910262488));
#8569=CARTESIAN_POINT('',(-25.0661890174257,-9.06252147390505,5.35227195976774));
#8570=CARTESIAN_POINT('',(-25.4,-9.13871165235739,5.33441481691059));
#8571=CARTESIAN_POINT('',(-25.7338109825743,-9.06252147390505,5.31655767405345));
#8572=CARTESIAN_POINT('',(-26.0676219651486,-8.9863312954527,5.29870053119631));
#8573=CARTESIAN_POINT('',(-26.335317588701,-8.77285115934937,5.28084338833917));
#8574=CARTESIAN_POINT('',(-26.6030132122534,-8.55937102324603,5.26298624548202));
#8575=CARTESIAN_POINT('',(-26.751573075468,-8.25088328860903,5.24512910262488));
#8576=CARTESIAN_POINT('',(-26.9001329386826,-7.94239555397203,5.22727195976774));
#8577=CARTESIAN_POINT('',(-26.9001329386826,-7.6,5.20941481691059));
#8578=CARTESIAN_POINT('',(-26.9001329386826,-7.25760444602797,5.19155767405345));
#8579=CARTESIAN_POINT('',(-26.751573075468,-6.94911671139097,5.17370053119631));
#8580=CARTESIAN_POINT('',(-26.6030132122534,-6.64062897675397,5.15584338833917));
#8581=CARTESIAN_POINT('',(-26.335317588701,-6.42714884065063,5.13798624548202));
#8582=CARTESIAN_POINT('',(-26.0676219651486,-6.2136687045473,5.12012910262488));
#8583=CARTESIAN_POINT('',(-25.7338109825743,-6.13747852609495,5.10227195976774));
#8584=CARTESIAN_POINT('',(-25.4,-6.06128834764261,5.08441481691059));
#8585=CARTESIAN_POINT('',(-25.0661890174257,-6.13747852609495,5.06655767405345));
#8586=CARTESIAN_POINT('',(-24.7323780348514,-6.2136687045473,5.04870053119631));
#8587=CARTESIAN_POINT('',(-24.464682411299,-6.42714884065063,5.03084338833917));
#8588=CARTESIAN_POINT('',(-24.1969867877466,-6.64062897675397,5.01298624548202));
#8589=CARTESIAN_POINT('',(-24.048426924532,-6.94911671139097,4.99512910262488));
#8590=CARTESIAN_POINT('',(-23.8998670613174,-7.25760444602797,4.97727195976774));
#8591=CARTESIAN_POINT('',(-23.8998670613174,-7.6,4.95941481691059));
#8592=CARTESIAN_POINT('',(-23.8998670613174,-7.94239555397203,4.94155767405345));
#8593=CARTESIAN_POINT('',(-24.048426924532,-8.25088328860903,4.92370053119631));
#8594=CARTESIAN_POINT('',(-24.1969867877466,-8.55937102324603,4.90584338833917));
#8595=CARTESIAN_POINT('',(-24.464682411299,-8.77285115934937,4.88798624548202));
#8596=CARTESIAN_POINT('',(-24.7323780348514,-8.9863312954527,4.87012910262488));
#8597=CARTESIAN_POINT('',(-25.0661890174257,-9.06252147390505,4.85227195976774));
#8598=CARTESIAN_POINT('',(-25.4,-9.13871165235739,4.83441481691059));
#8599=CARTESIAN_POINT('',(-25.7338109825743,-9.06252147390505,4.81655767405345));
#8600=CARTESIAN_POINT('',(-26.0676219651486,-8.9863312954527,4.79870053119631));
#8601=CARTESIAN_POINT('',(-26.335317588701,-8.77285115934937,4.78084338833917));
#8602=CARTESIAN_POINT('',(-26.6030132122534,-8.55937102324603,4.76298624548202));
#8603=CARTESIAN_POINT('',(-26.751573075468,-8.25088328860903,4.74512910262488));
#8604=CARTESIAN_POINT('',(-26.9001329386826,-7.94239555397203,4.72727195976774));
#8605=CARTESIAN_POINT('',(-26.9001329386826,-7.6,4.70941481691059));
#8606=CARTESIAN_POINT('',(-26.9001329386826,-7.25760444602797,4.69155767405345));
#8607=CARTESIAN_POINT('',(-26.751573075468,-6.94911671139097,4.67370053119631));
#8608=CARTESIAN_POINT('',(-26.6030132122534,-6.64062897675397,4.65584338833917));
#8609=CARTESIAN_POINT('',(-26.335317588701,-6.42714884065063,4.63798624548202));
#8610=CARTESIAN_POINT('',(-26.0676219651486,-6.2136687045473,4.62012910262488));
#8611=CARTESIAN_POINT('',(-25.7338109825743,-6.13747852609495,4.60227195976774));
#8612=CARTESIAN_POINT('',(-25.4,-6.06128834764261,4.58441481691059));
#8613=CARTESIAN_POINT('',(-25.0661890174257,-6.13747852609495,4.56655767405345));
#8614=CARTESIAN_POINT('',(-24.7642367872203,-6.20639715221689,4.55040480793374));
#8615=CARTESIAN_POINT('',(-24.5142684651194,-6.38926531319256,4.53411258967235));
#8616=CARTESIAN_POINT('',(-26.6295,-7.6,7.55316481691059));
#8617=CARTESIAN_POINT('',(-26.6295,-7.31937464823731,7.53530767405345));
#8618=CARTESIAN_POINT('',(-26.507741223086,-7.06653994275496,7.51745053119631));
#8619=CARTESIAN_POINT('',(-26.3859824461721,-6.81370523727261,7.49959338833917));
#8620=CARTESIAN_POINT('',(-26.1665807113853,-6.63873819230556,7.48173624548202));
#8621=CARTESIAN_POINT('',(-25.9471789765986,-6.4637711473385,7.46387910262488));
#8622=CARTESIAN_POINT('',(-25.6735894882993,-6.40132613197245,7.44602195976774));
#8623=CARTESIAN_POINT('',(-25.4,-6.33888111660639,7.42816481691059));
#8624=CARTESIAN_POINT('',(-25.1264105117007,-6.40132613197245,7.41030767405345));
#8625=CARTESIAN_POINT('',(-24.8528210234014,-6.4637711473385,7.39245053119631));
#8626=CARTESIAN_POINT('',(-24.6334192886147,-6.63873819230556,7.37459338833917));
#8627=CARTESIAN_POINT('',(-24.414017553828,-6.81370523727261,7.35673624548202));
#8628=CARTESIAN_POINT('',(-24.292258776914,-7.06653994275496,7.33887910262488));
#8629=CARTESIAN_POINT('',(-24.1705,-7.31937464823731,7.32102195976774));
#8630=CARTESIAN_POINT('',(-24.1705,-7.6,7.30316481691059));
#8631=CARTESIAN_POINT('',(-24.1705,-7.88062535176269,7.28530767405345));
#8632=CARTESIAN_POINT('',(-24.292258776914,-8.13346005724504,7.26745053119631));
#8633=CARTESIAN_POINT('',(-24.414017553828,-8.38629476272739,7.24959338833917));
#8634=CARTESIAN_POINT('',(-24.6334192886147,-8.56126180769444,7.23173624548202));
#8635=CARTESIAN_POINT('',(-24.8528210234014,-8.7362288526615,7.21387910262488));
#8636=CARTESIAN_POINT('',(-25.1264105117007,-8.79867386802755,7.19602195976774));
#8637=CARTESIAN_POINT('',(-25.4,-8.86111888339361,7.17816481691059));
#8638=CARTESIAN_POINT('',(-25.6735894882993,-8.79867386802755,7.16030767405345));
#8639=CARTESIAN_POINT('',(-25.9471789765986,-8.7362288526615,7.14245053119631));
#8640=CARTESIAN_POINT('',(-26.1665807113853,-8.56126180769444,7.12459338833917));
#8641=CARTESIAN_POINT('',(-26.3859824461721,-8.38629476272739,7.10673624548202));
#8642=CARTESIAN_POINT('',(-26.507741223086,-8.13346005724504,7.08887910262488));
#8643=CARTESIAN_POINT('',(-26.6295,-7.88062535176269,7.07102195976774));
#8644=CARTESIAN_POINT('',(-26.6295,-7.6,7.05316481691059));
#8645=CARTESIAN_POINT('',(-26.6295,-7.31937464823731,7.03530767405345));
#8646=CARTESIAN_POINT('',(-26.507741223086,-7.06653994275496,7.01745053119631));
#8647=CARTESIAN_POINT('',(-26.3859824461721,-6.81370523727261,6.99959338833917));
#8648=CARTESIAN_POINT('',(-26.1665807113853,-6.63873819230556,6.98173624548202));
#8649=CARTESIAN_POINT('',(-25.9471789765986,-6.4637711473385,6.96387910262488));
#8650=CARTESIAN_POINT('',(-25.6735894882993,-6.40132613197245,6.94602195976774));
#8651=CARTESIAN_POINT('',(-25.4,-6.33888111660639,6.92816481691059));
#8652=CARTESIAN_POINT('',(-25.1264105117007,-6.40132613197245,6.91030767405345));
#8653=CARTESIAN_POINT('',(-24.8528210234014,-6.4637711473385,6.89245053119631));
#8654=CARTESIAN_POINT('',(-24.6334192886147,-6.63873819230556,6.87459338833917));
#8655=CARTESIAN_POINT('',(-24.414017553828,-6.81370523727261,6.85673624548202));
#8656=CARTESIAN_POINT('',(-24.292258776914,-7.06653994275496,6.83887910262488));
#8657=CARTESIAN_POINT('',(-24.1705,-7.31937464823731,6.82102195976774));
#8658=CARTESIAN_POINT('',(-24.1705,-7.6,6.80316481691059));
#8659=CARTESIAN_POINT('',(-24.1705,-7.88062535176269,6.78530767405345));
#8660=CARTESIAN_POINT('',(-24.292258776914,-8.13346005724504,6.76745053119631));
#8661=CARTESIAN_POINT('',(-24.414017553828,-8.38629476272739,6.74959338833917));
#8662=CARTESIAN_POINT('',(-24.6334192886147,-8.56126180769444,6.73173624548202));
#8663=CARTESIAN_POINT('',(-24.8528210234014,-8.7362288526615,6.71387910262488));
#8664=CARTESIAN_POINT('',(-25.1264105117007,-8.79867386802755,6.69602195976774));
#8665=CARTESIAN_POINT('',(-25.4,-8.86111888339361,6.67816481691059));
#8666=CARTESIAN_POINT('',(-25.6735894882993,-8.79867386802755,6.66030767405345));
#8667=CARTESIAN_POINT('',(-25.9471789765986,-8.7362288526615,6.64245053119631));
#8668=CARTESIAN_POINT('',(-26.1665807113853,-8.56126180769444,6.62459338833917));
#8669=CARTESIAN_POINT('',(-26.3859824461721,-8.38629476272739,6.60673624548202));
#8670=CARTESIAN_POINT('',(-26.507741223086,-8.13346005724504,6.58887910262488));
#8671=CARTESIAN_POINT('',(-26.6295,-7.88062535176269,6.57102195976774));
#8672=CARTESIAN_POINT('',(-26.6295,-7.6,6.55316481691059));
#8673=CARTESIAN_POINT('',(-26.6295,-7.31937464823731,6.53530767405345));
#8674=CARTESIAN_POINT('',(-26.507741223086,-7.06653994275496,6.51745053119631));
#8675=CARTESIAN_POINT('',(-26.3859824461721,-6.81370523727261,6.49959338833917));
#8676=CARTESIAN_POINT('',(-26.1665807113853,-6.63873819230556,6.48173624548202));
#8677=CARTESIAN_POINT('',(-25.9471789765986,-6.4637711473385,6.46387910262488));
#8678=CARTESIAN_POINT('',(-25.6735894882993,-6.40132613197245,6.44602195976774));
#8679=CARTESIAN_POINT('',(-25.4,-6.33888111660639,6.42816481691059));
#8680=CARTESIAN_POINT('',(-25.1264105117007,-6.40132613197245,6.41030767405345));
#8681=CARTESIAN_POINT('',(-24.8528210234014,-6.4637711473385,6.39245053119631));
#8682=CARTESIAN_POINT('',(-24.6334192886147,-6.63873819230556,6.37459338833917));
#8683=CARTESIAN_POINT('',(-24.414017553828,-6.81370523727261,6.35673624548202));
#8684=CARTESIAN_POINT('',(-24.292258776914,-7.06653994275496,6.33887910262488));
#8685=CARTESIAN_POINT('',(-24.1705,-7.31937464823731,6.32102195976774));
#8686=CARTESIAN_POINT('',(-24.1705,-7.6,6.30316481691059));
#8687=CARTESIAN_POINT('',(-24.1705,-7.88062535176269,6.28530767405345));
#8688=CARTESIAN_POINT('',(-24.292258776914,-8.13346005724504,6.26745053119631));
#8689=CARTESIAN_POINT('',(-24.414017553828,-8.38629476272739,6.24959338833917));
#8690=CARTESIAN_POINT('',(-24.6334192886147,-8.56126180769444,6.23173624548202));
#8691=CARTESIAN_POINT('',(-24.8528210234014,-8.7362288526615,6.21387910262488));
#8692=CARTESIAN_POINT('',(-25.1264105117007,-8.79867386802755,6.19602195976774));
#8693=CARTESIAN_POINT('',(-25.4,-8.86111888339361,6.17816481691059));
#8694=CARTESIAN_POINT('',(-25.6735894882993,-8.79867386802755,6.16030767405345));
#8695=CARTESIAN_POINT('',(-25.9471789765986,-8.7362288526615,6.14245053119631));
#8696=CARTESIAN_POINT('',(-26.1665807113853,-8.56126180769444,6.12459338833917));
#8697=CARTESIAN_POINT('',(-26.3859824461721,-8.38629476272739,6.10673624548202));
#8698=CARTESIAN_POINT('',(-26.507741223086,-8.13346005724504,6.08887910262488));
#8699=CARTESIAN_POINT('',(-26.6295,-7.88062535176269,6.07102195976774));
#8700=CARTESIAN_POINT('',(-26.6295,-7.6,6.05316481691059));
#8701=CARTESIAN_POINT('',(-26.6295,-7.31937464823731,6.03530767405345));
#8702=CARTESIAN_POINT('',(-26.507741223086,-7.06653994275496,6.01745053119631));
#8703=CARTESIAN_POINT('',(-26.3859824461721,-6.81370523727261,5.99959338833917));
#8704=CARTESIAN_POINT('',(-26.1665807113853,-6.63873819230556,5.98173624548202));
#8705=CARTESIAN_POINT('',(-25.9471789765986,-6.4637711473385,5.96387910262488));
#8706=CARTESIAN_POINT('',(-25.6735894882993,-6.40132613197245,5.94602195976774));
#8707=CARTESIAN_POINT('',(-25.4,-6.33888111660639,5.92816481691059));
#8708=CARTESIAN_POINT('',(-25.1264105117007,-6.40132613197245,5.91030767405345));
#8709=CARTESIAN_POINT('',(-24.8528210234014,-6.4637711473385,5.89245053119631));
#8710=CARTESIAN_POINT('',(-24.6334192886147,-6.63873819230556,5.87459338833917));
#8711=CARTESIAN_POINT('',(-24.414017553828,-6.81370523727261,5.85673624548202));
#8712=CARTESIAN_POINT('',(-24.292258776914,-7.06653994275496,5.83887910262488));
#8713=CARTESIAN_POINT('',(-24.1705,-7.31937464823731,5.82102195976774));
#8714=CARTESIAN_POINT('',(-24.1705,-7.6,5.80316481691059));
#8715=CARTESIAN_POINT('',(-24.1705,-7.88062535176269,5.78530767405345));
#8716=CARTESIAN_POINT('',(-24.292258776914,-8.13346005724504,5.76745053119631));
#8717=CARTESIAN_POINT('',(-24.414017553828,-8.38629476272739,5.74959338833917));
#8718=CARTESIAN_POINT('',(-24.6334192886147,-8.56126180769444,5.73173624548202));
#8719=CARTESIAN_POINT('',(-24.8528210234014,-8.7362288526615,5.71387910262488));
#8720=CARTESIAN_POINT('',(-25.1264105117007,-8.79867386802755,5.69602195976774));
#8721=CARTESIAN_POINT('',(-25.4,-8.86111888339361,5.67816481691059));
#8722=CARTESIAN_POINT('',(-25.6735894882993,-8.79867386802755,5.66030767405345));
#8723=CARTESIAN_POINT('',(-25.9471789765986,-8.7362288526615,5.64245053119631));
#8724=CARTESIAN_POINT('',(-26.1665807113853,-8.56126180769444,5.62459338833917));
#8725=CARTESIAN_POINT('',(-26.3859824461721,-8.38629476272739,5.60673624548202));
#8726=CARTESIAN_POINT('',(-26.507741223086,-8.13346005724504,5.58887910262488));
#8727=CARTESIAN_POINT('',(-26.6295,-7.88062535176269,5.57102195976774));
#8728=CARTESIAN_POINT('',(-26.6295,-7.6,5.55316481691059));
#8729=CARTESIAN_POINT('',(-26.6295,-7.31937464823731,5.53530767405345));
#8730=CARTESIAN_POINT('',(-26.507741223086,-7.06653994275496,5.51745053119631));
#8731=CARTESIAN_POINT('',(-26.3859824461721,-6.81370523727261,5.49959338833917));
#8732=CARTESIAN_POINT('',(-26.1665807113853,-6.63873819230556,5.48173624548202));
#8733=CARTESIAN_POINT('',(-25.9471789765986,-6.4637711473385,5.46387910262488));
#8734=CARTESIAN_POINT('',(-25.6735894882993,-6.40132613197245,5.44602195976774));
#8735=CARTESIAN_POINT('',(-25.4,-6.33888111660639,5.42816481691059));
#8736=CARTESIAN_POINT('',(-25.1264105117007,-6.40132613197245,5.41030767405345));
#8737=CARTESIAN_POINT('',(-24.8528210234014,-6.4637711473385,5.39245053119631));
#8738=CARTESIAN_POINT('',(-24.6334192886147,-6.63873819230556,5.37459338833917));
#8739=CARTESIAN_POINT('',(-24.414017553828,-6.81370523727261,5.35673624548202));
#8740=CARTESIAN_POINT('',(-24.292258776914,-7.06653994275496,5.33887910262488));
#8741=CARTESIAN_POINT('',(-24.1705,-7.31937464823731,5.32102195976774));
#8742=CARTESIAN_POINT('',(-24.1705,-7.6,5.30316481691059));
#8743=CARTESIAN_POINT('',(-24.1705,-7.88062535176269,5.28530767405345));
#8744=CARTESIAN_POINT('',(-24.292258776914,-8.13346005724504,5.26745053119631));
#8745=CARTESIAN_POINT('',(-24.414017553828,-8.38629476272739,5.24959338833917));
#8746=CARTESIAN_POINT('',(-24.6334192886147,-8.56126180769444,5.23173624548202));
#8747=CARTESIAN_POINT('',(-24.8528210234014,-8.7362288526615,5.21387910262488));
#8748=CARTESIAN_POINT('',(-25.1264105117007,-8.79867386802755,5.19602195976774));
#8749=CARTESIAN_POINT('',(-25.4,-8.86111888339361,5.17816481691059));
#8750=CARTESIAN_POINT('',(-25.6735894882993,-8.79867386802755,5.16030767405345));
#8751=CARTESIAN_POINT('',(-25.9471789765986,-8.7362288526615,5.14245053119631));
#8752=CARTESIAN_POINT('',(-26.1665807113853,-8.56126180769444,5.12459338833917));
#8753=CARTESIAN_POINT('',(-26.3859824461721,-8.38629476272739,5.10673624548202));
#8754=CARTESIAN_POINT('',(-26.507741223086,-8.13346005724504,5.08887910262488));
#8755=CARTESIAN_POINT('',(-26.6295,-7.88062535176269,5.07102195976774));
#8756=CARTESIAN_POINT('',(-26.6295,-7.6,5.05316481691059));
#8757=CARTESIAN_POINT('',(-26.6295,-7.31937464823731,5.03530767405345));
#8758=CARTESIAN_POINT('',(-26.507741223086,-7.06653994275496,5.01745053119631));
#8759=CARTESIAN_POINT('',(-26.3859824461721,-6.81370523727261,4.99959338833917));
#8760=CARTESIAN_POINT('',(-26.1665807113853,-6.63873819230556,4.98173624548202));
#8761=CARTESIAN_POINT('',(-25.9471789765986,-6.4637711473385,4.96387910262488));
#8762=CARTESIAN_POINT('',(-25.6735894882993,-6.40132613197245,4.94602195976774));
#8763=CARTESIAN_POINT('',(-25.4,-6.33888111660639,4.92816481691059));
#8764=CARTESIAN_POINT('',(-25.1264105117007,-6.40132613197245,4.91030767405345));
#8765=CARTESIAN_POINT('',(-24.8528210234014,-6.4637711473385,4.89245053119631));
#8766=CARTESIAN_POINT('',(-24.6334192886147,-6.63873819230556,4.87459338833917));
#8767=CARTESIAN_POINT('',(-24.414017553828,-6.81370523727261,4.85673624548202));
#8768=CARTESIAN_POINT('',(-24.292258776914,-7.06653994275496,4.83887910262488));
#8769=CARTESIAN_POINT('',(-24.1705,-7.31937464823731,4.82102195976774));
#8770=CARTESIAN_POINT('',(-24.1705,-7.6,4.80316481691059));
#8771=CARTESIAN_POINT('',(-24.1705,-7.88062535176269,4.78530767405345));
#8772=CARTESIAN_POINT('',(-24.292258776914,-8.13346005724504,4.76745053119631));
#8773=CARTESIAN_POINT('',(-24.414017553828,-8.38629476272739,4.74959338833917));
#8774=CARTESIAN_POINT('',(-24.6334192886147,-8.56126180769444,4.73173624548202));
#8775=CARTESIAN_POINT('',(-24.8528210234014,-8.7362288526615,4.71387910262488));
#8776=CARTESIAN_POINT('',(-25.1264105117007,-8.79867386802755,4.69602195976774));
#8777=CARTESIAN_POINT('',(-25.4,-8.86111888339361,4.67816481691059));
#8778=CARTESIAN_POINT('',(-25.6735894882993,-8.79867386802755,4.66030767405345));
#8779=CARTESIAN_POINT('',(-25.9471789765986,-8.7362288526615,4.64245053119631));
#8780=CARTESIAN_POINT('',(-26.1665807113853,-8.56126180769444,4.62459338833917));
#8781=CARTESIAN_POINT('',(-26.3859824461721,-8.38629476272739,4.60673624548202));
#8782=CARTESIAN_POINT('',(-26.507741223086,-8.13346005724504,4.58887910262488));
#8783=CARTESIAN_POINT('',(-26.6295,-7.88062535176269,4.57102195976774));
#8784=CARTESIAN_POINT('',(-26.6295,-7.6,4.55316481691059));
#8785=CARTESIAN_POINT('',(-26.6295,-7.31937464823731,4.53530767405345));
#8786=CARTESIAN_POINT('',(-26.507741223086,-7.06653994275496,4.51745053119631));
#8787=CARTESIAN_POINT('',(-26.3859824461721,-6.81370523727261,4.49959338833917));
#8788=CARTESIAN_POINT('',(-26.1665807113853,-6.63873819230556,4.48173624548202));
#8789=CARTESIAN_POINT('',(-25.9471789765986,-6.4637711473385,4.46387910262488));
#8790=CARTESIAN_POINT('',(-25.6735894882993,-6.40132613197245,4.44602195976774));
#8791=CARTESIAN_POINT('',(-25.4,-6.33888111660639,4.42816481691059));
#8792=CARTESIAN_POINT('',(-25.1264105117007,-6.40132613197245,4.41030767405345));
#8793=CARTESIAN_POINT('',(-24.8789322666303,-6.4578114264633,4.39415480793374));
#8794=CARTESIAN_POINT('',(-24.6740597222724,-6.60768907938454,4.37786258967235));
#8795=CARTESIAN_POINT('',(26.3937909664766,8.32391281584841,7.72823512525059));
#8796=CARTESIAN_POINT('',(26.4593960490213,8.23384984561146,7.72096940610532));
#8797=CARTESIAN_POINT('',(26.507741223086,8.13346005724504,7.71387910262488));
#8798=CARTESIAN_POINT('',(26.6295,7.88062535176269,7.69602195976774));
#8799=CARTESIAN_POINT('',(26.6295,7.6,7.67816481691059));
#8800=CARTESIAN_POINT('',(26.6295,7.31937464823731,7.66030767405345));
#8801=CARTESIAN_POINT('',(26.507741223086,7.06653994275496,7.64245053119631));
#8802=CARTESIAN_POINT('',(26.3859824461721,6.81370523727261,7.62459338833917));
#8803=CARTESIAN_POINT('',(26.1665807113853,6.63873819230556,7.60673624548202));
#8804=CARTESIAN_POINT('',(25.9471789765986,6.4637711473385,7.58887910262488));
#8805=CARTESIAN_POINT('',(25.6735894882993,6.40132613197245,7.57102195976774));
#8806=CARTESIAN_POINT('',(25.4,6.33888111660639,7.55316481691059));
#8807=CARTESIAN_POINT('',(25.1264105117007,6.40132613197245,7.53530767405345));
#8808=CARTESIAN_POINT('',(24.8528210234014,6.4637711473385,7.51745053119631));
#8809=CARTESIAN_POINT('',(24.6334192886147,6.63873819230556,7.49959338833917));
#8810=CARTESIAN_POINT('',(24.414017553828,6.81370523727261,7.48173624548202));
#8811=CARTESIAN_POINT('',(24.292258776914,7.06653994275496,7.46387910262488));
#8812=CARTESIAN_POINT('',(24.1705,7.31937464823731,7.44602195976774));
#8813=CARTESIAN_POINT('',(24.1705,7.6,7.42816481691059));
#8814=CARTESIAN_POINT('',(24.1705,7.88062535176269,7.41030767405345));
#8815=CARTESIAN_POINT('',(24.292258776914,8.13346005724504,7.39245053119631));
#8816=CARTESIAN_POINT('',(24.414017553828,8.38629476272739,7.37459338833917));
#8817=CARTESIAN_POINT('',(24.6334192886147,8.56126180769444,7.35673624548202));
#8818=CARTESIAN_POINT('',(24.8528210234014,8.7362288526615,7.33887910262488));
#8819=CARTESIAN_POINT('',(25.1264105117007,8.79867386802755,7.32102195976774));
#8820=CARTESIAN_POINT('',(25.4,8.86111888339361,7.30316481691059));
#8821=CARTESIAN_POINT('',(25.6735894882993,8.79867386802755,7.28530767405345));
#8822=CARTESIAN_POINT('',(25.9471789765986,8.7362288526615,7.26745053119631));
#8823=CARTESIAN_POINT('',(26.1665807113853,8.56126180769444,7.24959338833917));
#8824=CARTESIAN_POINT('',(26.3859824461721,8.38629476272739,7.23173624548202));
#8825=CARTESIAN_POINT('',(26.507741223086,8.13346005724504,7.21387910262488));
#8826=CARTESIAN_POINT('',(26.6295,7.88062535176269,7.19602195976774));
#8827=CARTESIAN_POINT('',(26.6295,7.6,7.17816481691059));
#8828=CARTESIAN_POINT('',(26.6295,7.31937464823731,7.16030767405345));
#8829=CARTESIAN_POINT('',(26.507741223086,7.06653994275496,7.14245053119631));
#8830=CARTESIAN_POINT('',(26.3859824461721,6.81370523727261,7.12459338833917));
#8831=CARTESIAN_POINT('',(26.1665807113853,6.63873819230556,7.10673624548202));
#8832=CARTESIAN_POINT('',(25.9471789765986,6.4637711473385,7.08887910262488));
#8833=CARTESIAN_POINT('',(25.6735894882993,6.40132613197245,7.07102195976774));
#8834=CARTESIAN_POINT('',(25.4,6.33888111660639,7.05316481691059));
#8835=CARTESIAN_POINT('',(25.1264105117007,6.40132613197245,7.03530767405345));
#8836=CARTESIAN_POINT('',(24.8528210234014,6.4637711473385,7.01745053119631));
#8837=CARTESIAN_POINT('',(24.6334192886147,6.63873819230556,6.99959338833917));
#8838=CARTESIAN_POINT('',(24.414017553828,6.81370523727261,6.98173624548202));
#8839=CARTESIAN_POINT('',(24.292258776914,7.06653994275496,6.96387910262488));
#8840=CARTESIAN_POINT('',(24.1705,7.31937464823731,6.94602195976774));
#8841=CARTESIAN_POINT('',(24.1705,7.6,6.92816481691059));
#8842=CARTESIAN_POINT('',(24.1705,7.88062535176269,6.91030767405345));
#8843=CARTESIAN_POINT('',(24.292258776914,8.13346005724504,6.89245053119631));
#8844=CARTESIAN_POINT('',(24.414017553828,8.38629476272739,6.87459338833917));
#8845=CARTESIAN_POINT('',(24.6334192886147,8.56126180769444,6.85673624548202));
#8846=CARTESIAN_POINT('',(24.8528210234014,8.7362288526615,6.83887910262488));
#8847=CARTESIAN_POINT('',(25.1264105117007,8.79867386802755,6.82102195976774));
#8848=CARTESIAN_POINT('',(25.4,8.86111888339361,6.80316481691059));
#8849=CARTESIAN_POINT('',(25.6735894882993,8.79867386802755,6.78530767405345));
#8850=CARTESIAN_POINT('',(25.9471789765986,8.7362288526615,6.76745053119631));
#8851=CARTESIAN_POINT('',(26.1665807113853,8.56126180769444,6.74959338833917));
#8852=CARTESIAN_POINT('',(26.3859824461721,8.38629476272739,6.73173624548202));
#8853=CARTESIAN_POINT('',(26.507741223086,8.13346005724504,6.71387910262488));
#8854=CARTESIAN_POINT('',(26.6295,7.88062535176269,6.69602195976774));
#8855=CARTESIAN_POINT('',(26.6295,7.6,6.67816481691059));
#8856=CARTESIAN_POINT('',(26.6295,7.31937464823731,6.66030767405345));
#8857=CARTESIAN_POINT('',(26.507741223086,7.06653994275496,6.64245053119631));
#8858=CARTESIAN_POINT('',(26.3859824461721,6.81370523727261,6.62459338833917));
#8859=CARTESIAN_POINT('',(26.1665807113853,6.63873819230556,6.60673624548202));
#8860=CARTESIAN_POINT('',(25.9471789765986,6.4637711473385,6.58887910262488));
#8861=CARTESIAN_POINT('',(25.6735894882993,6.40132613197245,6.57102195976774));
#8862=CARTESIAN_POINT('',(25.4,6.33888111660639,6.55316481691059));
#8863=CARTESIAN_POINT('',(25.1264105117007,6.40132613197245,6.53530767405345));
#8864=CARTESIAN_POINT('',(24.8528210234014,6.4637711473385,6.51745053119631));
#8865=CARTESIAN_POINT('',(24.6334192886147,6.63873819230556,6.49959338833917));
#8866=CARTESIAN_POINT('',(24.414017553828,6.81370523727261,6.48173624548202));
#8867=CARTESIAN_POINT('',(24.292258776914,7.06653994275496,6.46387910262488));
#8868=CARTESIAN_POINT('',(24.1705,7.31937464823731,6.44602195976774));
#8869=CARTESIAN_POINT('',(24.1705,7.6,6.42816481691059));
#8870=CARTESIAN_POINT('',(24.1705,7.88062535176269,6.41030767405345));
#8871=CARTESIAN_POINT('',(24.292258776914,8.13346005724504,6.39245053119631));
#8872=CARTESIAN_POINT('',(24.414017553828,8.38629476272739,6.37459338833917));
#8873=CARTESIAN_POINT('',(24.6334192886147,8.56126180769444,6.35673624548202));
#8874=CARTESIAN_POINT('',(24.8528210234014,8.7362288526615,6.33887910262488));
#8875=CARTESIAN_POINT('',(25.1264105117007,8.79867386802755,6.32102195976774));
#8876=CARTESIAN_POINT('',(25.4,8.86111888339361,6.30316481691059));
#8877=CARTESIAN_POINT('',(25.6735894882993,8.79867386802755,6.28530767405345));
#8878=CARTESIAN_POINT('',(25.9471789765986,8.7362288526615,6.26745053119631));
#8879=CARTESIAN_POINT('',(26.1665807113853,8.56126180769444,6.24959338833917));
#8880=CARTESIAN_POINT('',(26.3859824461721,8.38629476272739,6.23173624548202));
#8881=CARTESIAN_POINT('',(26.507741223086,8.13346005724504,6.21387910262488));
#8882=CARTESIAN_POINT('',(26.6295,7.88062535176269,6.19602195976774));
#8883=CARTESIAN_POINT('',(26.6295,7.6,6.17816481691059));
#8884=CARTESIAN_POINT('',(26.6295,7.31937464823731,6.16030767405345));
#8885=CARTESIAN_POINT('',(26.507741223086,7.06653994275496,6.14245053119631));
#8886=CARTESIAN_POINT('',(26.3859824461721,6.81370523727261,6.12459338833917));
#8887=CARTESIAN_POINT('',(26.1665807113853,6.63873819230556,6.10673624548202));
#8888=CARTESIAN_POINT('',(25.9471789765986,6.4637711473385,6.08887910262488));
#8889=CARTESIAN_POINT('',(25.6735894882993,6.40132613197245,6.07102195976774));
#8890=CARTESIAN_POINT('',(25.4,6.33888111660639,6.05316481691059));
#8891=CARTESIAN_POINT('',(25.1264105117007,6.40132613197245,6.03530767405345));
#8892=CARTESIAN_POINT('',(24.8528210234014,6.4637711473385,6.01745053119631));
#8893=CARTESIAN_POINT('',(24.6334192886147,6.63873819230556,5.99959338833917));
#8894=CARTESIAN_POINT('',(24.414017553828,6.81370523727261,5.98173624548202));
#8895=CARTESIAN_POINT('',(24.292258776914,7.06653994275496,5.96387910262488));
#8896=CARTESIAN_POINT('',(24.1705,7.31937464823731,5.94602195976774));
#8897=CARTESIAN_POINT('',(24.1705,7.6,5.92816481691059));
#8898=CARTESIAN_POINT('',(24.1705,7.88062535176269,5.91030767405345));
#8899=CARTESIAN_POINT('',(24.292258776914,8.13346005724504,5.89245053119631));
#8900=CARTESIAN_POINT('',(24.414017553828,8.38629476272739,5.87459338833917));
#8901=CARTESIAN_POINT('',(24.6334192886147,8.56126180769444,5.85673624548202));
#8902=CARTESIAN_POINT('',(24.8528210234014,8.7362288526615,5.83887910262488));
#8903=CARTESIAN_POINT('',(25.1264105117007,8.79867386802755,5.82102195976774));
#8904=CARTESIAN_POINT('',(25.4,8.86111888339361,5.80316481691059));
#8905=CARTESIAN_POINT('',(25.6735894882993,8.79867386802755,5.78530767405345));
#8906=CARTESIAN_POINT('',(25.9471789765986,8.7362288526615,5.76745053119631));
#8907=CARTESIAN_POINT('',(26.1665807113853,8.56126180769444,5.74959338833917));
#8908=CARTESIAN_POINT('',(26.3859824461721,8.38629476272739,5.73173624548202));
#8909=CARTESIAN_POINT('',(26.507741223086,8.13346005724504,5.71387910262488));
#8910=CARTESIAN_POINT('',(26.6295,7.88062535176269,5.69602195976774));
#8911=CARTESIAN_POINT('',(26.6295,7.6,5.67816481691059));
#8912=CARTESIAN_POINT('',(26.6295,7.31937464823731,5.66030767405345));
#8913=CARTESIAN_POINT('',(26.507741223086,7.06653994275496,5.64245053119631));
#8914=CARTESIAN_POINT('',(26.3859824461721,6.81370523727261,5.62459338833917));
#8915=CARTESIAN_POINT('',(26.1665807113853,6.63873819230556,5.60673624548202));
#8916=CARTESIAN_POINT('',(25.9471789765986,6.4637711473385,5.58887910262488));
#8917=CARTESIAN_POINT('',(25.6735894882993,6.40132613197245,5.57102195976774));
#8918=CARTESIAN_POINT('',(25.4,6.33888111660639,5.55316481691059));
#8919=CARTESIAN_POINT('',(25.1264105117007,6.40132613197245,5.53530767405345));
#8920=CARTESIAN_POINT('',(24.8528210234014,6.4637711473385,5.51745053119631));
#8921=CARTESIAN_POINT('',(24.6334192886147,6.63873819230556,5.49959338833917));
#8922=CARTESIAN_POINT('',(24.414017553828,6.81370523727261,5.48173624548202));
#8923=CARTESIAN_POINT('',(24.292258776914,7.06653994275496,5.46387910262488));
#8924=CARTESIAN_POINT('',(24.1705,7.31937464823731,5.44602195976774));
#8925=CARTESIAN_POINT('',(24.1705,7.6,5.42816481691059));
#8926=CARTESIAN_POINT('',(24.1705,7.88062535176269,5.41030767405345));
#8927=CARTESIAN_POINT('',(24.292258776914,8.13346005724504,5.39245053119631));
#8928=CARTESIAN_POINT('',(24.414017553828,8.38629476272739,5.37459338833917));
#8929=CARTESIAN_POINT('',(24.6334192886147,8.56126180769444,5.35673624548202));
#8930=CARTESIAN_POINT('',(24.8528210234014,8.7362288526615,5.33887910262488));
#8931=CARTESIAN_POINT('',(25.1264105117007,8.79867386802755,5.32102195976774));
#8932=CARTESIAN_POINT('',(25.4,8.86111888339361,5.30316481691059));
#8933=CARTESIAN_POINT('',(25.6735894882993,8.79867386802755,5.28530767405345));
#8934=CARTESIAN_POINT('',(25.9471789765986,8.7362288526615,5.26745053119631));
#8935=CARTESIAN_POINT('',(26.1665807113853,8.56126180769444,5.24959338833917));
#8936=CARTESIAN_POINT('',(26.3859824461721,8.38629476272739,5.23173624548202));
#8937=CARTESIAN_POINT('',(26.507741223086,8.13346005724504,5.21387910262488));
#8938=CARTESIAN_POINT('',(26.6295,7.88062535176269,5.19602195976774));
#8939=CARTESIAN_POINT('',(26.6295,7.6,5.17816481691059));
#8940=CARTESIAN_POINT('',(26.6295,7.31937464823731,5.16030767405345));
#8941=CARTESIAN_POINT('',(26.507741223086,7.06653994275496,5.14245053119631));
#8942=CARTESIAN_POINT('',(26.3859824461721,6.81370523727261,5.12459338833917));
#8943=CARTESIAN_POINT('',(26.1665807113853,6.63873819230556,5.10673624548202));
#8944=CARTESIAN_POINT('',(25.9471789765986,6.4637711473385,5.08887910262488));
#8945=CARTESIAN_POINT('',(25.6735894882993,6.40132613197245,5.07102195976774));
#8946=CARTESIAN_POINT('',(25.4,6.33888111660639,5.05316481691059));
#8947=CARTESIAN_POINT('',(25.1264105117007,6.40132613197245,5.03530767405345));
#8948=CARTESIAN_POINT('',(24.8528210234014,6.4637711473385,5.01745053119631));
#8949=CARTESIAN_POINT('',(24.6334192886147,6.63873819230556,4.99959338833917));
#8950=CARTESIAN_POINT('',(24.414017553828,6.81370523727261,4.98173624548202));
#8951=CARTESIAN_POINT('',(24.292258776914,7.06653994275496,4.96387910262488));
#8952=CARTESIAN_POINT('',(24.1705,7.31937464823731,4.94602195976774));
#8953=CARTESIAN_POINT('',(24.1705,7.6,4.92816481691059));
#8954=CARTESIAN_POINT('',(24.1705,7.88062535176269,4.91030767405345));
#8955=CARTESIAN_POINT('',(24.292258776914,8.13346005724504,4.89245053119631));
#8956=CARTESIAN_POINT('',(24.414017553828,8.38629476272739,4.87459338833917));
#8957=CARTESIAN_POINT('',(24.6334192886147,8.56126180769444,4.85673624548202));
#8958=CARTESIAN_POINT('',(24.8528210234014,8.7362288526615,4.83887910262488));
#8959=CARTESIAN_POINT('',(25.1264105117007,8.79867386802755,4.82102195976774));
#8960=CARTESIAN_POINT('',(25.4,8.86111888339361,4.80316481691059));
#8961=CARTESIAN_POINT('',(25.6735894882993,8.79867386802755,4.78530767405345));
#8962=CARTESIAN_POINT('',(25.9471789765986,8.7362288526615,4.76745053119631));
#8963=CARTESIAN_POINT('',(26.1665807113853,8.56126180769444,4.74959338833917));
#8964=CARTESIAN_POINT('',(26.3859824461721,8.38629476272739,4.73173624548202));
#8965=CARTESIAN_POINT('',(26.507741223086,8.13346005724504,4.71387910262488));
#8966=CARTESIAN_POINT('',(26.6295,7.88062535176269,4.69602195976774));
#8967=CARTESIAN_POINT('',(26.6295,7.6,4.67816481691059));
#8968=CARTESIAN_POINT('',(26.6295,7.31937464823731,4.66030767405345));
#8969=CARTESIAN_POINT('',(26.507741223086,7.06653994275496,4.64245053119631));
#8970=CARTESIAN_POINT('',(26.3859824461721,6.81370523727261,4.62459338833917));
#8971=CARTESIAN_POINT('',(26.1665807113853,6.63873819230556,4.60673624548202));
#8972=CARTESIAN_POINT('',(25.9471789765986,6.4637711473385,4.58887910262488));
#8973=CARTESIAN_POINT('',(25.6735894882993,6.40132613197245,4.57102195976774));
#8974=CARTESIAN_POINT('',(25.4,6.33888111660639,4.55316481691059));
#8975=CARTESIAN_POINT('',(25.1264105117007,6.40132613197245,4.53530767405345));
#8976=CARTESIAN_POINT('',(25.1183391477426,6.40316836812532,4.53478085739778));
#8977=CARTESIAN_POINT('',(25.1102933242366,6.40511913061673,4.53425246926221));
#8978=CARTESIAN_POINT('',(26.6125405148245,8.48325779568011,7.57198512525059));
#8979=CARTESIAN_POINT('',(26.6925863426166,8.37337050148894,7.56471940610532));
#8980=CARTESIAN_POINT('',(26.751573075468,8.25088328860903,7.55762910262488));
#8981=CARTESIAN_POINT('',(26.9001329386826,7.94239555397203,7.53977195976774));
#8982=CARTESIAN_POINT('',(26.9001329386826,7.6,7.52191481691059));
#8983=CARTESIAN_POINT('',(26.9001329386826,7.25760444602797,7.50405767405345));
#8984=CARTESIAN_POINT('',(26.751573075468,6.94911671139097,7.48620053119631));
#8985=CARTESIAN_POINT('',(26.6030132122534,6.64062897675397,7.46834338833917));
#8986=CARTESIAN_POINT('',(26.335317588701,6.42714884065063,7.45048624548202));
#8987=CARTESIAN_POINT('',(26.0676219651486,6.2136687045473,7.43262910262488));
#8988=CARTESIAN_POINT('',(25.7338109825743,6.13747852609495,7.41477195976774));
#8989=CARTESIAN_POINT('',(25.4,6.06128834764261,7.39691481691059));
#8990=CARTESIAN_POINT('',(25.0661890174257,6.13747852609495,7.37905767405345));
#8991=CARTESIAN_POINT('',(24.7323780348514,6.2136687045473,7.36120053119631));
#8992=CARTESIAN_POINT('',(24.464682411299,6.42714884065063,7.34334338833917));
#8993=CARTESIAN_POINT('',(24.1969867877466,6.64062897675397,7.32548624548202));
#8994=CARTESIAN_POINT('',(24.048426924532,6.94911671139097,7.30762910262488));
#8995=CARTESIAN_POINT('',(23.8998670613174,7.25760444602797,7.28977195976774));
#8996=CARTESIAN_POINT('',(23.8998670613174,7.6,7.2719148169106));
#8997=CARTESIAN_POINT('',(23.8998670613174,7.94239555397203,7.25405767405345));
#8998=CARTESIAN_POINT('',(24.048426924532,8.25088328860903,7.23620053119631));
#8999=CARTESIAN_POINT('',(24.1969867877466,8.55937102324603,7.21834338833917));
#9000=CARTESIAN_POINT('',(24.464682411299,8.77285115934937,7.20048624548202));
#9001=CARTESIAN_POINT('',(24.7323780348514,8.9863312954527,7.18262910262488));
#9002=CARTESIAN_POINT('',(25.0661890174257,9.06252147390505,7.16477195976774));
#9003=CARTESIAN_POINT('',(25.4,9.13871165235739,7.1469148169106));
#9004=CARTESIAN_POINT('',(25.7338109825743,9.06252147390505,7.12905767405345));
#9005=CARTESIAN_POINT('',(26.0676219651486,8.9863312954527,7.11120053119631));
#9006=CARTESIAN_POINT('',(26.335317588701,8.77285115934937,7.09334338833917));
#9007=CARTESIAN_POINT('',(26.6030132122534,8.55937102324603,7.07548624548202));
#9008=CARTESIAN_POINT('',(26.751573075468,8.25088328860903,7.05762910262488));
#9009=CARTESIAN_POINT('',(26.9001329386826,7.94239555397203,7.03977195976774));
#9010=CARTESIAN_POINT('',(26.9001329386826,7.6,7.02191481691059));
#9011=CARTESIAN_POINT('',(26.9001329386826,7.25760444602797,7.00405767405345));
#9012=CARTESIAN_POINT('',(26.751573075468,6.94911671139097,6.98620053119631));
#9013=CARTESIAN_POINT('',(26.6030132122534,6.64062897675397,6.96834338833917));
#9014=CARTESIAN_POINT('',(26.335317588701,6.42714884065063,6.95048624548202));
#9015=CARTESIAN_POINT('',(26.0676219651486,6.2136687045473,6.93262910262488));
#9016=CARTESIAN_POINT('',(25.7338109825743,6.13747852609495,6.91477195976774));
#9017=CARTESIAN_POINT('',(25.4,6.06128834764261,6.89691481691059));
#9018=CARTESIAN_POINT('',(25.0661890174257,6.13747852609495,6.87905767405345));
#9019=CARTESIAN_POINT('',(24.7323780348514,6.2136687045473,6.86120053119631));
#9020=CARTESIAN_POINT('',(24.464682411299,6.42714884065063,6.84334338833917));
#9021=CARTESIAN_POINT('',(24.1969867877466,6.64062897675397,6.82548624548202));
#9022=CARTESIAN_POINT('',(24.048426924532,6.94911671139097,6.80762910262488));
#9023=CARTESIAN_POINT('',(23.8998670613174,7.25760444602797,6.78977195976774));
#9024=CARTESIAN_POINT('',(23.8998670613174,7.6,6.77191481691059));
#9025=CARTESIAN_POINT('',(23.8998670613174,7.94239555397203,6.75405767405345));
#9026=CARTESIAN_POINT('',(24.048426924532,8.25088328860903,6.73620053119631));
#9027=CARTESIAN_POINT('',(24.1969867877466,8.55937102324603,6.71834338833917));
#9028=CARTESIAN_POINT('',(24.464682411299,8.77285115934937,6.70048624548202));
#9029=CARTESIAN_POINT('',(24.7323780348514,8.9863312954527,6.68262910262488));
#9030=CARTESIAN_POINT('',(25.0661890174257,9.06252147390505,6.66477195976774));
#9031=CARTESIAN_POINT('',(25.4,9.13871165235739,6.64691481691059));
#9032=CARTESIAN_POINT('',(25.7338109825743,9.06252147390505,6.62905767405345));
#9033=CARTESIAN_POINT('',(26.0676219651486,8.9863312954527,6.61120053119631));
#9034=CARTESIAN_POINT('',(26.335317588701,8.77285115934937,6.59334338833917));
#9035=CARTESIAN_POINT('',(26.6030132122534,8.55937102324603,6.57548624548202));
#9036=CARTESIAN_POINT('',(26.751573075468,8.25088328860903,6.55762910262488));
#9037=CARTESIAN_POINT('',(26.9001329386826,7.94239555397203,6.53977195976774));
#9038=CARTESIAN_POINT('',(26.9001329386826,7.6,6.52191481691059));
#9039=CARTESIAN_POINT('',(26.9001329386826,7.25760444602797,6.50405767405345));
#9040=CARTESIAN_POINT('',(26.751573075468,6.94911671139097,6.48620053119631));
#9041=CARTESIAN_POINT('',(26.6030132122534,6.64062897675397,6.46834338833917));
#9042=CARTESIAN_POINT('',(26.335317588701,6.42714884065063,6.45048624548202));
#9043=CARTESIAN_POINT('',(26.0676219651486,6.2136687045473,6.43262910262488));
#9044=CARTESIAN_POINT('',(25.7338109825743,6.13747852609495,6.41477195976774));
#9045=CARTESIAN_POINT('',(25.4,6.06128834764261,6.39691481691059));
#9046=CARTESIAN_POINT('',(25.0661890174257,6.13747852609495,6.37905767405345));
#9047=CARTESIAN_POINT('',(24.7323780348514,6.2136687045473,6.36120053119631));
#9048=CARTESIAN_POINT('',(24.464682411299,6.42714884065063,6.34334338833917));
#9049=CARTESIAN_POINT('',(24.1969867877466,6.64062897675397,6.32548624548202));
#9050=CARTESIAN_POINT('',(24.048426924532,6.94911671139097,6.30762910262488));
#9051=CARTESIAN_POINT('',(23.8998670613174,7.25760444602797,6.28977195976774));
#9052=CARTESIAN_POINT('',(23.8998670613174,7.6,6.27191481691059));
#9053=CARTESIAN_POINT('',(23.8998670613174,7.94239555397203,6.25405767405345));
#9054=CARTESIAN_POINT('',(24.048426924532,8.25088328860903,6.23620053119631));
#9055=CARTESIAN_POINT('',(24.1969867877466,8.55937102324603,6.21834338833917));
#9056=CARTESIAN_POINT('',(24.464682411299,8.77285115934937,6.20048624548202));
#9057=CARTESIAN_POINT('',(24.7323780348514,8.9863312954527,6.18262910262488));
#9058=CARTESIAN_POINT('',(25.0661890174257,9.06252147390505,6.16477195976774));
#9059=CARTESIAN_POINT('',(25.4,9.13871165235739,6.14691481691059));
#9060=CARTESIAN_POINT('',(25.7338109825743,9.06252147390505,6.12905767405345));
#9061=CARTESIAN_POINT('',(26.0676219651486,8.9863312954527,6.11120053119631));
#9062=CARTESIAN_POINT('',(26.335317588701,8.77285115934937,6.09334338833917));
#9063=CARTESIAN_POINT('',(26.6030132122534,8.55937102324603,6.07548624548202));
#9064=CARTESIAN_POINT('',(26.751573075468,8.25088328860903,6.05762910262488));
#9065=CARTESIAN_POINT('',(26.9001329386826,7.94239555397203,6.03977195976774));
#9066=CARTESIAN_POINT('',(26.9001329386826,7.6,6.02191481691059));
#9067=CARTESIAN_POINT('',(26.9001329386826,7.25760444602797,6.00405767405345));
#9068=CARTESIAN_POINT('',(26.751573075468,6.94911671139097,5.98620053119631));
#9069=CARTESIAN_POINT('',(26.6030132122534,6.64062897675397,5.96834338833917));
#9070=CARTESIAN_POINT('',(26.335317588701,6.42714884065063,5.95048624548202));
#9071=CARTESIAN_POINT('',(26.0676219651486,6.2136687045473,5.93262910262488));
#9072=CARTESIAN_POINT('',(25.7338109825743,6.13747852609495,5.91477195976774));
#9073=CARTESIAN_POINT('',(25.4,6.06128834764261,5.89691481691059));
#9074=CARTESIAN_POINT('',(25.0661890174257,6.13747852609495,5.87905767405345));
#9075=CARTESIAN_POINT('',(24.7323780348514,6.2136687045473,5.86120053119631));
#9076=CARTESIAN_POINT('',(24.464682411299,6.42714884065063,5.84334338833917));
#9077=CARTESIAN_POINT('',(24.1969867877466,6.64062897675397,5.82548624548202));
#9078=CARTESIAN_POINT('',(24.048426924532,6.94911671139097,5.80762910262488));
#9079=CARTESIAN_POINT('',(23.8998670613174,7.25760444602797,5.78977195976774));
#9080=CARTESIAN_POINT('',(23.8998670613174,7.6,5.77191481691059));
#9081=CARTESIAN_POINT('',(23.8998670613174,7.94239555397203,5.75405767405345));
#9082=CARTESIAN_POINT('',(24.048426924532,8.25088328860903,5.73620053119631));
#9083=CARTESIAN_POINT('',(24.1969867877466,8.55937102324603,5.71834338833917));
#9084=CARTESIAN_POINT('',(24.464682411299,8.77285115934937,5.70048624548202));
#9085=CARTESIAN_POINT('',(24.7323780348514,8.9863312954527,5.68262910262488));
#9086=CARTESIAN_POINT('',(25.0661890174257,9.06252147390505,5.66477195976774));
#9087=CARTESIAN_POINT('',(25.4,9.13871165235739,5.64691481691059));
#9088=CARTESIAN_POINT('',(25.7338109825743,9.06252147390505,5.62905767405345));
#9089=CARTESIAN_POINT('',(26.0676219651486,8.9863312954527,5.61120053119631));
#9090=CARTESIAN_POINT('',(26.335317588701,8.77285115934937,5.59334338833917));
#9091=CARTESIAN_POINT('',(26.6030132122534,8.55937102324603,5.57548624548202));
#9092=CARTESIAN_POINT('',(26.751573075468,8.25088328860903,5.55762910262488));
#9093=CARTESIAN_POINT('',(26.9001329386826,7.94239555397203,5.53977195976774));
#9094=CARTESIAN_POINT('',(26.9001329386826,7.6,5.52191481691059));
#9095=CARTESIAN_POINT('',(26.9001329386826,7.25760444602797,5.50405767405345));
#9096=CARTESIAN_POINT('',(26.751573075468,6.94911671139097,5.48620053119631));
#9097=CARTESIAN_POINT('',(26.6030132122534,6.64062897675397,5.46834338833917));
#9098=CARTESIAN_POINT('',(26.335317588701,6.42714884065063,5.45048624548202));
#9099=CARTESIAN_POINT('',(26.0676219651486,6.2136687045473,5.43262910262488));
#9100=CARTESIAN_POINT('',(25.7338109825743,6.13747852609495,5.41477195976774));
#9101=CARTESIAN_POINT('',(25.4,6.06128834764261,5.39691481691059));
#9102=CARTESIAN_POINT('',(25.0661890174257,6.13747852609495,5.37905767405345));
#9103=CARTESIAN_POINT('',(24.7323780348514,6.2136687045473,5.36120053119631));
#9104=CARTESIAN_POINT('',(24.464682411299,6.42714884065063,5.34334338833917));
#9105=CARTESIAN_POINT('',(24.1969867877466,6.64062897675397,5.32548624548202));
#9106=CARTESIAN_POINT('',(24.048426924532,6.94911671139097,5.30762910262488));
#9107=CARTESIAN_POINT('',(23.8998670613174,7.25760444602797,5.28977195976774));
#9108=CARTESIAN_POINT('',(23.8998670613174,7.6,5.2719148169106));
#9109=CARTESIAN_POINT('',(23.8998670613174,7.94239555397203,5.25405767405345));
#9110=CARTESIAN_POINT('',(24.048426924532,8.25088328860903,5.23620053119631));
#9111=CARTESIAN_POINT('',(24.1969867877466,8.55937102324603,5.21834338833917));
#9112=CARTESIAN_POINT('',(24.464682411299,8.77285115934937,5.20048624548202));
#9113=CARTESIAN_POINT('',(24.7323780348514,8.9863312954527,5.18262910262488));
#9114=CARTESIAN_POINT('',(25.0661890174257,9.06252147390505,5.16477195976774));
#9115=CARTESIAN_POINT('',(25.4,9.13871165235739,5.1469148169106));
#9116=CARTESIAN_POINT('',(25.7338109825743,9.06252147390505,5.12905767405345));
#9117=CARTESIAN_POINT('',(26.0676219651486,8.9863312954527,5.11120053119631));
#9118=CARTESIAN_POINT('',(26.335317588701,8.77285115934937,5.09334338833917));
#9119=CARTESIAN_POINT('',(26.6030132122534,8.55937102324603,5.07548624548202));
#9120=CARTESIAN_POINT('',(26.751573075468,8.25088328860903,5.05762910262488));
#9121=CARTESIAN_POINT('',(26.9001329386826,7.94239555397203,5.03977195976774));
#9122=CARTESIAN_POINT('',(26.9001329386826,7.6,5.02191481691059));
#9123=CARTESIAN_POINT('',(26.9001329386826,7.25760444602797,5.00405767405345));
#9124=CARTESIAN_POINT('',(26.751573075468,6.94911671139097,4.98620053119631));
#9125=CARTESIAN_POINT('',(26.6030132122534,6.64062897675397,4.96834338833917));
#9126=CARTESIAN_POINT('',(26.335317588701,6.42714884065063,4.95048624548202));
#9127=CARTESIAN_POINT('',(26.0676219651486,6.2136687045473,4.93262910262488));
#9128=CARTESIAN_POINT('',(25.7338109825743,6.13747852609495,4.91477195976774));
#9129=CARTESIAN_POINT('',(25.4,6.06128834764261,4.89691481691059));
#9130=CARTESIAN_POINT('',(25.0661890174257,6.13747852609495,4.87905767405345));
#9131=CARTESIAN_POINT('',(24.7323780348514,6.2136687045473,4.86120053119631));
#9132=CARTESIAN_POINT('',(24.464682411299,6.42714884065063,4.84334338833917));
#9133=CARTESIAN_POINT('',(24.1969867877466,6.64062897675397,4.82548624548202));
#9134=CARTESIAN_POINT('',(24.048426924532,6.94911671139097,4.80762910262488));
#9135=CARTESIAN_POINT('',(23.8998670613174,7.25760444602797,4.78977195976774));
#9136=CARTESIAN_POINT('',(23.8998670613174,7.6,4.77191481691059));
#9137=CARTESIAN_POINT('',(23.8998670613174,7.94239555397203,4.75405767405345));
#9138=CARTESIAN_POINT('',(24.048426924532,8.25088328860903,4.73620053119631));
#9139=CARTESIAN_POINT('',(24.1969867877466,8.55937102324603,4.71834338833917));
#9140=CARTESIAN_POINT('',(24.464682411299,8.77285115934937,4.70048624548202));
#9141=CARTESIAN_POINT('',(24.7323780348514,8.9863312954527,4.68262910262488));
#9142=CARTESIAN_POINT('',(25.0661890174257,9.06252147390505,4.66477195976774));
#9143=CARTESIAN_POINT('',(25.4,9.13871165235739,4.64691481691059));
#9144=CARTESIAN_POINT('',(25.7338109825743,9.06252147390505,4.62905767405345));
#9145=CARTESIAN_POINT('',(26.0676219651486,8.9863312954527,4.61120053119631));
#9146=CARTESIAN_POINT('',(26.335317588701,8.77285115934937,4.59334338833917));
#9147=CARTESIAN_POINT('',(26.6030132122534,8.55937102324603,4.57548624548202));
#9148=CARTESIAN_POINT('',(26.751573075468,8.25088328860903,4.55762910262488));
#9149=CARTESIAN_POINT('',(26.9001329386826,7.94239555397203,4.53977195976774));
#9150=CARTESIAN_POINT('',(26.9001329386826,7.6,4.52191481691059));
#9151=CARTESIAN_POINT('',(26.9001329386826,7.25760444602797,4.50405767405345));
#9152=CARTESIAN_POINT('',(26.751573075468,6.94911671139097,4.48620053119631));
#9153=CARTESIAN_POINT('',(26.6030132122534,6.64062897675397,4.46834338833917));
#9154=CARTESIAN_POINT('',(26.335317588701,6.42714884065063,4.45048624548202));
#9155=CARTESIAN_POINT('',(26.0676219651486,6.2136687045473,4.43262910262488));
#9156=CARTESIAN_POINT('',(25.7338109825743,6.13747852609495,4.41477195976774));
#9157=CARTESIAN_POINT('',(25.4,6.06128834764261,4.39691481691059));
#9158=CARTESIAN_POINT('',(25.0661890174257,6.13747852609495,4.37905767405345));
#9159=CARTESIAN_POINT('',(25.0563410150396,6.13972626837536,4.37853085739778));
#9160=CARTESIAN_POINT('',(25.0465241749744,6.14210642540579,4.37800246926221));
#9161=CARTESIAN_POINT('',(23.8998670613174,7.6,7.77191481691059));
#9162=CARTESIAN_POINT('',(23.8998670613174,7.94239555397203,7.75405767405345));
#9163=CARTESIAN_POINT('',(24.048426924532,8.25088328860903,7.73620053119631));
#9164=CARTESIAN_POINT('',(24.1969867877466,8.55937102324603,7.71834338833917));
#9165=CARTESIAN_POINT('',(24.464682411299,8.77285115934937,7.70048624548202));
#9166=CARTESIAN_POINT('',(24.7323780348514,8.9863312954527,7.68262910262488));
#9167=CARTESIAN_POINT('',(25.0661890174257,9.06252147390505,7.66477195976774));
#9168=CARTESIAN_POINT('',(25.4,9.13871165235739,7.64691481691059));
#9169=CARTESIAN_POINT('',(25.7338109825743,9.06252147390505,7.62905767405345));
#9170=CARTESIAN_POINT('',(26.0676219651486,8.9863312954527,7.61120053119631));
#9171=CARTESIAN_POINT('',(26.335317588701,8.77285115934937,7.59334338833917));
#9172=CARTESIAN_POINT('',(26.6030132122534,8.55937102324603,7.57548624548202));
#9173=CARTESIAN_POINT('',(26.751573075468,8.25088328860903,7.55762910262488));
#9174=CARTESIAN_POINT('',(26.9001329386826,7.94239555397203,7.53977195976774));
#9175=CARTESIAN_POINT('',(26.9001329386826,7.6,7.52191481691059));
#9176=CARTESIAN_POINT('',(26.9001329386826,7.25760444602797,7.50405767405345));
#9177=CARTESIAN_POINT('',(26.751573075468,6.94911671139097,7.48620053119631));
#9178=CARTESIAN_POINT('',(26.6030132122534,6.64062897675397,7.46834338833917));
#9179=CARTESIAN_POINT('',(26.335317588701,6.42714884065063,7.45048624548202));
#9180=CARTESIAN_POINT('',(26.0676219651486,6.2136687045473,7.43262910262488));
#9181=CARTESIAN_POINT('',(25.7338109825743,6.13747852609495,7.41477195976774));
#9182=CARTESIAN_POINT('',(25.4,6.06128834764261,7.39691481691059));
#9183=CARTESIAN_POINT('',(25.0661890174257,6.13747852609495,7.37905767405345));
#9184=CARTESIAN_POINT('',(24.7323780348514,6.2136687045473,7.36120053119631));
#9185=CARTESIAN_POINT('',(24.464682411299,6.42714884065063,7.34334338833917));
#9186=CARTESIAN_POINT('',(24.1969867877466,6.64062897675397,7.32548624548202));
#9187=CARTESIAN_POINT('',(24.048426924532,6.94911671139097,7.30762910262488));
#9188=CARTESIAN_POINT('',(23.8998670613174,7.25760444602797,7.28977195976774));
#9189=CARTESIAN_POINT('',(23.8998670613174,7.6,7.27191481691059));
#9190=CARTESIAN_POINT('',(23.8998670613174,7.94239555397203,7.25405767405345));
#9191=CARTESIAN_POINT('',(24.048426924532,8.25088328860903,7.23620053119631));
#9192=CARTESIAN_POINT('',(24.1969867877466,8.55937102324603,7.21834338833917));
#9193=CARTESIAN_POINT('',(24.464682411299,8.77285115934937,7.20048624548202));
#9194=CARTESIAN_POINT('',(24.7323780348514,8.9863312954527,7.18262910262488));
#9195=CARTESIAN_POINT('',(25.0661890174257,9.06252147390505,7.16477195976774));
#9196=CARTESIAN_POINT('',(25.4,9.13871165235739,7.14691481691059));
#9197=CARTESIAN_POINT('',(25.7338109825743,9.06252147390505,7.12905767405345));
#9198=CARTESIAN_POINT('',(26.0676219651486,8.9863312954527,7.11120053119631));
#9199=CARTESIAN_POINT('',(26.335317588701,8.77285115934937,7.09334338833917));
#9200=CARTESIAN_POINT('',(26.6030132122534,8.55937102324603,7.07548624548202));
#9201=CARTESIAN_POINT('',(26.751573075468,8.25088328860903,7.05762910262488));
#9202=CARTESIAN_POINT('',(26.9001329386826,7.94239555397203,7.03977195976774));
#9203=CARTESIAN_POINT('',(26.9001329386826,7.6,7.02191481691059));
#9204=CARTESIAN_POINT('',(26.9001329386826,7.25760444602797,7.00405767405345));
#9205=CARTESIAN_POINT('',(26.751573075468,6.94911671139097,6.98620053119631));
#9206=CARTESIAN_POINT('',(26.6030132122534,6.64062897675397,6.96834338833917));
#9207=CARTESIAN_POINT('',(26.335317588701,6.42714884065063,6.95048624548202));
#9208=CARTESIAN_POINT('',(26.0676219651486,6.2136687045473,6.93262910262488));
#9209=CARTESIAN_POINT('',(25.7338109825743,6.13747852609495,6.91477195976774));
#9210=CARTESIAN_POINT('',(25.4,6.06128834764261,6.89691481691059));
#9211=CARTESIAN_POINT('',(25.0661890174257,6.13747852609495,6.87905767405345));
#9212=CARTESIAN_POINT('',(24.7323780348514,6.2136687045473,6.86120053119631));
#9213=CARTESIAN_POINT('',(24.464682411299,6.42714884065063,6.84334338833917));
#9214=CARTESIAN_POINT('',(24.1969867877466,6.64062897675397,6.82548624548202));
#9215=CARTESIAN_POINT('',(24.048426924532,6.94911671139097,6.80762910262488));
#9216=CARTESIAN_POINT('',(23.8998670613174,7.25760444602797,6.78977195976774));
#9217=CARTESIAN_POINT('',(23.8998670613174,7.6,6.77191481691059));
#9218=CARTESIAN_POINT('',(23.8998670613174,7.94239555397203,6.75405767405345));
#9219=CARTESIAN_POINT('',(24.048426924532,8.25088328860903,6.73620053119631));
#9220=CARTESIAN_POINT('',(24.1969867877466,8.55937102324603,6.71834338833917));
#9221=CARTESIAN_POINT('',(24.464682411299,8.77285115934937,6.70048624548202));
#9222=CARTESIAN_POINT('',(24.7323780348514,8.9863312954527,6.68262910262488));
#9223=CARTESIAN_POINT('',(25.0661890174257,9.06252147390505,6.66477195976774));
#9224=CARTESIAN_POINT('',(25.4,9.13871165235739,6.64691481691059));
#9225=CARTESIAN_POINT('',(25.7338109825743,9.06252147390505,6.62905767405345));
#9226=CARTESIAN_POINT('',(26.0676219651486,8.9863312954527,6.61120053119631));
#9227=CARTESIAN_POINT('',(26.335317588701,8.77285115934937,6.59334338833917));
#9228=CARTESIAN_POINT('',(26.6030132122534,8.55937102324603,6.57548624548202));
#9229=CARTESIAN_POINT('',(26.751573075468,8.25088328860903,6.55762910262488));
#9230=CARTESIAN_POINT('',(26.9001329386826,7.94239555397203,6.53977195976774));
#9231=CARTESIAN_POINT('',(26.9001329386826,7.6,6.52191481691059));
#9232=CARTESIAN_POINT('',(26.9001329386826,7.25760444602797,6.50405767405345));
#9233=CARTESIAN_POINT('',(26.751573075468,6.94911671139097,6.48620053119631));
#9234=CARTESIAN_POINT('',(26.6030132122534,6.64062897675397,6.46834338833917));
#9235=CARTESIAN_POINT('',(26.335317588701,6.42714884065063,6.45048624548202));
#9236=CARTESIAN_POINT('',(26.0676219651486,6.2136687045473,6.43262910262488));
#9237=CARTESIAN_POINT('',(25.7338109825743,6.13747852609495,6.41477195976774));
#9238=CARTESIAN_POINT('',(25.4,6.06128834764261,6.39691481691059));
#9239=CARTESIAN_POINT('',(25.0661890174257,6.13747852609495,6.37905767405345));
#9240=CARTESIAN_POINT('',(24.7323780348514,6.2136687045473,6.36120053119631));
#9241=CARTESIAN_POINT('',(24.464682411299,6.42714884065063,6.34334338833917));
#9242=CARTESIAN_POINT('',(24.1969867877466,6.64062897675396,6.32548624548202));
#9243=CARTESIAN_POINT('',(24.048426924532,6.94911671139097,6.30762910262488));
#9244=CARTESIAN_POINT('',(23.8998670613174,7.25760444602797,6.28977195976774));
#9245=CARTESIAN_POINT('',(23.8998670613174,7.6,6.27191481691059));
#9246=CARTESIAN_POINT('',(23.8998670613174,7.94239555397203,6.25405767405345));
#9247=CARTESIAN_POINT('',(24.048426924532,8.25088328860903,6.23620053119631));
#9248=CARTESIAN_POINT('',(24.1969867877466,8.55937102324604,6.21834338833917));
#9249=CARTESIAN_POINT('',(24.464682411299,8.77285115934937,6.20048624548202));
#9250=CARTESIAN_POINT('',(24.7323780348514,8.9863312954527,6.18262910262488));
#9251=CARTESIAN_POINT('',(25.0661890174257,9.06252147390505,6.16477195976774));
#9252=CARTESIAN_POINT('',(25.4,9.13871165235739,6.14691481691059));
#9253=CARTESIAN_POINT('',(25.7338109825743,9.06252147390505,6.12905767405345));
#9254=CARTESIAN_POINT('',(26.0676219651486,8.9863312954527,6.11120053119631));
#9255=CARTESIAN_POINT('',(26.335317588701,8.77285115934937,6.09334338833917));
#9256=CARTESIAN_POINT('',(26.6030132122534,8.55937102324603,6.07548624548202));
#9257=CARTESIAN_POINT('',(26.751573075468,8.25088328860903,6.05762910262488));
#9258=CARTESIAN_POINT('',(26.9001329386826,7.94239555397203,6.03977195976774));
#9259=CARTESIAN_POINT('',(26.9001329386826,7.6,6.02191481691059));
#9260=CARTESIAN_POINT('',(26.9001329386826,7.25760444602797,6.00405767405345));
#9261=CARTESIAN_POINT('',(26.751573075468,6.94911671139097,5.98620053119631));
#9262=CARTESIAN_POINT('',(26.6030132122534,6.64062897675397,5.96834338833917));
#9263=CARTESIAN_POINT('',(26.335317588701,6.42714884065063,5.95048624548202));
#9264=CARTESIAN_POINT('',(26.0676219651486,6.2136687045473,5.93262910262488));
#9265=CARTESIAN_POINT('',(25.7338109825743,6.13747852609495,5.91477195976774));
#9266=CARTESIAN_POINT('',(25.4,6.06128834764261,5.89691481691059));
#9267=CARTESIAN_POINT('',(25.0661890174257,6.13747852609495,5.87905767405345));
#9268=CARTESIAN_POINT('',(24.7323780348514,6.2136687045473,5.86120053119631));
#9269=CARTESIAN_POINT('',(24.464682411299,6.42714884065063,5.84334338833917));
#9270=CARTESIAN_POINT('',(24.1969867877466,6.64062897675396,5.82548624548202));
#9271=CARTESIAN_POINT('',(24.048426924532,6.94911671139097,5.80762910262488));
#9272=CARTESIAN_POINT('',(23.8998670613174,7.25760444602797,5.78977195976774));
#9273=CARTESIAN_POINT('',(23.8998670613174,7.6,5.77191481691059));
#9274=CARTESIAN_POINT('',(23.8998670613174,7.94239555397203,5.75405767405345));
#9275=CARTESIAN_POINT('',(24.048426924532,8.25088328860903,5.73620053119631));
#9276=CARTESIAN_POINT('',(24.1969867877466,8.55937102324604,5.71834338833917));
#9277=CARTESIAN_POINT('',(24.464682411299,8.77285115934937,5.70048624548202));
#9278=CARTESIAN_POINT('',(24.7323780348514,8.9863312954527,5.68262910262488));
#9279=CARTESIAN_POINT('',(25.0661890174257,9.06252147390505,5.66477195976774));
#9280=CARTESIAN_POINT('',(25.4,9.13871165235739,5.64691481691059));
#9281=CARTESIAN_POINT('',(25.7338109825743,9.06252147390505,5.62905767405345));
#9282=CARTESIAN_POINT('',(26.0676219651486,8.9863312954527,5.61120053119631));
#9283=CARTESIAN_POINT('',(26.335317588701,8.77285115934937,5.59334338833917));
#9284=CARTESIAN_POINT('',(26.6030132122534,8.55937102324603,5.57548624548202));
#9285=CARTESIAN_POINT('',(26.751573075468,8.25088328860904,5.55762910262488));
#9286=CARTESIAN_POINT('',(26.9001329386826,7.94239555397203,5.53977195976774));
#9287=CARTESIAN_POINT('',(26.9001329386826,7.6,5.52191481691059));
#9288=CARTESIAN_POINT('',(26.9001329386826,7.25760444602797,5.50405767405345));
#9289=CARTESIAN_POINT('',(26.751573075468,6.94911671139097,5.48620053119631));
#9290=CARTESIAN_POINT('',(26.6030132122534,6.64062897675397,5.46834338833917));
#9291=CARTESIAN_POINT('',(26.335317588701,6.42714884065063,5.45048624548202));
#9292=CARTESIAN_POINT('',(26.0676219651486,6.2136687045473,5.43262910262488));
#9293=CARTESIAN_POINT('',(25.7338109825743,6.13747852609495,5.41477195976774));
#9294=CARTESIAN_POINT('',(25.4,6.06128834764261,5.39691481691059));
#9295=CARTESIAN_POINT('',(25.0661890174257,6.13747852609495,5.37905767405345));
#9296=CARTESIAN_POINT('',(24.7323780348514,6.2136687045473,5.36120053119631));
#9297=CARTESIAN_POINT('',(24.464682411299,6.42714884065063,5.34334338833917));
#9298=CARTESIAN_POINT('',(24.1969867877466,6.64062897675396,5.32548624548202));
#9299=CARTESIAN_POINT('',(24.048426924532,6.94911671139096,5.30762910262488));
#9300=CARTESIAN_POINT('',(23.8998670613174,7.25760444602797,5.28977195976774));
#9301=CARTESIAN_POINT('',(23.8998670613174,7.6,5.27191481691059));
#9302=CARTESIAN_POINT('',(23.8998670613174,7.94239555397203,5.25405767405345));
#9303=CARTESIAN_POINT('',(24.048426924532,8.25088328860903,5.23620053119631));
#9304=CARTESIAN_POINT('',(24.1969867877466,8.55937102324603,5.21834338833917));
#9305=CARTESIAN_POINT('',(24.464682411299,8.77285115934937,5.20048624548202));
#9306=CARTESIAN_POINT('',(24.7323780348514,8.9863312954527,5.18262910262488));
#9307=CARTESIAN_POINT('',(25.0661890174257,9.06252147390504,5.16477195976774));
#9308=CARTESIAN_POINT('',(25.4,9.13871165235739,5.14691481691059));
#9309=CARTESIAN_POINT('',(25.7338109825743,9.06252147390505,5.12905767405345));
#9310=CARTESIAN_POINT('',(26.0676219651486,8.9863312954527,5.11120053119631));
#9311=CARTESIAN_POINT('',(26.335317588701,8.77285115934936,5.09334338833917));
#9312=CARTESIAN_POINT('',(26.6030132122534,8.55937102324603,5.07548624548202));
#9313=CARTESIAN_POINT('',(26.751573075468,8.25088328860904,5.05762910262488));
#9314=CARTESIAN_POINT('',(26.9001329386826,7.94239555397203,5.03977195976774));
#9315=CARTESIAN_POINT('',(26.9001329386826,7.60000000000001,5.02191481691059));
#9316=CARTESIAN_POINT('',(26.9001329386826,7.25760444602797,5.00405767405345));
#9317=CARTESIAN_POINT('',(26.751573075468,6.94911671139097,4.98620053119631));
#9318=CARTESIAN_POINT('',(26.6030132122534,6.64062897675397,4.96834338833917));
#9319=CARTESIAN_POINT('',(26.335317588701,6.42714884065063,4.95048624548202));
#9320=CARTESIAN_POINT('',(26.0676219651486,6.2136687045473,4.93262910262488));
#9321=CARTESIAN_POINT('',(25.7338109825743,6.13747852609495,4.91477195976774));
#9322=CARTESIAN_POINT('',(25.4,6.06128834764261,4.89691481691059));
#9323=CARTESIAN_POINT('',(25.0661890174257,6.13747852609495,4.87905767405345));
#9324=CARTESIAN_POINT('',(24.7323780348514,6.2136687045473,4.86120053119631));
#9325=CARTESIAN_POINT('',(24.464682411299,6.42714884065063,4.84334338833917));
#9326=CARTESIAN_POINT('',(24.1969867877466,6.64062897675396,4.82548624548202));
#9327=CARTESIAN_POINT('',(24.048426924532,6.94911671139097,4.80762910262488));
#9328=CARTESIAN_POINT('',(23.8998670613174,7.25760444602797,4.78977195976774));
#9329=CARTESIAN_POINT('',(23.8998670613174,7.6,4.77191481691059));
#9330=CARTESIAN_POINT('',(23.8998670613174,7.94239555397203,4.75405767405345));
#9331=CARTESIAN_POINT('',(24.048426924532,8.25088328860903,4.73620053119631));
#9332=CARTESIAN_POINT('',(24.1969867877466,8.55937102324603,4.71834338833917));
#9333=CARTESIAN_POINT('',(24.464682411299,8.77285115934937,4.70048624548202));
#9334=CARTESIAN_POINT('',(24.7323780348514,8.9863312954527,4.68262910262488));
#9335=CARTESIAN_POINT('',(25.0661890174257,9.06252147390505,4.66477195976774));
#9336=CARTESIAN_POINT('',(25.4,9.13871165235739,4.64691481691059));
#9337=CARTESIAN_POINT('',(25.7338109825743,9.06252147390505,4.62905767405345));
#9338=CARTESIAN_POINT('',(26.0676219651486,8.9863312954527,4.61120053119631));
#9339=CARTESIAN_POINT('',(26.335317588701,8.77285115934937,4.59334338833917));
#9340=CARTESIAN_POINT('',(26.6030132122534,8.55937102324603,4.57548624548202));
#9341=CARTESIAN_POINT('',(26.751573075468,8.25088328860904,4.55762910262488));
#9342=CARTESIAN_POINT('',(26.9001329386826,7.94239555397204,4.53977195976774));
#9343=CARTESIAN_POINT('',(26.9001329386826,7.6,4.52191481691059));
#9344=CARTESIAN_POINT('',(26.9001329386826,7.25760444602797,4.50405767405345));
#9345=CARTESIAN_POINT('',(26.751573075468,6.94911671139097,4.48620053119631));
#9346=CARTESIAN_POINT('',(26.6030132122534,6.64062897675397,4.46834338833917));
#9347=CARTESIAN_POINT('',(26.335317588701,6.42714884065064,4.45048624548202));
#9348=CARTESIAN_POINT('',(26.0676219651486,6.2136687045473,4.43262910262488));
#9349=CARTESIAN_POINT('',(25.7338109825743,6.13747852609495,4.41477195976774));
#9350=CARTESIAN_POINT('',(25.4,6.06128834764261,4.39691481691059));
#9351=CARTESIAN_POINT('',(25.0661890174257,6.13747852609495,4.37905767405345));
#9352=CARTESIAN_POINT('',(24.7323780348514,6.2136687045473,4.36120053119631));
#9353=CARTESIAN_POINT('',(24.464682411299,6.42714884065063,4.34334338833917));
#9354=CARTESIAN_POINT('',(24.1969867877466,6.64062897675396,4.32548624548202));
#9355=CARTESIAN_POINT('',(24.048426924532,6.94911671139096,4.30762910262488));
#9356=CARTESIAN_POINT('',(23.8998670613174,7.25760444602797,4.28977195976774));
#9357=CARTESIAN_POINT('',(23.8998670613174,7.6,4.27191481691059));
#9358=CARTESIAN_POINT('',(23.8998670613174,7.94239555397203,4.25405767405345));
#9359=CARTESIAN_POINT('',(24.048426924532,8.25088328860904,4.23620053119631));
#9360=CARTESIAN_POINT('',(24.1969867877466,8.55937102324603,4.21834338833917));
#9361=CARTESIAN_POINT('',(24.464682411299,8.77285115934936,4.20048624548202));
#9362=CARTESIAN_POINT('',(24.7323780348514,8.9863312954527,4.18262910262488));
#9363=CARTESIAN_POINT('',(25.0661890174257,9.06252147390504,4.16477195976774));
#9364=CARTESIAN_POINT('',(25.4,9.13871165235739,4.14691481691059));
#9365=CARTESIAN_POINT('',(25.7338109825743,9.06252147390505,4.12905767405345));
#9366=CARTESIAN_POINT('',(26.0676219651486,8.9863312954527,4.11120053119631));
#9367=CARTESIAN_POINT('',(26.335317588701,8.77285115934936,4.09334338833917));
#9368=CARTESIAN_POINT('',(26.6030132122534,8.55937102324603,4.07548624548202));
#9369=CARTESIAN_POINT('',(26.751573075468,8.25088328860904,4.05762910262488));
#9370=CARTESIAN_POINT('',(26.9001329386826,7.94239555397204,4.03977195976774));
#9371=CARTESIAN_POINT('',(26.9001329386826,7.60000000000001,4.02191481691059));
#9372=CARTESIAN_POINT('',(26.9001329386826,7.25760444602797,4.00405767405345));
#9373=CARTESIAN_POINT('',(26.751573075468,6.94911671139097,3.98620053119631));
#9374=CARTESIAN_POINT('',(26.6030132122534,6.64062897675397,3.96834338833917));
#9375=CARTESIAN_POINT('',(26.335317588701,6.42714884065063,3.95048624548202));
#9376=CARTESIAN_POINT('',(26.0676219651486,6.2136687045473,3.93262910262488));
#9377=CARTESIAN_POINT('',(25.7338109825743,6.13747852609495,3.91477195976774));
#9378=CARTESIAN_POINT('',(25.4,6.06128834764261,3.89691481691059));
#9379=CARTESIAN_POINT('',(25.0661890174257,6.13747852609495,3.87905767405345));
#9380=CARTESIAN_POINT('',(24.7323780348514,6.2136687045473,3.86120053119631));
#9381=CARTESIAN_POINT('',(24.464682411299,6.42714884065063,3.84334338833917));
#9382=CARTESIAN_POINT('',(24.1969867877466,6.64062897675396,3.82548624548202));
#9383=CARTESIAN_POINT('',(24.048426924532,6.94911671139097,3.80762910262488));
#9384=CARTESIAN_POINT('',(23.8998670613174,7.25760444602797,3.78977195976774));
#9385=CARTESIAN_POINT('',(23.8998670613174,7.6,3.77191481691059));
#9386=CARTESIAN_POINT('',(23.8998670613174,7.94239555397203,3.75405767405345));
#9387=CARTESIAN_POINT('',(24.048426924532,8.25088328860903,3.73620053119631));
#9388=CARTESIAN_POINT('',(24.1969867877466,8.55937102324603,3.71834338833917));
#9389=CARTESIAN_POINT('',(24.464682411299,8.77285115934936,3.70048624548202));
#9390=CARTESIAN_POINT('',(24.7323780348514,8.9863312954527,3.68262910262488));
#9391=CARTESIAN_POINT('',(25.0661890174257,9.06252147390505,3.66477195976774));
#9392=CARTESIAN_POINT('',(25.4,9.13871165235739,3.64691481691059));
#9393=CARTESIAN_POINT('',(25.7338109825743,9.06252147390505,3.62905767405345));
#9394=CARTESIAN_POINT('',(26.0676219651486,8.9863312954527,3.61120053119631));
#9395=CARTESIAN_POINT('',(26.335317588701,8.77285115934937,3.59334338833917));
#9396=CARTESIAN_POINT('',(26.6030132122534,8.55937102324603,3.57548624548202));
#9397=CARTESIAN_POINT('',(26.751573075468,8.25088328860904,3.55762910262488));
#9398=CARTESIAN_POINT('',(26.9001329386826,7.94239555397204,3.53977195976774));
#9399=CARTESIAN_POINT('',(26.9001329386826,7.6,3.52191481691059));
#9400=CARTESIAN_POINT('',(26.9001329386826,7.25760444602797,3.50405767405345));
#9401=CARTESIAN_POINT('',(26.751573075468,6.94911671139097,3.48620053119631));
#9402=CARTESIAN_POINT('',(26.6030132122534,6.64062897675397,3.46834338833917));
#9403=CARTESIAN_POINT('',(26.335317588701,6.42714884065064,3.45048624548202));
#9404=CARTESIAN_POINT('',(26.0676219651486,6.2136687045473,3.43262910262488));
#9405=CARTESIAN_POINT('',(25.7338109825743,6.13747852609495,3.41477195976774));
#9406=CARTESIAN_POINT('',(25.4,6.06128834764261,3.39691481691059));
#9407=CARTESIAN_POINT('',(25.0661890174257,6.13747852609495,3.37905767405345));
#9408=CARTESIAN_POINT('',(24.7323780348514,6.2136687045473,3.36120053119631));
#9409=CARTESIAN_POINT('',(24.464682411299,6.42714884065063,3.34334338833917));
#9410=CARTESIAN_POINT('',(24.1969867877466,6.64062897675396,3.32548624548202));
#9411=CARTESIAN_POINT('',(24.048426924532,6.94911671139096,3.30762910262488));
#9412=CARTESIAN_POINT('',(23.8998670613174,7.25760444602797,3.28977195976774));
#9413=CARTESIAN_POINT('',(23.8998670613174,7.6,3.27191481691059));
#9414=CARTESIAN_POINT('',(23.8998670613174,7.94239555397202,3.25405767405345));
#9415=CARTESIAN_POINT('',(24.048426924532,8.25088328860904,3.23620053119631));
#9416=CARTESIAN_POINT('',(24.1969867877466,8.55937102324603,3.21834338833917));
#9417=CARTESIAN_POINT('',(24.464682411299,8.77285115934936,3.20048624548202));
#9418=CARTESIAN_POINT('',(24.7323780348514,8.9863312954527,3.18262910262488));
#9419=CARTESIAN_POINT('',(25.0661890174257,9.06252147390504,3.16477195976774));
#9420=CARTESIAN_POINT('',(25.4,9.13871165235739,3.14691481691059));
#9421=CARTESIAN_POINT('',(25.7338109825743,9.06252147390505,3.12905767405345));
#9422=CARTESIAN_POINT('',(26.0676219651486,8.9863312954527,3.11120053119631));
#9423=CARTESIAN_POINT('',(26.335317588701,8.77285115934937,3.09334338833917));
#9424=CARTESIAN_POINT('',(26.6030132122534,8.55937102324603,3.07548624548202));
#9425=CARTESIAN_POINT('',(26.751573075468,8.25088328860904,3.05762910262488));
#9426=CARTESIAN_POINT('',(26.9001329386826,7.94239555397204,3.03977195976774));
#9427=CARTESIAN_POINT('',(26.9001329386826,7.60000000000001,3.02191481691059));
#9428=CARTESIAN_POINT('',(26.9001329386826,7.25760444602797,3.00405767405345));
#9429=CARTESIAN_POINT('',(26.751573075468,6.94911671139097,2.98620053119631));
#9430=CARTESIAN_POINT('',(26.6030132122534,6.64062897675397,2.96834338833917));
#9431=CARTESIAN_POINT('',(26.335317588701,6.42714884065063,2.95048624548202));
#9432=CARTESIAN_POINT('',(26.0676219651486,6.2136687045473,2.93262910262488));
#9433=CARTESIAN_POINT('',(25.7338109825743,6.13747852609495,2.91477195976774));
#9434=CARTESIAN_POINT('',(25.4,6.06128834764261,2.89691481691059));
#9435=CARTESIAN_POINT('',(25.0661890174257,6.13747852609495,2.87905767405345));
#9436=CARTESIAN_POINT('',(24.7323780348514,6.2136687045473,2.86120053119631));
#9437=CARTESIAN_POINT('',(24.464682411299,6.42714884065063,2.84334338833917));
#9438=CARTESIAN_POINT('',(24.1969867877466,6.64062897675396,2.82548624548202));
#9439=CARTESIAN_POINT('',(24.048426924532,6.94911671139097,2.80762910262488));
#9440=CARTESIAN_POINT('',(23.8998670613174,7.25760444602797,2.78977195976774));
#9441=CARTESIAN_POINT('',(23.8998670613174,7.6,2.77191481691059));
#9442=CARTESIAN_POINT('',(25.4,7.6,8.55316481691059));
#9443=CARTESIAN_POINT('',(23.8998670613174,7.6,7.70941481691059));
#9444=CARTESIAN_POINT('',(23.8998670613174,7.94239555397203,7.69155767405345));
#9445=CARTESIAN_POINT('',(24.048426924532,8.25088328860903,7.67370053119631));
#9446=CARTESIAN_POINT('',(24.1969867877466,8.55937102324603,7.65584338833917));
#9447=CARTESIAN_POINT('',(24.464682411299,8.77285115934937,7.63798624548202));
#9448=CARTESIAN_POINT('',(24.7323780348514,8.9863312954527,7.62012910262488));
#9449=CARTESIAN_POINT('',(25.0661890174257,9.06252147390505,7.60227195976774));
#9450=CARTESIAN_POINT('',(25.4,9.13871165235739,7.58441481691059));
#9451=CARTESIAN_POINT('',(25.7338109825743,9.06252147390505,7.56655767405345));
#9452=CARTESIAN_POINT('',(26.0676219651486,8.9863312954527,7.54870053119631));
#9453=CARTESIAN_POINT('',(26.335317588701,8.77285115934937,7.53084338833917));
#9454=CARTESIAN_POINT('',(26.6030132122534,8.55937102324603,7.51298624548202));
#9455=CARTESIAN_POINT('',(26.751573075468,8.25088328860903,7.49512910262488));
#9456=CARTESIAN_POINT('',(26.9001329386826,7.94239555397203,7.47727195976774));
#9457=CARTESIAN_POINT('',(26.9001329386826,7.6,7.45941481691059));
#9458=CARTESIAN_POINT('',(26.9001329386826,7.25760444602797,7.44155767405345));
#9459=CARTESIAN_POINT('',(26.751573075468,6.94911671139097,7.42370053119631));
#9460=CARTESIAN_POINT('',(26.6030132122534,6.64062897675397,7.40584338833917));
#9461=CARTESIAN_POINT('',(26.335317588701,6.42714884065063,7.38798624548202));
#9462=CARTESIAN_POINT('',(26.0676219651486,6.2136687045473,7.37012910262488));
#9463=CARTESIAN_POINT('',(25.7338109825743,6.13747852609495,7.35227195976774));
#9464=CARTESIAN_POINT('',(25.4,6.06128834764261,7.33441481691059));
#9465=CARTESIAN_POINT('',(25.0661890174257,6.13747852609495,7.31655767405345));
#9466=CARTESIAN_POINT('',(24.7323780348514,6.2136687045473,7.29870053119631));
#9467=CARTESIAN_POINT('',(24.464682411299,6.42714884065063,7.28084338833917));
#9468=CARTESIAN_POINT('',(24.1969867877466,6.64062897675397,7.26298624548202));
#9469=CARTESIAN_POINT('',(24.048426924532,6.94911671139097,7.24512910262488));
#9470=CARTESIAN_POINT('',(23.8998670613174,7.25760444602797,7.22727195976774));
#9471=CARTESIAN_POINT('',(23.8998670613174,7.6,7.20941481691059));
#9472=CARTESIAN_POINT('',(23.8998670613174,7.94239555397203,7.19155767405345));
#9473=CARTESIAN_POINT('',(24.048426924532,8.25088328860903,7.17370053119631));
#9474=CARTESIAN_POINT('',(24.1969867877466,8.55937102324603,7.15584338833917));
#9475=CARTESIAN_POINT('',(24.464682411299,8.77285115934937,7.13798624548202));
#9476=CARTESIAN_POINT('',(24.7323780348514,8.9863312954527,7.12012910262488));
#9477=CARTESIAN_POINT('',(25.0661890174257,9.06252147390505,7.10227195976774));
#9478=CARTESIAN_POINT('',(25.4,9.13871165235739,7.08441481691059));
#9479=CARTESIAN_POINT('',(25.7338109825743,9.06252147390505,7.06655767405345));
#9480=CARTESIAN_POINT('',(26.0676219651486,8.9863312954527,7.04870053119631));
#9481=CARTESIAN_POINT('',(26.335317588701,8.77285115934937,7.03084338833917));
#9482=CARTESIAN_POINT('',(26.6030132122534,8.55937102324603,7.01298624548202));
#9483=CARTESIAN_POINT('',(26.751573075468,8.25088328860903,6.99512910262488));
#9484=CARTESIAN_POINT('',(26.9001329386826,7.94239555397203,6.97727195976774));
#9485=CARTESIAN_POINT('',(26.9001329386826,7.6,6.95941481691059));
#9486=CARTESIAN_POINT('',(26.9001329386826,7.25760444602797,6.94155767405345));
#9487=CARTESIAN_POINT('',(26.751573075468,6.94911671139097,6.92370053119631));
#9488=CARTESIAN_POINT('',(26.6030132122534,6.64062897675397,6.90584338833917));
#9489=CARTESIAN_POINT('',(26.335317588701,6.42714884065063,6.88798624548202));
#9490=CARTESIAN_POINT('',(26.0676219651486,6.2136687045473,6.87012910262488));
#9491=CARTESIAN_POINT('',(25.7338109825743,6.13747852609495,6.85227195976774));
#9492=CARTESIAN_POINT('',(25.4,6.06128834764261,6.83441481691059));
#9493=CARTESIAN_POINT('',(25.0661890174257,6.13747852609495,6.81655767405345));
#9494=CARTESIAN_POINT('',(24.7323780348514,6.2136687045473,6.79870053119631));
#9495=CARTESIAN_POINT('',(24.464682411299,6.42714884065063,6.78084338833917));
#9496=CARTESIAN_POINT('',(24.1969867877466,6.64062897675397,6.76298624548202));
#9497=CARTESIAN_POINT('',(24.048426924532,6.94911671139097,6.74512910262488));
#9498=CARTESIAN_POINT('',(23.8998670613174,7.25760444602797,6.72727195976774));
#9499=CARTESIAN_POINT('',(23.8998670613174,7.6,6.70941481691059));
#9500=CARTESIAN_POINT('',(23.8998670613174,7.94239555397203,6.69155767405345));
#9501=CARTESIAN_POINT('',(24.048426924532,8.25088328860903,6.67370053119631));
#9502=CARTESIAN_POINT('',(24.1969867877466,8.55937102324603,6.65584338833916));
#9503=CARTESIAN_POINT('',(24.464682411299,8.77285115934937,6.63798624548202));
#9504=CARTESIAN_POINT('',(24.7323780348514,8.9863312954527,6.62012910262488));
#9505=CARTESIAN_POINT('',(25.0661890174257,9.06252147390505,6.60227195976774));
#9506=CARTESIAN_POINT('',(25.4,9.13871165235739,6.58441481691059));
#9507=CARTESIAN_POINT('',(25.7338109825743,9.06252147390505,6.56655767405345));
#9508=CARTESIAN_POINT('',(26.0676219651486,8.9863312954527,6.54870053119631));
#9509=CARTESIAN_POINT('',(26.335317588701,8.77285115934937,6.53084338833917));
#9510=CARTESIAN_POINT('',(26.6030132122534,8.55937102324603,6.51298624548202));
#9511=CARTESIAN_POINT('',(26.751573075468,8.25088328860903,6.49512910262488));
#9512=CARTESIAN_POINT('',(26.9001329386826,7.94239555397203,6.47727195976774));
#9513=CARTESIAN_POINT('',(26.9001329386826,7.6,6.45941481691059));
#9514=CARTESIAN_POINT('',(26.9001329386826,7.25760444602797,6.44155767405345));
#9515=CARTESIAN_POINT('',(26.751573075468,6.94911671139097,6.42370053119631));
#9516=CARTESIAN_POINT('',(26.6030132122534,6.64062897675397,6.40584338833917));
#9517=CARTESIAN_POINT('',(26.335317588701,6.42714884065063,6.38798624548202));
#9518=CARTESIAN_POINT('',(26.0676219651486,6.2136687045473,6.37012910262488));
#9519=CARTESIAN_POINT('',(25.7338109825743,6.13747852609495,6.35227195976774));
#9520=CARTESIAN_POINT('',(25.4,6.06128834764261,6.33441481691059));
#9521=CARTESIAN_POINT('',(25.0661890174257,6.13747852609495,6.31655767405345));
#9522=CARTESIAN_POINT('',(24.7323780348514,6.2136687045473,6.29870053119631));
#9523=CARTESIAN_POINT('',(24.464682411299,6.42714884065063,6.28084338833917));
#9524=CARTESIAN_POINT('',(24.1969867877466,6.64062897675396,6.26298624548202));
#9525=CARTESIAN_POINT('',(24.048426924532,6.94911671139097,6.24512910262488));
#9526=CARTESIAN_POINT('',(23.8998670613174,7.25760444602797,6.22727195976774));
#9527=CARTESIAN_POINT('',(23.8998670613174,7.6,6.20941481691059));
#9528=CARTESIAN_POINT('',(23.8998670613174,7.94239555397203,6.19155767405345));
#9529=CARTESIAN_POINT('',(24.048426924532,8.25088328860903,6.17370053119631));
#9530=CARTESIAN_POINT('',(24.1969867877466,8.55937102324604,6.15584338833917));
#9531=CARTESIAN_POINT('',(24.464682411299,8.77285115934937,6.13798624548202));
#9532=CARTESIAN_POINT('',(24.7323780348514,8.9863312954527,6.12012910262488));
#9533=CARTESIAN_POINT('',(25.0661890174257,9.06252147390505,6.10227195976774));
#9534=CARTESIAN_POINT('',(25.4,9.13871165235739,6.08441481691059));
#9535=CARTESIAN_POINT('',(25.7338109825743,9.06252147390505,6.06655767405345));
#9536=CARTESIAN_POINT('',(26.0676219651486,8.9863312954527,6.04870053119631));
#9537=CARTESIAN_POINT('',(26.335317588701,8.77285115934937,6.03084338833917));
#9538=CARTESIAN_POINT('',(26.6030132122534,8.55937102324603,6.01298624548202));
#9539=CARTESIAN_POINT('',(26.751573075468,8.25088328860903,5.99512910262488));
#9540=CARTESIAN_POINT('',(26.9001329386826,7.94239555397203,5.97727195976774));
#9541=CARTESIAN_POINT('',(26.9001329386826,7.6,5.95941481691059));
#9542=CARTESIAN_POINT('',(26.9001329386826,7.25760444602797,5.94155767405345));
#9543=CARTESIAN_POINT('',(26.751573075468,6.94911671139097,5.92370053119631));
#9544=CARTESIAN_POINT('',(26.6030132122534,6.64062897675397,5.90584338833917));
#9545=CARTESIAN_POINT('',(26.335317588701,6.42714884065063,5.88798624548202));
#9546=CARTESIAN_POINT('',(26.0676219651486,6.2136687045473,5.87012910262488));
#9547=CARTESIAN_POINT('',(25.7338109825743,6.13747852609495,5.85227195976774));
#9548=CARTESIAN_POINT('',(25.4,6.06128834764261,5.83441481691059));
#9549=CARTESIAN_POINT('',(25.0661890174257,6.13747852609495,5.81655767405345));
#9550=CARTESIAN_POINT('',(24.7323780348514,6.2136687045473,5.79870053119631));
#9551=CARTESIAN_POINT('',(24.464682411299,6.42714884065063,5.78084338833917));
#9552=CARTESIAN_POINT('',(24.1969867877466,6.64062897675396,5.76298624548202));
#9553=CARTESIAN_POINT('',(24.048426924532,6.94911671139097,5.74512910262488));
#9554=CARTESIAN_POINT('',(23.8998670613174,7.25760444602797,5.72727195976774));
#9555=CARTESIAN_POINT('',(23.8998670613174,7.6,5.70941481691059));
#9556=CARTESIAN_POINT('',(23.8998670613174,7.94239555397203,5.69155767405345));
#9557=CARTESIAN_POINT('',(24.048426924532,8.25088328860903,5.67370053119631));
#9558=CARTESIAN_POINT('',(24.1969867877466,8.55937102324604,5.65584338833917));
#9559=CARTESIAN_POINT('',(24.464682411299,8.77285115934937,5.63798624548202));
#9560=CARTESIAN_POINT('',(24.7323780348514,8.9863312954527,5.62012910262488));
#9561=CARTESIAN_POINT('',(25.0661890174257,9.06252147390505,5.60227195976774));
#9562=CARTESIAN_POINT('',(25.4,9.13871165235739,5.58441481691059));
#9563=CARTESIAN_POINT('',(25.7338109825743,9.06252147390505,5.56655767405345));
#9564=CARTESIAN_POINT('',(26.0676219651486,8.9863312954527,5.54870053119631));
#9565=CARTESIAN_POINT('',(26.335317588701,8.77285115934937,5.53084338833917));
#9566=CARTESIAN_POINT('',(26.6030132122534,8.55937102324603,5.51298624548202));
#9567=CARTESIAN_POINT('',(26.751573075468,8.25088328860904,5.49512910262488));
#9568=CARTESIAN_POINT('',(26.9001329386826,7.94239555397203,5.47727195976774));
#9569=CARTESIAN_POINT('',(26.9001329386826,7.6,5.45941481691059));
#9570=CARTESIAN_POINT('',(26.9001329386826,7.25760444602797,5.44155767405345));
#9571=CARTESIAN_POINT('',(26.751573075468,6.94911671139097,5.42370053119631));
#9572=CARTESIAN_POINT('',(26.6030132122534,6.64062897675397,5.40584338833917));
#9573=CARTESIAN_POINT('',(26.335317588701,6.42714884065063,5.38798624548202));
#9574=CARTESIAN_POINT('',(26.0676219651486,6.2136687045473,5.37012910262488));
#9575=CARTESIAN_POINT('',(25.7338109825743,6.13747852609495,5.35227195976774));
#9576=CARTESIAN_POINT('',(25.4,6.06128834764261,5.33441481691059));
#9577=CARTESIAN_POINT('',(25.0661890174257,6.13747852609495,5.31655767405345));
#9578=CARTESIAN_POINT('',(24.7323780348514,6.2136687045473,5.29870053119631));
#9579=CARTESIAN_POINT('',(24.464682411299,6.42714884065063,5.28084338833917));
#9580=CARTESIAN_POINT('',(24.1969867877466,6.64062897675396,5.26298624548202));
#9581=CARTESIAN_POINT('',(24.048426924532,6.94911671139096,5.24512910262488));
#9582=CARTESIAN_POINT('',(23.8998670613174,7.25760444602797,5.22727195976774));
#9583=CARTESIAN_POINT('',(23.8998670613174,7.6,5.20941481691059));
#9584=CARTESIAN_POINT('',(23.8998670613174,7.94239555397203,5.19155767405345));
#9585=CARTESIAN_POINT('',(24.048426924532,8.25088328860903,5.17370053119631));
#9586=CARTESIAN_POINT('',(24.1969867877466,8.55937102324603,5.15584338833917));
#9587=CARTESIAN_POINT('',(24.464682411299,8.77285115934937,5.13798624548202));
#9588=CARTESIAN_POINT('',(24.7323780348514,8.9863312954527,5.12012910262488));
#9589=CARTESIAN_POINT('',(25.0661890174257,9.06252147390504,5.10227195976774));
#9590=CARTESIAN_POINT('',(25.4,9.13871165235739,5.08441481691059));
#9591=CARTESIAN_POINT('',(25.7338109825743,9.06252147390505,5.06655767405345));
#9592=CARTESIAN_POINT('',(26.0676219651486,8.9863312954527,5.04870053119631));
#9593=CARTESIAN_POINT('',(26.335317588701,8.77285115934936,5.03084338833917));
#9594=CARTESIAN_POINT('',(26.6030132122534,8.55937102324603,5.01298624548202));
#9595=CARTESIAN_POINT('',(26.751573075468,8.25088328860904,4.99512910262488));
#9596=CARTESIAN_POINT('',(26.9001329386826,7.94239555397203,4.97727195976774));
#9597=CARTESIAN_POINT('',(26.9001329386826,7.60000000000001,4.95941481691059));
#9598=CARTESIAN_POINT('',(26.9001329386826,7.25760444602797,4.94155767405345));
#9599=CARTESIAN_POINT('',(26.751573075468,6.94911671139097,4.92370053119631));
#9600=CARTESIAN_POINT('',(26.6030132122534,6.64062897675397,4.90584338833917));
#9601=CARTESIAN_POINT('',(26.335317588701,6.42714884065063,4.88798624548202));
#9602=CARTESIAN_POINT('',(26.0676219651486,6.2136687045473,4.87012910262488));
#9603=CARTESIAN_POINT('',(25.7338109825743,6.13747852609495,4.85227195976774));
#9604=CARTESIAN_POINT('',(25.4,6.06128834764261,4.83441481691059));
#9605=CARTESIAN_POINT('',(25.0661890174257,6.13747852609495,4.81655767405345));
#9606=CARTESIAN_POINT('',(24.7323780348514,6.2136687045473,4.79870053119631));
#9607=CARTESIAN_POINT('',(24.464682411299,6.42714884065063,4.78084338833917));
#9608=CARTESIAN_POINT('',(24.1969867877466,6.64062897675396,4.76298624548202));
#9609=CARTESIAN_POINT('',(24.048426924532,6.94911671139097,4.74512910262488));
#9610=CARTESIAN_POINT('',(23.8998670613174,7.25760444602797,4.72727195976774));
#9611=CARTESIAN_POINT('',(23.8998670613174,7.6,4.70941481691059));
#9612=CARTESIAN_POINT('',(23.8998670613174,7.94239555397203,4.69155767405345));
#9613=CARTESIAN_POINT('',(24.048426924532,8.25088328860903,4.67370053119631));
#9614=CARTESIAN_POINT('',(24.1969867877466,8.55937102324603,4.65584338833917));
#9615=CARTESIAN_POINT('',(24.464682411299,8.77285115934937,4.63798624548202));
#9616=CARTESIAN_POINT('',(24.7323780348514,8.9863312954527,4.62012910262488));
#9617=CARTESIAN_POINT('',(25.0661890174257,9.06252147390505,4.60227195976774));
#9618=CARTESIAN_POINT('',(25.4,9.13871165235739,4.58441481691059));
#9619=CARTESIAN_POINT('',(25.7338109825743,9.06252147390505,4.56655767405345));
#9620=CARTESIAN_POINT('',(26.0676219651486,8.9863312954527,4.54870053119631));
#9621=CARTESIAN_POINT('',(26.335317588701,8.77285115934937,4.53084338833917));
#9622=CARTESIAN_POINT('',(26.6030132122534,8.55937102324603,4.51298624548202));
#9623=CARTESIAN_POINT('',(26.751573075468,8.25088328860904,4.49512910262488));
#9624=CARTESIAN_POINT('',(26.9001329386826,7.94239555397204,4.47727195976774));
#9625=CARTESIAN_POINT('',(26.9001329386826,7.6,4.45941481691059));
#9626=CARTESIAN_POINT('',(26.9001329386826,7.25760444602797,4.44155767405345));
#9627=CARTESIAN_POINT('',(26.751573075468,6.94911671139097,4.42370053119631));
#9628=CARTESIAN_POINT('',(26.6030132122534,6.64062897675397,4.40584338833917));
#9629=CARTESIAN_POINT('',(26.335317588701,6.42714884065064,4.38798624548202));
#9630=CARTESIAN_POINT('',(26.0676219651486,6.2136687045473,4.37012910262488));
#9631=CARTESIAN_POINT('',(25.7338109825743,6.13747852609495,4.35227195976774));
#9632=CARTESIAN_POINT('',(25.4,6.06128834764261,4.33441481691059));
#9633=CARTESIAN_POINT('',(25.0661890174257,6.13747852609495,4.31655767405345));
#9634=CARTESIAN_POINT('',(24.7323780348514,6.2136687045473,4.29870053119631));
#9635=CARTESIAN_POINT('',(24.464682411299,6.42714884065063,4.28084338833917));
#9636=CARTESIAN_POINT('',(24.1969867877466,6.64062897675396,4.26298624548202));
#9637=CARTESIAN_POINT('',(24.048426924532,6.94911671139096,4.24512910262488));
#9638=CARTESIAN_POINT('',(23.8998670613174,7.25760444602797,4.22727195976774));
#9639=CARTESIAN_POINT('',(23.8998670613174,7.6,4.20941481691059));
#9640=CARTESIAN_POINT('',(23.8998670613174,7.94239555397203,4.19155767405345));
#9641=CARTESIAN_POINT('',(24.048426924532,8.25088328860904,4.17370053119631));
#9642=CARTESIAN_POINT('',(24.1969867877466,8.55937102324603,4.15584338833917));
#9643=CARTESIAN_POINT('',(24.464682411299,8.77285115934936,4.13798624548202));
#9644=CARTESIAN_POINT('',(24.7323780348514,8.9863312954527,4.12012910262488));
#9645=CARTESIAN_POINT('',(25.0661890174257,9.06252147390504,4.10227195976774));
#9646=CARTESIAN_POINT('',(25.4,9.13871165235739,4.08441481691059));
#9647=CARTESIAN_POINT('',(25.7338109825743,9.06252147390505,4.06655767405345));
#9648=CARTESIAN_POINT('',(26.0676219651486,8.9863312954527,4.04870053119631));
#9649=CARTESIAN_POINT('',(26.335317588701,8.77285115934936,4.03084338833917));
#9650=CARTESIAN_POINT('',(26.6030132122534,8.55937102324603,4.01298624548202));
#9651=CARTESIAN_POINT('',(26.751573075468,8.25088328860904,3.99512910262488));
#9652=CARTESIAN_POINT('',(26.9001329386826,7.94239555397204,3.97727195976774));
#9653=CARTESIAN_POINT('',(26.9001329386826,7.60000000000001,3.95941481691059));
#9654=CARTESIAN_POINT('',(26.9001329386826,7.25760444602797,3.94155767405345));
#9655=CARTESIAN_POINT('',(26.751573075468,6.94911671139097,3.92370053119631));
#9656=CARTESIAN_POINT('',(26.6030132122534,6.64062897675397,3.90584338833917));
#9657=CARTESIAN_POINT('',(26.335317588701,6.42714884065063,3.88798624548202));
#9658=CARTESIAN_POINT('',(26.0676219651486,6.2136687045473,3.87012910262488));
#9659=CARTESIAN_POINT('',(25.7338109825743,6.13747852609495,3.85227195976774));
#9660=CARTESIAN_POINT('',(25.4,6.06128834764261,3.83441481691059));
#9661=CARTESIAN_POINT('',(25.0661890174257,6.13747852609495,3.81655767405345));
#9662=CARTESIAN_POINT('',(24.7323780348514,6.2136687045473,3.79870053119631));
#9663=CARTESIAN_POINT('',(24.464682411299,6.42714884065063,3.78084338833917));
#9664=CARTESIAN_POINT('',(24.1969867877466,6.64062897675396,3.76298624548202));
#9665=CARTESIAN_POINT('',(24.048426924532,6.94911671139097,3.74512910262488));
#9666=CARTESIAN_POINT('',(23.8998670613174,7.25760444602797,3.72727195976774));
#9667=CARTESIAN_POINT('',(23.8998670613174,7.6,3.70941481691059));
#9668=CARTESIAN_POINT('',(23.8998670613174,7.94239555397203,3.69155767405345));
#9669=CARTESIAN_POINT('',(24.048426924532,8.25088328860903,3.67370053119631));
#9670=CARTESIAN_POINT('',(24.1969867877466,8.55937102324603,3.65584338833917));
#9671=CARTESIAN_POINT('',(24.464682411299,8.77285115934936,3.63798624548202));
#9672=CARTESIAN_POINT('',(24.7323780348514,8.9863312954527,3.62012910262488));
#9673=CARTESIAN_POINT('',(25.0661890174257,9.06252147390505,3.60227195976774));
#9674=CARTESIAN_POINT('',(25.4,9.13871165235739,3.58441481691059));
#9675=CARTESIAN_POINT('',(25.7338109825743,9.06252147390505,3.56655767405345));
#9676=CARTESIAN_POINT('',(26.0676219651486,8.9863312954527,3.54870053119631));
#9677=CARTESIAN_POINT('',(26.335317588701,8.77285115934937,3.53084338833917));
#9678=CARTESIAN_POINT('',(26.6030132122534,8.55937102324603,3.51298624548202));
#9679=CARTESIAN_POINT('',(26.751573075468,8.25088328860904,3.49512910262488));
#9680=CARTESIAN_POINT('',(26.9001329386826,7.94239555397204,3.47727195976774));
#9681=CARTESIAN_POINT('',(26.9001329386826,7.6,3.45941481691059));
#9682=CARTESIAN_POINT('',(26.9001329386826,7.25760444602797,3.44155767405345));
#9683=CARTESIAN_POINT('',(26.751573075468,6.94911671139097,3.42370053119631));
#9684=CARTESIAN_POINT('',(26.6030132122534,6.64062897675397,3.40584338833917));
#9685=CARTESIAN_POINT('',(26.335317588701,6.42714884065064,3.38798624548202));
#9686=CARTESIAN_POINT('',(26.0676219651486,6.2136687045473,3.37012910262488));
#9687=CARTESIAN_POINT('',(25.7338109825743,6.13747852609495,3.35227195976774));
#9688=CARTESIAN_POINT('',(25.4,6.06128834764261,3.33441481691059));
#9689=CARTESIAN_POINT('',(25.0661890174257,6.13747852609495,3.31655767405345));
#9690=CARTESIAN_POINT('',(24.7323780348514,6.2136687045473,3.29870053119631));
#9691=CARTESIAN_POINT('',(24.464682411299,6.42714884065063,3.28084338833916));
#9692=CARTESIAN_POINT('',(24.1969867877466,6.64062897675396,3.26298624548202));
#9693=CARTESIAN_POINT('',(24.048426924532,6.94911671139096,3.24512910262488));
#9694=CARTESIAN_POINT('',(23.8998670613174,7.25760444602797,3.22727195976774));
#9695=CARTESIAN_POINT('',(23.8998670613174,7.6,3.20941481691059));
#9696=CARTESIAN_POINT('',(23.8998670613174,7.94239555397202,3.19155767405345));
#9697=CARTESIAN_POINT('',(24.048426924532,8.25088328860904,3.17370053119631));
#9698=CARTESIAN_POINT('',(24.1969867877466,8.55937102324603,3.15584338833917));
#9699=CARTESIAN_POINT('',(24.464682411299,8.77285115934936,3.13798624548202));
#9700=CARTESIAN_POINT('',(24.7323780348514,8.9863312954527,3.12012910262488));
#9701=CARTESIAN_POINT('',(25.0661890174257,9.06252147390504,3.10227195976774));
#9702=CARTESIAN_POINT('',(25.4,9.13871165235739,3.08441481691059));
#9703=CARTESIAN_POINT('',(25.7338109825743,9.06252147390505,3.06655767405345));
#9704=CARTESIAN_POINT('',(26.0676219651486,8.9863312954527,3.04870053119631));
#9705=CARTESIAN_POINT('',(26.335317588701,8.77285115934937,3.03084338833917));
#9706=CARTESIAN_POINT('',(26.6030132122534,8.55937102324603,3.01298624548202));
#9707=CARTESIAN_POINT('',(26.751573075468,8.25088328860904,2.99512910262488));
#9708=CARTESIAN_POINT('',(26.9001329386826,7.94239555397204,2.97727195976774));
#9709=CARTESIAN_POINT('',(26.9001329386826,7.60000000000001,2.95941481691059));
#9710=CARTESIAN_POINT('',(26.9001329386826,7.25760444602797,2.94155767405345));
#9711=CARTESIAN_POINT('',(26.751573075468,6.94911671139097,2.92370053119631));
#9712=CARTESIAN_POINT('',(26.6030132122534,6.64062897675397,2.90584338833917));
#9713=CARTESIAN_POINT('',(26.335317588701,6.42714884065063,2.88798624548202));
#9714=CARTESIAN_POINT('',(26.0676219651486,6.2136687045473,2.87012910262488));
#9715=CARTESIAN_POINT('',(25.7338109825743,6.13747852609495,2.85227195976774));
#9716=CARTESIAN_POINT('',(25.4,6.06128834764261,2.83441481691059));
#9717=CARTESIAN_POINT('',(25.0661890174257,6.13747852609495,2.81655767405345));
#9718=CARTESIAN_POINT('',(24.7323780348514,6.2136687045473,2.79870053119631));
#9719=CARTESIAN_POINT('',(24.464682411299,6.42714884065063,2.78084338833917));
#9720=CARTESIAN_POINT('',(24.1969867877466,6.64062897675396,2.76298624548202));
#9721=CARTESIAN_POINT('',(24.048426924532,6.94911671139097,2.74512910262488));
#9722=CARTESIAN_POINT('',(23.8998670613174,7.25760444602797,2.72727195976774));
#9723=CARTESIAN_POINT('',(23.8998670613174,7.6,2.70941481691059));
#9724=CARTESIAN_POINT('',(23.8998670613174,7.6,7.70941481691059));
#9725=CARTESIAN_POINT('',(23.8998670613174,7.94239555397203,7.69155767405345));
#9726=CARTESIAN_POINT('',(24.048426924532,8.25088328860903,7.67370053119631));
#9727=CARTESIAN_POINT('',(24.1969867877466,8.55937102324603,7.65584338833917));
#9728=CARTESIAN_POINT('',(24.464682411299,8.77285115934937,7.63798624548202));
#9729=CARTESIAN_POINT('',(24.7323780348514,8.9863312954527,7.62012910262488));
#9730=CARTESIAN_POINT('',(25.0661890174257,9.06252147390505,7.60227195976774));
#9731=CARTESIAN_POINT('',(25.4,9.13871165235739,7.58441481691059));
#9732=CARTESIAN_POINT('',(25.7338109825743,9.06252147390505,7.56655767405345));
#9733=CARTESIAN_POINT('',(26.0676219651486,8.9863312954527,7.54870053119631));
#9734=CARTESIAN_POINT('',(26.335317588701,8.77285115934937,7.53084338833917));
#9735=CARTESIAN_POINT('',(26.6030132122534,8.55937102324603,7.51298624548202));
#9736=CARTESIAN_POINT('',(26.751573075468,8.25088328860903,7.49512910262488));
#9737=CARTESIAN_POINT('',(26.9001329386826,7.94239555397203,7.47727195976774));
#9738=CARTESIAN_POINT('',(26.9001329386826,7.6,7.45941481691059));
#9739=CARTESIAN_POINT('',(26.9001329386826,7.25760444602797,7.44155767405345));
#9740=CARTESIAN_POINT('',(26.751573075468,6.94911671139097,7.42370053119631));
#9741=CARTESIAN_POINT('',(26.6030132122534,6.64062897675397,7.40584338833917));
#9742=CARTESIAN_POINT('',(26.335317588701,6.42714884065063,7.38798624548202));
#9743=CARTESIAN_POINT('',(26.0676219651486,6.2136687045473,7.37012910262488));
#9744=CARTESIAN_POINT('',(25.7338109825743,6.13747852609495,7.35227195976774));
#9745=CARTESIAN_POINT('',(25.4,6.06128834764261,7.33441481691059));
#9746=CARTESIAN_POINT('',(25.0661890174257,6.13747852609495,7.31655767405345));
#9747=CARTESIAN_POINT('',(24.7323780348514,6.2136687045473,7.29870053119631));
#9748=CARTESIAN_POINT('',(24.464682411299,6.42714884065063,7.28084338833917));
#9749=CARTESIAN_POINT('',(24.1969867877466,6.64062897675397,7.26298624548202));
#9750=CARTESIAN_POINT('',(24.048426924532,6.94911671139097,7.24512910262488));
#9751=CARTESIAN_POINT('',(23.8998670613174,7.25760444602797,7.22727195976774));
#9752=CARTESIAN_POINT('',(23.8998670613174,7.6,7.20941481691059));
#9753=CARTESIAN_POINT('',(23.8998670613174,7.94239555397203,7.19155767405345));
#9754=CARTESIAN_POINT('',(24.048426924532,8.25088328860903,7.17370053119631));
#9755=CARTESIAN_POINT('',(24.1969867877466,8.55937102324603,7.15584338833917));
#9756=CARTESIAN_POINT('',(24.464682411299,8.77285115934937,7.13798624548202));
#9757=CARTESIAN_POINT('',(24.7323780348514,8.9863312954527,7.12012910262488));
#9758=CARTESIAN_POINT('',(25.0661890174257,9.06252147390505,7.10227195976774));
#9759=CARTESIAN_POINT('',(25.4,9.13871165235739,7.08441481691059));
#9760=CARTESIAN_POINT('',(25.7338109825743,9.06252147390505,7.06655767405345));
#9761=CARTESIAN_POINT('',(26.0676219651486,8.9863312954527,7.04870053119631));
#9762=CARTESIAN_POINT('',(26.335317588701,8.77285115934937,7.03084338833917));
#9763=CARTESIAN_POINT('',(26.6030132122534,8.55937102324603,7.01298624548202));
#9764=CARTESIAN_POINT('',(26.751573075468,8.25088328860903,6.99512910262488));
#9765=CARTESIAN_POINT('',(26.9001329386826,7.94239555397203,6.97727195976774));
#9766=CARTESIAN_POINT('',(26.9001329386826,7.6,6.95941481691059));
#9767=CARTESIAN_POINT('',(26.9001329386826,7.25760444602797,6.94155767405345));
#9768=CARTESIAN_POINT('',(26.751573075468,6.94911671139097,6.92370053119631));
#9769=CARTESIAN_POINT('',(26.6030132122534,6.64062897675397,6.90584338833917));
#9770=CARTESIAN_POINT('',(26.335317588701,6.42714884065063,6.88798624548202));
#9771=CARTESIAN_POINT('',(26.0676219651486,6.2136687045473,6.87012910262488));
#9772=CARTESIAN_POINT('',(25.7338109825743,6.13747852609495,6.85227195976774));
#9773=CARTESIAN_POINT('',(25.4,6.06128834764261,6.83441481691059));
#9774=CARTESIAN_POINT('',(25.0661890174257,6.13747852609495,6.81655767405345));
#9775=CARTESIAN_POINT('',(24.7323780348514,6.2136687045473,6.79870053119631));
#9776=CARTESIAN_POINT('',(24.464682411299,6.42714884065063,6.78084338833917));
#9777=CARTESIAN_POINT('',(24.1969867877466,6.64062897675397,6.76298624548202));
#9778=CARTESIAN_POINT('',(24.048426924532,6.94911671139097,6.74512910262488));
#9779=CARTESIAN_POINT('',(23.8998670613174,7.25760444602797,6.72727195976774));
#9780=CARTESIAN_POINT('',(23.8998670613174,7.6,6.70941481691059));
#9781=CARTESIAN_POINT('',(23.8998670613174,7.94239555397203,6.69155767405345));
#9782=CARTESIAN_POINT('',(24.048426924532,8.25088328860903,6.67370053119631));
#9783=CARTESIAN_POINT('',(24.1969867877466,8.55937102324603,6.65584338833916));
#9784=CARTESIAN_POINT('',(24.464682411299,8.77285115934937,6.63798624548202));
#9785=CARTESIAN_POINT('',(24.7323780348514,8.9863312954527,6.62012910262488));
#9786=CARTESIAN_POINT('',(25.0661890174257,9.06252147390505,6.60227195976774));
#9787=CARTESIAN_POINT('',(25.4,9.13871165235739,6.58441481691059));
#9788=CARTESIAN_POINT('',(25.7338109825743,9.06252147390505,6.56655767405345));
#9789=CARTESIAN_POINT('',(26.0676219651486,8.9863312954527,6.54870053119631));
#9790=CARTESIAN_POINT('',(26.335317588701,8.77285115934937,6.53084338833917));
#9791=CARTESIAN_POINT('',(26.6030132122534,8.55937102324603,6.51298624548202));
#9792=CARTESIAN_POINT('',(26.751573075468,8.25088328860903,6.49512910262488));
#9793=CARTESIAN_POINT('',(26.9001329386826,7.94239555397203,6.47727195976774));
#9794=CARTESIAN_POINT('',(26.9001329386826,7.6,6.45941481691059));
#9795=CARTESIAN_POINT('',(26.9001329386826,7.25760444602797,6.44155767405345));
#9796=CARTESIAN_POINT('',(26.751573075468,6.94911671139097,6.42370053119631));
#9797=CARTESIAN_POINT('',(26.6030132122534,6.64062897675397,6.40584338833917));
#9798=CARTESIAN_POINT('',(26.335317588701,6.42714884065063,6.38798624548202));
#9799=CARTESIAN_POINT('',(26.0676219651486,6.2136687045473,6.37012910262488));
#9800=CARTESIAN_POINT('',(25.7338109825743,6.13747852609495,6.35227195976774));
#9801=CARTESIAN_POINT('',(25.4,6.06128834764261,6.33441481691059));
#9802=CARTESIAN_POINT('',(25.0661890174257,6.13747852609495,6.31655767405345));
#9803=CARTESIAN_POINT('',(24.7323780348514,6.2136687045473,6.29870053119631));
#9804=CARTESIAN_POINT('',(24.464682411299,6.42714884065063,6.28084338833917));
#9805=CARTESIAN_POINT('',(24.1969867877466,6.64062897675397,6.26298624548202));
#9806=CARTESIAN_POINT('',(24.048426924532,6.94911671139097,6.24512910262488));
#9807=CARTESIAN_POINT('',(23.8998670613174,7.25760444602797,6.22727195976774));
#9808=CARTESIAN_POINT('',(23.8998670613174,7.6,6.20941481691059));
#9809=CARTESIAN_POINT('',(23.8998670613174,7.94239555397203,6.19155767405345));
#9810=CARTESIAN_POINT('',(24.048426924532,8.25088328860903,6.17370053119631));
#9811=CARTESIAN_POINT('',(24.1969867877466,8.55937102324603,6.15584338833917));
#9812=CARTESIAN_POINT('',(24.464682411299,8.77285115934937,6.13798624548202));
#9813=CARTESIAN_POINT('',(24.7323780348514,8.9863312954527,6.12012910262488));
#9814=CARTESIAN_POINT('',(25.0661890174257,9.06252147390505,6.10227195976774));
#9815=CARTESIAN_POINT('',(25.4,9.13871165235739,6.08441481691059));
#9816=CARTESIAN_POINT('',(25.7338109825743,9.06252147390505,6.06655767405345));
#9817=CARTESIAN_POINT('',(26.0676219651486,8.9863312954527,6.04870053119631));
#9818=CARTESIAN_POINT('',(26.335317588701,8.77285115934937,6.03084338833917));
#9819=CARTESIAN_POINT('',(26.6030132122534,8.55937102324603,6.01298624548202));
#9820=CARTESIAN_POINT('',(26.751573075468,8.25088328860903,5.99512910262488));
#9821=CARTESIAN_POINT('',(26.9001329386826,7.94239555397203,5.97727195976774));
#9822=CARTESIAN_POINT('',(26.9001329386826,7.6,5.95941481691059));
#9823=CARTESIAN_POINT('',(26.9001329386826,7.25760444602797,5.94155767405345));
#9824=CARTESIAN_POINT('',(26.751573075468,6.94911671139097,5.92370053119631));
#9825=CARTESIAN_POINT('',(26.6030132122534,6.64062897675397,5.90584338833917));
#9826=CARTESIAN_POINT('',(26.335317588701,6.42714884065063,5.88798624548202));
#9827=CARTESIAN_POINT('',(26.0676219651486,6.2136687045473,5.87012910262488));
#9828=CARTESIAN_POINT('',(25.7338109825743,6.13747852609495,5.85227195976774));
#9829=CARTESIAN_POINT('',(25.4,6.06128834764261,5.83441481691059));
#9830=CARTESIAN_POINT('',(25.0661890174257,6.13747852609495,5.81655767405345));
#9831=CARTESIAN_POINT('',(24.7323780348514,6.2136687045473,5.79870053119631));
#9832=CARTESIAN_POINT('',(24.464682411299,6.42714884065063,5.78084338833917));
#9833=CARTESIAN_POINT('',(24.1969867877466,6.64062897675397,5.76298624548202));
#9834=CARTESIAN_POINT('',(24.048426924532,6.94911671139097,5.74512910262488));
#9835=CARTESIAN_POINT('',(23.8998670613174,7.25760444602797,5.72727195976774));
#9836=CARTESIAN_POINT('',(23.8998670613174,7.6,5.70941481691059));
#9837=CARTESIAN_POINT('',(23.8998670613174,7.94239555397203,5.69155767405345));
#9838=CARTESIAN_POINT('',(24.048426924532,8.25088328860903,5.67370053119631));
#9839=CARTESIAN_POINT('',(24.1969867877466,8.55937102324603,5.65584338833917));
#9840=CARTESIAN_POINT('',(24.464682411299,8.77285115934937,5.63798624548202));
#9841=CARTESIAN_POINT('',(24.7323780348514,8.9863312954527,5.62012910262488));
#9842=CARTESIAN_POINT('',(25.0661890174257,9.06252147390505,5.60227195976774));
#9843=CARTESIAN_POINT('',(25.4,9.13871165235739,5.58441481691059));
#9844=CARTESIAN_POINT('',(25.7338109825743,9.06252147390505,5.56655767405345));
#9845=CARTESIAN_POINT('',(26.0676219651486,8.9863312954527,5.54870053119631));
#9846=CARTESIAN_POINT('',(26.335317588701,8.77285115934937,5.53084338833917));
#9847=CARTESIAN_POINT('',(26.6030132122534,8.55937102324603,5.51298624548202));
#9848=CARTESIAN_POINT('',(26.751573075468,8.25088328860903,5.49512910262488));
#9849=CARTESIAN_POINT('',(26.9001329386826,7.94239555397203,5.47727195976774));
#9850=CARTESIAN_POINT('',(26.9001329386826,7.6,5.45941481691059));
#9851=CARTESIAN_POINT('',(26.9001329386826,7.25760444602797,5.44155767405345));
#9852=CARTESIAN_POINT('',(26.751573075468,6.94911671139097,5.42370053119631));
#9853=CARTESIAN_POINT('',(26.6030132122534,6.64062897675397,5.40584338833917));
#9854=CARTESIAN_POINT('',(26.335317588701,6.42714884065063,5.38798624548202));
#9855=CARTESIAN_POINT('',(26.0676219651486,6.2136687045473,5.37012910262488));
#9856=CARTESIAN_POINT('',(25.7338109825743,6.13747852609495,5.35227195976774));
#9857=CARTESIAN_POINT('',(25.4,6.06128834764261,5.33441481691059));
#9858=CARTESIAN_POINT('',(25.0661890174257,6.13747852609495,5.31655767405345));
#9859=CARTESIAN_POINT('',(24.7323780348514,6.2136687045473,5.29870053119631));
#9860=CARTESIAN_POINT('',(24.464682411299,6.42714884065063,5.28084338833917));
#9861=CARTESIAN_POINT('',(24.1969867877466,6.64062897675397,5.26298624548202));
#9862=CARTESIAN_POINT('',(24.048426924532,6.94911671139097,5.24512910262488));
#9863=CARTESIAN_POINT('',(23.8998670613174,7.25760444602797,5.22727195976774));
#9864=CARTESIAN_POINT('',(23.8998670613174,7.6,5.20941481691059));
#9865=CARTESIAN_POINT('',(23.8998670613174,7.94239555397203,5.19155767405345));
#9866=CARTESIAN_POINT('',(24.048426924532,8.25088328860903,5.17370053119631));
#9867=CARTESIAN_POINT('',(24.1969867877466,8.55937102324603,5.15584338833917));
#9868=CARTESIAN_POINT('',(24.464682411299,8.77285115934937,5.13798624548202));
#9869=CARTESIAN_POINT('',(24.7323780348514,8.9863312954527,5.12012910262488));
#9870=CARTESIAN_POINT('',(25.0661890174257,9.06252147390505,5.10227195976774));
#9871=CARTESIAN_POINT('',(25.4,9.13871165235739,5.08441481691059));
#9872=CARTESIAN_POINT('',(25.7338109825743,9.06252147390505,5.06655767405345));
#9873=CARTESIAN_POINT('',(26.0676219651486,8.9863312954527,5.04870053119631));
#9874=CARTESIAN_POINT('',(26.335317588701,8.77285115934937,5.03084338833917));
#9875=CARTESIAN_POINT('',(26.6030132122534,8.55937102324603,5.01298624548202));
#9876=CARTESIAN_POINT('',(26.751573075468,8.25088328860903,4.99512910262488));
#9877=CARTESIAN_POINT('',(26.9001329386826,7.94239555397203,4.97727195976774));
#9878=CARTESIAN_POINT('',(26.9001329386826,7.6,4.95941481691059));
#9879=CARTESIAN_POINT('',(26.9001329386826,7.25760444602797,4.94155767405345));
#9880=CARTESIAN_POINT('',(26.751573075468,6.94911671139097,4.92370053119631));
#9881=CARTESIAN_POINT('',(26.6030132122534,6.64062897675397,4.90584338833917));
#9882=CARTESIAN_POINT('',(26.335317588701,6.42714884065063,4.88798624548202));
#9883=CARTESIAN_POINT('',(26.0676219651486,6.2136687045473,4.87012910262488));
#9884=CARTESIAN_POINT('',(25.7338109825743,6.13747852609495,4.85227195976774));
#9885=CARTESIAN_POINT('',(25.4,6.06128834764261,4.83441481691059));
#9886=CARTESIAN_POINT('',(25.0661890174257,6.13747852609495,4.81655767405345));
#9887=CARTESIAN_POINT('',(24.7323780348514,6.2136687045473,4.79870053119631));
#9888=CARTESIAN_POINT('',(24.464682411299,6.42714884065063,4.78084338833917));
#9889=CARTESIAN_POINT('',(24.1969867877466,6.64062897675397,4.76298624548202));
#9890=CARTESIAN_POINT('',(24.048426924532,6.94911671139097,4.74512910262488));
#9891=CARTESIAN_POINT('',(23.8998670613174,7.25760444602797,4.72727195976774));
#9892=CARTESIAN_POINT('',(23.8998670613174,7.6,4.70941481691059));
#9893=CARTESIAN_POINT('',(23.8998670613174,7.94239555397203,4.69155767405345));
#9894=CARTESIAN_POINT('',(24.048426924532,8.25088328860903,4.67370053119631));
#9895=CARTESIAN_POINT('',(24.1969867877466,8.55937102324603,4.65584338833917));
#9896=CARTESIAN_POINT('',(24.464682411299,8.77285115934937,4.63798624548202));
#9897=CARTESIAN_POINT('',(24.7323780348514,8.9863312954527,4.62012910262488));
#9898=CARTESIAN_POINT('',(25.0661890174257,9.06252147390505,4.60227195976774));
#9899=CARTESIAN_POINT('',(25.4,9.13871165235739,4.58441481691059));
#9900=CARTESIAN_POINT('',(25.7338109825743,9.06252147390505,4.56655767405345));
#9901=CARTESIAN_POINT('',(26.0357632127797,8.99360284778311,4.55040480793374));
#9902=CARTESIAN_POINT('',(26.2857315348806,8.81073468680743,4.53411258967235));
#9903=CARTESIAN_POINT('',(24.1705,7.6,7.55316481691059));
#9904=CARTESIAN_POINT('',(24.1705,7.88062535176269,7.53530767405345));
#9905=CARTESIAN_POINT('',(24.292258776914,8.13346005724504,7.51745053119631));
#9906=CARTESIAN_POINT('',(24.414017553828,8.38629476272739,7.49959338833917));
#9907=CARTESIAN_POINT('',(24.6334192886147,8.56126180769444,7.48173624548202));
#9908=CARTESIAN_POINT('',(24.8528210234014,8.7362288526615,7.46387910262488));
#9909=CARTESIAN_POINT('',(25.1264105117007,8.79867386802755,7.44602195976774));
#9910=CARTESIAN_POINT('',(25.4,8.86111888339361,7.42816481691059));
#9911=CARTESIAN_POINT('',(25.6735894882993,8.79867386802755,7.41030767405345));
#9912=CARTESIAN_POINT('',(25.9471789765986,8.7362288526615,7.39245053119631));
#9913=CARTESIAN_POINT('',(26.1665807113853,8.56126180769444,7.37459338833917));
#9914=CARTESIAN_POINT('',(26.3859824461721,8.38629476272739,7.35673624548202));
#9915=CARTESIAN_POINT('',(26.507741223086,8.13346005724504,7.33887910262488));
#9916=CARTESIAN_POINT('',(26.6295,7.88062535176269,7.32102195976774));
#9917=CARTESIAN_POINT('',(26.6295,7.6,7.30316481691059));
#9918=CARTESIAN_POINT('',(26.6295,7.31937464823731,7.28530767405345));
#9919=CARTESIAN_POINT('',(26.507741223086,7.06653994275496,7.26745053119631));
#9920=CARTESIAN_POINT('',(26.3859824461721,6.81370523727261,7.24959338833917));
#9921=CARTESIAN_POINT('',(26.1665807113853,6.63873819230556,7.23173624548202));
#9922=CARTESIAN_POINT('',(25.9471789765986,6.4637711473385,7.21387910262488));
#9923=CARTESIAN_POINT('',(25.6735894882993,6.40132613197245,7.19602195976774));
#9924=CARTESIAN_POINT('',(25.4,6.33888111660639,7.17816481691059));
#9925=CARTESIAN_POINT('',(25.1264105117007,6.40132613197245,7.16030767405345));
#9926=CARTESIAN_POINT('',(24.8528210234014,6.4637711473385,7.14245053119631));
#9927=CARTESIAN_POINT('',(24.6334192886147,6.63873819230556,7.12459338833917));
#9928=CARTESIAN_POINT('',(24.414017553828,6.81370523727261,7.10673624548202));
#9929=CARTESIAN_POINT('',(24.292258776914,7.06653994275496,7.08887910262488));
#9930=CARTESIAN_POINT('',(24.1705,7.31937464823731,7.07102195976774));
#9931=CARTESIAN_POINT('',(24.1705,7.6,7.05316481691059));
#9932=CARTESIAN_POINT('',(24.1705,7.88062535176269,7.03530767405345));
#9933=CARTESIAN_POINT('',(24.292258776914,8.13346005724504,7.01745053119631));
#9934=CARTESIAN_POINT('',(24.414017553828,8.38629476272739,6.99959338833917));
#9935=CARTESIAN_POINT('',(24.6334192886147,8.56126180769444,6.98173624548202));
#9936=CARTESIAN_POINT('',(24.8528210234014,8.7362288526615,6.96387910262488));
#9937=CARTESIAN_POINT('',(25.1264105117007,8.79867386802755,6.94602195976774));
#9938=CARTESIAN_POINT('',(25.4,8.86111888339361,6.92816481691059));
#9939=CARTESIAN_POINT('',(25.6735894882993,8.79867386802755,6.91030767405345));
#9940=CARTESIAN_POINT('',(25.9471789765986,8.7362288526615,6.89245053119631));
#9941=CARTESIAN_POINT('',(26.1665807113853,8.56126180769444,6.87459338833917));
#9942=CARTESIAN_POINT('',(26.3859824461721,8.38629476272739,6.85673624548202));
#9943=CARTESIAN_POINT('',(26.507741223086,8.13346005724504,6.83887910262488));
#9944=CARTESIAN_POINT('',(26.6295,7.88062535176269,6.82102195976774));
#9945=CARTESIAN_POINT('',(26.6295,7.6,6.80316481691059));
#9946=CARTESIAN_POINT('',(26.6295,7.31937464823731,6.78530767405345));
#9947=CARTESIAN_POINT('',(26.507741223086,7.06653994275496,6.76745053119631));
#9948=CARTESIAN_POINT('',(26.3859824461721,6.81370523727261,6.74959338833917));
#9949=CARTESIAN_POINT('',(26.1665807113853,6.63873819230556,6.73173624548202));
#9950=CARTESIAN_POINT('',(25.9471789765986,6.4637711473385,6.71387910262488));
#9951=CARTESIAN_POINT('',(25.6735894882993,6.40132613197245,6.69602195976774));
#9952=CARTESIAN_POINT('',(25.4,6.33888111660639,6.67816481691059));
#9953=CARTESIAN_POINT('',(25.1264105117007,6.40132613197245,6.66030767405345));
#9954=CARTESIAN_POINT('',(24.8528210234014,6.4637711473385,6.64245053119631));
#9955=CARTESIAN_POINT('',(24.6334192886147,6.63873819230556,6.62459338833917));
#9956=CARTESIAN_POINT('',(24.414017553828,6.81370523727261,6.60673624548202));
#9957=CARTESIAN_POINT('',(24.292258776914,7.06653994275496,6.58887910262488));
#9958=CARTESIAN_POINT('',(24.1705,7.31937464823731,6.57102195976774));
#9959=CARTESIAN_POINT('',(24.1705,7.6,6.55316481691059));
#9960=CARTESIAN_POINT('',(24.1705,7.88062535176269,6.53530767405345));
#9961=CARTESIAN_POINT('',(24.292258776914,8.13346005724504,6.51745053119631));
#9962=CARTESIAN_POINT('',(24.414017553828,8.38629476272739,6.49959338833917));
#9963=CARTESIAN_POINT('',(24.6334192886147,8.56126180769444,6.48173624548202));
#9964=CARTESIAN_POINT('',(24.8528210234014,8.7362288526615,6.46387910262488));
#9965=CARTESIAN_POINT('',(25.1264105117007,8.79867386802755,6.44602195976774));
#9966=CARTESIAN_POINT('',(25.4,8.86111888339361,6.42816481691059));
#9967=CARTESIAN_POINT('',(25.6735894882993,8.79867386802755,6.41030767405345));
#9968=CARTESIAN_POINT('',(25.9471789765986,8.7362288526615,6.39245053119631));
#9969=CARTESIAN_POINT('',(26.1665807113853,8.56126180769444,6.37459338833917));
#9970=CARTESIAN_POINT('',(26.3859824461721,8.38629476272739,6.35673624548202));
#9971=CARTESIAN_POINT('',(26.507741223086,8.13346005724504,6.33887910262488));
#9972=CARTESIAN_POINT('',(26.6295,7.88062535176269,6.32102195976774));
#9973=CARTESIAN_POINT('',(26.6295,7.6,6.30316481691059));
#9974=CARTESIAN_POINT('',(26.6295,7.31937464823731,6.28530767405345));
#9975=CARTESIAN_POINT('',(26.507741223086,7.06653994275496,6.26745053119631));
#9976=CARTESIAN_POINT('',(26.3859824461721,6.81370523727261,6.24959338833917));
#9977=CARTESIAN_POINT('',(26.1665807113853,6.63873819230556,6.23173624548202));
#9978=CARTESIAN_POINT('',(25.9471789765986,6.4637711473385,6.21387910262488));
#9979=CARTESIAN_POINT('',(25.6735894882993,6.40132613197245,6.19602195976774));
#9980=CARTESIAN_POINT('',(25.4,6.33888111660639,6.17816481691059));
#9981=CARTESIAN_POINT('',(25.1264105117007,6.40132613197245,6.16030767405345));
#9982=CARTESIAN_POINT('',(24.8528210234014,6.4637711473385,6.14245053119631));
#9983=CARTESIAN_POINT('',(24.6334192886147,6.63873819230556,6.12459338833917));
#9984=CARTESIAN_POINT('',(24.414017553828,6.81370523727261,6.10673624548202));
#9985=CARTESIAN_POINT('',(24.292258776914,7.06653994275496,6.08887910262488));
#9986=CARTESIAN_POINT('',(24.1705,7.31937464823731,6.07102195976774));
#9987=CARTESIAN_POINT('',(24.1705,7.6,6.05316481691059));
#9988=CARTESIAN_POINT('',(24.1705,7.88062535176269,6.03530767405345));
#9989=CARTESIAN_POINT('',(24.292258776914,8.13346005724504,6.01745053119631));
#9990=CARTESIAN_POINT('',(24.414017553828,8.38629476272739,5.99959338833917));
#9991=CARTESIAN_POINT('',(24.6334192886147,8.56126180769444,5.98173624548202));
#9992=CARTESIAN_POINT('',(24.8528210234014,8.7362288526615,5.96387910262488));
#9993=CARTESIAN_POINT('',(25.1264105117007,8.79867386802755,5.94602195976774));
#9994=CARTESIAN_POINT('',(25.4,8.86111888339361,5.92816481691059));
#9995=CARTESIAN_POINT('',(25.6735894882993,8.79867386802755,5.91030767405345));
#9996=CARTESIAN_POINT('',(25.9471789765986,8.7362288526615,5.89245053119631));
#9997=CARTESIAN_POINT('',(26.1665807113853,8.56126180769444,5.87459338833917));
#9998=CARTESIAN_POINT('',(26.3859824461721,8.38629476272739,5.85673624548202));
#9999=CARTESIAN_POINT('',(26.507741223086,8.13346005724504,5.83887910262488));
#10000=CARTESIAN_POINT('',(26.6295,7.88062535176269,5.82102195976774));
#10001=CARTESIAN_POINT('',(26.6295,7.6,5.80316481691059));
#10002=CARTESIAN_POINT('',(26.6295,7.31937464823731,5.78530767405345));
#10003=CARTESIAN_POINT('',(26.507741223086,7.06653994275496,5.76745053119631));
#10004=CARTESIAN_POINT('',(26.3859824461721,6.81370523727261,5.74959338833917));
#10005=CARTESIAN_POINT('',(26.1665807113853,6.63873819230556,5.73173624548202));
#10006=CARTESIAN_POINT('',(25.9471789765986,6.4637711473385,5.71387910262488));
#10007=CARTESIAN_POINT('',(25.6735894882993,6.40132613197245,5.69602195976774));
#10008=CARTESIAN_POINT('',(25.4,6.33888111660639,5.67816481691059));
#10009=CARTESIAN_POINT('',(25.1264105117007,6.40132613197245,5.66030767405345));
#10010=CARTESIAN_POINT('',(24.8528210234014,6.4637711473385,5.64245053119631));
#10011=CARTESIAN_POINT('',(24.6334192886147,6.63873819230556,5.62459338833917));
#10012=CARTESIAN_POINT('',(24.414017553828,6.81370523727261,5.60673624548202));
#10013=CARTESIAN_POINT('',(24.292258776914,7.06653994275496,5.58887910262488));
#10014=CARTESIAN_POINT('',(24.1705,7.31937464823731,5.57102195976774));
#10015=CARTESIAN_POINT('',(24.1705,7.6,5.55316481691059));
#10016=CARTESIAN_POINT('',(24.1705,7.88062535176269,5.53530767405345));
#10017=CARTESIAN_POINT('',(24.292258776914,8.13346005724504,5.51745053119631));
#10018=CARTESIAN_POINT('',(24.414017553828,8.38629476272739,5.49959338833917));
#10019=CARTESIAN_POINT('',(24.6334192886147,8.56126180769444,5.48173624548202));
#10020=CARTESIAN_POINT('',(24.8528210234014,8.7362288526615,5.46387910262488));
#10021=CARTESIAN_POINT('',(25.1264105117007,8.79867386802755,5.44602195976774));
#10022=CARTESIAN_POINT('',(25.4,8.86111888339361,5.42816481691059));
#10023=CARTESIAN_POINT('',(25.6735894882993,8.79867386802755,5.41030767405345));
#10024=CARTESIAN_POINT('',(25.9471789765986,8.7362288526615,5.39245053119631));
#10025=CARTESIAN_POINT('',(26.1665807113853,8.56126180769444,5.37459338833917));
#10026=CARTESIAN_POINT('',(26.3859824461721,8.38629476272739,5.35673624548202));
#10027=CARTESIAN_POINT('',(26.507741223086,8.13346005724504,5.33887910262488));
#10028=CARTESIAN_POINT('',(26.6295,7.88062535176269,5.32102195976774));
#10029=CARTESIAN_POINT('',(26.6295,7.6,5.30316481691059));
#10030=CARTESIAN_POINT('',(26.6295,7.31937464823731,5.28530767405345));
#10031=CARTESIAN_POINT('',(26.507741223086,7.06653994275496,5.26745053119631));
#10032=CARTESIAN_POINT('',(26.3859824461721,6.81370523727261,5.24959338833917));
#10033=CARTESIAN_POINT('',(26.1665807113853,6.63873819230556,5.23173624548202));
#10034=CARTESIAN_POINT('',(25.9471789765986,6.4637711473385,5.21387910262488));
#10035=CARTESIAN_POINT('',(25.6735894882993,6.40132613197245,5.19602195976774));
#10036=CARTESIAN_POINT('',(25.4,6.33888111660639,5.17816481691059));
#10037=CARTESIAN_POINT('',(25.1264105117007,6.40132613197245,5.16030767405345));
#10038=CARTESIAN_POINT('',(24.8528210234014,6.4637711473385,5.14245053119631));
#10039=CARTESIAN_POINT('',(24.6334192886147,6.63873819230556,5.12459338833917));
#10040=CARTESIAN_POINT('',(24.414017553828,6.81370523727261,5.10673624548202));
#10041=CARTESIAN_POINT('',(24.292258776914,7.06653994275496,5.08887910262488));
#10042=CARTESIAN_POINT('',(24.1705,7.31937464823731,5.07102195976774));
#10043=CARTESIAN_POINT('',(24.1705,7.6,5.05316481691059));
#10044=CARTESIAN_POINT('',(24.1705,7.88062535176269,5.03530767405345));
#10045=CARTESIAN_POINT('',(24.292258776914,8.13346005724504,5.01745053119631));
#10046=CARTESIAN_POINT('',(24.414017553828,8.38629476272739,4.99959338833917));
#10047=CARTESIAN_POINT('',(24.6334192886147,8.56126180769444,4.98173624548202));
#10048=CARTESIAN_POINT('',(24.8528210234014,8.7362288526615,4.96387910262488));
#10049=CARTESIAN_POINT('',(25.1264105117007,8.79867386802755,4.94602195976774));
#10050=CARTESIAN_POINT('',(25.4,8.86111888339361,4.92816481691059));
#10051=CARTESIAN_POINT('',(25.6735894882993,8.79867386802755,4.91030767405345));
#10052=CARTESIAN_POINT('',(25.9471789765986,8.7362288526615,4.89245053119631));
#10053=CARTESIAN_POINT('',(26.1665807113853,8.56126180769444,4.87459338833917));
#10054=CARTESIAN_POINT('',(26.3859824461721,8.38629476272739,4.85673624548202));
#10055=CARTESIAN_POINT('',(26.507741223086,8.13346005724504,4.83887910262488));
#10056=CARTESIAN_POINT('',(26.6295,7.88062535176269,4.82102195976774));
#10057=CARTESIAN_POINT('',(26.6295,7.6,4.80316481691059));
#10058=CARTESIAN_POINT('',(26.6295,7.31937464823731,4.78530767405345));
#10059=CARTESIAN_POINT('',(26.507741223086,7.06653994275496,4.76745053119631));
#10060=CARTESIAN_POINT('',(26.3859824461721,6.81370523727261,4.74959338833917));
#10061=CARTESIAN_POINT('',(26.1665807113853,6.63873819230556,4.73173624548202));
#10062=CARTESIAN_POINT('',(25.9471789765986,6.4637711473385,4.71387910262488));
#10063=CARTESIAN_POINT('',(25.6735894882993,6.40132613197245,4.69602195976774));
#10064=CARTESIAN_POINT('',(25.4,6.33888111660639,4.67816481691059));
#10065=CARTESIAN_POINT('',(25.1264105117007,6.40132613197245,4.66030767405345));
#10066=CARTESIAN_POINT('',(24.8528210234014,6.4637711473385,4.64245053119631));
#10067=CARTESIAN_POINT('',(24.6334192886147,6.63873819230556,4.62459338833917));
#10068=CARTESIAN_POINT('',(24.414017553828,6.81370523727261,4.60673624548202));
#10069=CARTESIAN_POINT('',(24.292258776914,7.06653994275496,4.58887910262488));
#10070=CARTESIAN_POINT('',(24.1705,7.31937464823731,4.57102195976774));
#10071=CARTESIAN_POINT('',(24.1705,7.6,4.55316481691059));
#10072=CARTESIAN_POINT('',(24.1705,7.88062535176269,4.53530767405345));
#10073=CARTESIAN_POINT('',(24.292258776914,8.13346005724504,4.51745053119631));
#10074=CARTESIAN_POINT('',(24.414017553828,8.38629476272739,4.49959338833917));
#10075=CARTESIAN_POINT('',(24.6334192886147,8.56126180769444,4.48173624548202));
#10076=CARTESIAN_POINT('',(24.8528210234014,8.7362288526615,4.46387910262488));
#10077=CARTESIAN_POINT('',(25.1264105117007,8.79867386802755,4.44602195976774));
#10078=CARTESIAN_POINT('',(25.4,8.86111888339361,4.42816481691059));
#10079=CARTESIAN_POINT('',(25.6735894882993,8.79867386802755,4.41030767405345));
#10080=CARTESIAN_POINT('',(25.9210677333697,8.7421885735367,4.39415480793374));
#10081=CARTESIAN_POINT('',(26.1259402777277,8.59231092061546,4.37786258967235));
#10082=CARTESIAN_POINT('',(26.3937909664766,-6.87608718415162,7.72823512525059));
#10083=CARTESIAN_POINT('',(26.4593960490213,-6.96615015438856,7.72096940610532));
#10084=CARTESIAN_POINT('',(26.507741223086,-7.06653994275496,7.71387910262488));
#10085=CARTESIAN_POINT('',(26.6295,-7.31937464823731,7.69602195976774));
#10086=CARTESIAN_POINT('',(26.6295,-7.6,7.67816481691059));
#10087=CARTESIAN_POINT('',(26.6295,-7.88062535176269,7.66030767405345));
#10088=CARTESIAN_POINT('',(26.507741223086,-8.13346005724504,7.64245053119631));
#10089=CARTESIAN_POINT('',(26.3859824461721,-8.38629476272739,7.62459338833917));
#10090=CARTESIAN_POINT('',(26.1665807113853,-8.56126180769444,7.60673624548202));
#10091=CARTESIAN_POINT('',(25.9471789765986,-8.7362288526615,7.58887910262488));
#10092=CARTESIAN_POINT('',(25.6735894882993,-8.79867386802755,7.57102195976774));
#10093=CARTESIAN_POINT('',(25.4,-8.86111888339361,7.55316481691059));
#10094=CARTESIAN_POINT('',(25.1264105117007,-8.79867386802755,7.53530767405345));
#10095=CARTESIAN_POINT('',(24.8528210234014,-8.7362288526615,7.51745053119631));
#10096=CARTESIAN_POINT('',(24.6334192886147,-8.56126180769444,7.49959338833917));
#10097=CARTESIAN_POINT('',(24.414017553828,-8.38629476272739,7.48173624548202));
#10098=CARTESIAN_POINT('',(24.292258776914,-8.13346005724504,7.46387910262488));
#10099=CARTESIAN_POINT('',(24.1705,-7.88062535176269,7.44602195976774));
#10100=CARTESIAN_POINT('',(24.1705,-7.6,7.42816481691059));
#10101=CARTESIAN_POINT('',(24.1705,-7.31937464823731,7.41030767405345));
#10102=CARTESIAN_POINT('',(24.292258776914,-7.06653994275496,7.39245053119631));
#10103=CARTESIAN_POINT('',(24.414017553828,-6.81370523727261,7.37459338833917));
#10104=CARTESIAN_POINT('',(24.6334192886147,-6.63873819230556,7.35673624548202));
#10105=CARTESIAN_POINT('',(24.8528210234014,-6.4637711473385,7.33887910262488));
#10106=CARTESIAN_POINT('',(25.1264105117007,-6.40132613197245,7.32102195976774));
#10107=CARTESIAN_POINT('',(25.4,-6.33888111660639,7.30316481691059));
#10108=CARTESIAN_POINT('',(25.6735894882993,-6.40132613197245,7.28530767405345));
#10109=CARTESIAN_POINT('',(25.9471789765986,-6.4637711473385,7.26745053119631));
#10110=CARTESIAN_POINT('',(26.1665807113853,-6.63873819230556,7.24959338833917));
#10111=CARTESIAN_POINT('',(26.3859824461721,-6.81370523727261,7.23173624548202));
#10112=CARTESIAN_POINT('',(26.507741223086,-7.06653994275496,7.21387910262488));
#10113=CARTESIAN_POINT('',(26.6295,-7.31937464823731,7.19602195976774));
#10114=CARTESIAN_POINT('',(26.6295,-7.6,7.17816481691059));
#10115=CARTESIAN_POINT('',(26.6295,-7.88062535176269,7.16030767405345));
#10116=CARTESIAN_POINT('',(26.507741223086,-8.13346005724504,7.14245053119631));
#10117=CARTESIAN_POINT('',(26.3859824461721,-8.38629476272739,7.12459338833917));
#10118=CARTESIAN_POINT('',(26.1665807113853,-8.56126180769444,7.10673624548202));
#10119=CARTESIAN_POINT('',(25.9471789765986,-8.7362288526615,7.08887910262488));
#10120=CARTESIAN_POINT('',(25.6735894882993,-8.79867386802755,7.07102195976774));
#10121=CARTESIAN_POINT('',(25.4,-8.86111888339361,7.05316481691059));
#10122=CARTESIAN_POINT('',(25.1264105117007,-8.79867386802755,7.03530767405345));
#10123=CARTESIAN_POINT('',(24.8528210234014,-8.7362288526615,7.01745053119631));
#10124=CARTESIAN_POINT('',(24.6334192886147,-8.56126180769444,6.99959338833917));
#10125=CARTESIAN_POINT('',(24.414017553828,-8.38629476272739,6.98173624548202));
#10126=CARTESIAN_POINT('',(24.292258776914,-8.13346005724504,6.96387910262488));
#10127=CARTESIAN_POINT('',(24.1705,-7.88062535176269,6.94602195976774));
#10128=CARTESIAN_POINT('',(24.1705,-7.6,6.92816481691059));
#10129=CARTESIAN_POINT('',(24.1705,-7.31937464823731,6.91030767405345));
#10130=CARTESIAN_POINT('',(24.292258776914,-7.06653994275496,6.89245053119631));
#10131=CARTESIAN_POINT('',(24.414017553828,-6.81370523727261,6.87459338833917));
#10132=CARTESIAN_POINT('',(24.6334192886147,-6.63873819230556,6.85673624548202));
#10133=CARTESIAN_POINT('',(24.8528210234014,-6.4637711473385,6.83887910262488));
#10134=CARTESIAN_POINT('',(25.1264105117007,-6.40132613197245,6.82102195976774));
#10135=CARTESIAN_POINT('',(25.4,-6.33888111660639,6.80316481691059));
#10136=CARTESIAN_POINT('',(25.6735894882993,-6.40132613197245,6.78530767405345));
#10137=CARTESIAN_POINT('',(25.9471789765986,-6.4637711473385,6.76745053119631));
#10138=CARTESIAN_POINT('',(26.1665807113853,-6.63873819230556,6.74959338833917));
#10139=CARTESIAN_POINT('',(26.3859824461721,-6.81370523727261,6.73173624548202));
#10140=CARTESIAN_POINT('',(26.507741223086,-7.06653994275496,6.71387910262488));
#10141=CARTESIAN_POINT('',(26.6295,-7.31937464823731,6.69602195976774));
#10142=CARTESIAN_POINT('',(26.6295,-7.6,6.67816481691059));
#10143=CARTESIAN_POINT('',(26.6295,-7.88062535176269,6.66030767405345));
#10144=CARTESIAN_POINT('',(26.507741223086,-8.13346005724504,6.64245053119631));
#10145=CARTESIAN_POINT('',(26.3859824461721,-8.38629476272739,6.62459338833917));
#10146=CARTESIAN_POINT('',(26.1665807113853,-8.56126180769444,6.60673624548202));
#10147=CARTESIAN_POINT('',(25.9471789765986,-8.7362288526615,6.58887910262488));
#10148=CARTESIAN_POINT('',(25.6735894882993,-8.79867386802755,6.57102195976774));
#10149=CARTESIAN_POINT('',(25.4,-8.86111888339361,6.55316481691059));
#10150=CARTESIAN_POINT('',(25.1264105117007,-8.79867386802755,6.53530767405345));
#10151=CARTESIAN_POINT('',(24.8528210234014,-8.7362288526615,6.51745053119631));
#10152=CARTESIAN_POINT('',(24.6334192886147,-8.56126180769444,6.49959338833917));
#10153=CARTESIAN_POINT('',(24.414017553828,-8.38629476272739,6.48173624548202));
#10154=CARTESIAN_POINT('',(24.292258776914,-8.13346005724504,6.46387910262488));
#10155=CARTESIAN_POINT('',(24.1705,-7.88062535176269,6.44602195976774));
#10156=CARTESIAN_POINT('',(24.1705,-7.6,6.42816481691059));
#10157=CARTESIAN_POINT('',(24.1705,-7.31937464823731,6.41030767405345));
#10158=CARTESIAN_POINT('',(24.292258776914,-7.06653994275496,6.39245053119631));
#10159=CARTESIAN_POINT('',(24.414017553828,-6.81370523727261,6.37459338833917));
#10160=CARTESIAN_POINT('',(24.6334192886147,-6.63873819230556,6.35673624548202));
#10161=CARTESIAN_POINT('',(24.8528210234014,-6.4637711473385,6.33887910262488));
#10162=CARTESIAN_POINT('',(25.1264105117007,-6.40132613197245,6.32102195976774));
#10163=CARTESIAN_POINT('',(25.4,-6.33888111660639,6.30316481691059));
#10164=CARTESIAN_POINT('',(25.6735894882993,-6.40132613197245,6.28530767405345));
#10165=CARTESIAN_POINT('',(25.9471789765986,-6.4637711473385,6.26745053119631));
#10166=CARTESIAN_POINT('',(26.1665807113853,-6.63873819230556,6.24959338833917));
#10167=CARTESIAN_POINT('',(26.3859824461721,-6.81370523727261,6.23173624548202));
#10168=CARTESIAN_POINT('',(26.507741223086,-7.06653994275496,6.21387910262488));
#10169=CARTESIAN_POINT('',(26.6295,-7.31937464823731,6.19602195976774));
#10170=CARTESIAN_POINT('',(26.6295,-7.6,6.17816481691059));
#10171=CARTESIAN_POINT('',(26.6295,-7.88062535176269,6.16030767405345));
#10172=CARTESIAN_POINT('',(26.507741223086,-8.13346005724504,6.14245053119631));
#10173=CARTESIAN_POINT('',(26.3859824461721,-8.38629476272739,6.12459338833917));
#10174=CARTESIAN_POINT('',(26.1665807113853,-8.56126180769444,6.10673624548202));
#10175=CARTESIAN_POINT('',(25.9471789765986,-8.7362288526615,6.08887910262488));
#10176=CARTESIAN_POINT('',(25.6735894882993,-8.79867386802755,6.07102195976774));
#10177=CARTESIAN_POINT('',(25.4,-8.86111888339361,6.05316481691059));
#10178=CARTESIAN_POINT('',(25.1264105117007,-8.79867386802755,6.03530767405345));
#10179=CARTESIAN_POINT('',(24.8528210234014,-8.7362288526615,6.01745053119631));
#10180=CARTESIAN_POINT('',(24.6334192886147,-8.56126180769444,5.99959338833917));
#10181=CARTESIAN_POINT('',(24.414017553828,-8.38629476272739,5.98173624548202));
#10182=CARTESIAN_POINT('',(24.292258776914,-8.13346005724504,5.96387910262488));
#10183=CARTESIAN_POINT('',(24.1705,-7.88062535176269,5.94602195976774));
#10184=CARTESIAN_POINT('',(24.1705,-7.6,5.92816481691059));
#10185=CARTESIAN_POINT('',(24.1705,-7.31937464823731,5.91030767405345));
#10186=CARTESIAN_POINT('',(24.292258776914,-7.06653994275496,5.89245053119631));
#10187=CARTESIAN_POINT('',(24.414017553828,-6.81370523727261,5.87459338833917));
#10188=CARTESIAN_POINT('',(24.6334192886147,-6.63873819230556,5.85673624548202));
#10189=CARTESIAN_POINT('',(24.8528210234014,-6.4637711473385,5.83887910262488));
#10190=CARTESIAN_POINT('',(25.1264105117007,-6.40132613197245,5.82102195976774));
#10191=CARTESIAN_POINT('',(25.4,-6.33888111660639,5.80316481691059));
#10192=CARTESIAN_POINT('',(25.6735894882993,-6.40132613197245,5.78530767405345));
#10193=CARTESIAN_POINT('',(25.9471789765986,-6.4637711473385,5.76745053119631));
#10194=CARTESIAN_POINT('',(26.1665807113853,-6.63873819230556,5.74959338833917));
#10195=CARTESIAN_POINT('',(26.3859824461721,-6.81370523727261,5.73173624548202));
#10196=CARTESIAN_POINT('',(26.507741223086,-7.06653994275496,5.71387910262488));
#10197=CARTESIAN_POINT('',(26.6295,-7.31937464823731,5.69602195976774));
#10198=CARTESIAN_POINT('',(26.6295,-7.6,5.67816481691059));
#10199=CARTESIAN_POINT('',(26.6295,-7.88062535176269,5.66030767405345));
#10200=CARTESIAN_POINT('',(26.507741223086,-8.13346005724504,5.64245053119631));
#10201=CARTESIAN_POINT('',(26.3859824461721,-8.38629476272739,5.62459338833917));
#10202=CARTESIAN_POINT('',(26.1665807113853,-8.56126180769444,5.60673624548202));
#10203=CARTESIAN_POINT('',(25.9471789765986,-8.7362288526615,5.58887910262488));
#10204=CARTESIAN_POINT('',(25.6735894882993,-8.79867386802755,5.57102195976774));
#10205=CARTESIAN_POINT('',(25.4,-8.86111888339361,5.55316481691059));
#10206=CARTESIAN_POINT('',(25.1264105117007,-8.79867386802755,5.53530767405345));
#10207=CARTESIAN_POINT('',(24.8528210234014,-8.7362288526615,5.51745053119631));
#10208=CARTESIAN_POINT('',(24.6334192886147,-8.56126180769444,5.49959338833917));
#10209=CARTESIAN_POINT('',(24.414017553828,-8.38629476272739,5.48173624548202));
#10210=CARTESIAN_POINT('',(24.292258776914,-8.13346005724504,5.46387910262488));
#10211=CARTESIAN_POINT('',(24.1705,-7.88062535176269,5.44602195976774));
#10212=CARTESIAN_POINT('',(24.1705,-7.6,5.42816481691059));
#10213=CARTESIAN_POINT('',(24.1705,-7.31937464823731,5.41030767405345));
#10214=CARTESIAN_POINT('',(24.292258776914,-7.06653994275496,5.39245053119631));
#10215=CARTESIAN_POINT('',(24.414017553828,-6.81370523727261,5.37459338833917));
#10216=CARTESIAN_POINT('',(24.6334192886147,-6.63873819230556,5.35673624548202));
#10217=CARTESIAN_POINT('',(24.8528210234014,-6.4637711473385,5.33887910262488));
#10218=CARTESIAN_POINT('',(25.1264105117007,-6.40132613197245,5.32102195976774));
#10219=CARTESIAN_POINT('',(25.4,-6.33888111660639,5.30316481691059));
#10220=CARTESIAN_POINT('',(25.6735894882993,-6.40132613197245,5.28530767405345));
#10221=CARTESIAN_POINT('',(25.9471789765986,-6.4637711473385,5.26745053119631));
#10222=CARTESIAN_POINT('',(26.1665807113853,-6.63873819230556,5.24959338833917));
#10223=CARTESIAN_POINT('',(26.3859824461721,-6.81370523727261,5.23173624548202));
#10224=CARTESIAN_POINT('',(26.507741223086,-7.06653994275496,5.21387910262488));
#10225=CARTESIAN_POINT('',(26.6295,-7.31937464823731,5.19602195976774));
#10226=CARTESIAN_POINT('',(26.6295,-7.6,5.17816481691059));
#10227=CARTESIAN_POINT('',(26.6295,-7.88062535176269,5.16030767405345));
#10228=CARTESIAN_POINT('',(26.507741223086,-8.13346005724504,5.14245053119631));
#10229=CARTESIAN_POINT('',(26.3859824461721,-8.38629476272739,5.12459338833917));
#10230=CARTESIAN_POINT('',(26.1665807113853,-8.56126180769444,5.10673624548202));
#10231=CARTESIAN_POINT('',(25.9471789765986,-8.7362288526615,5.08887910262488));
#10232=CARTESIAN_POINT('',(25.6735894882993,-8.79867386802755,5.07102195976774));
#10233=CARTESIAN_POINT('',(25.4,-8.86111888339361,5.05316481691059));
#10234=CARTESIAN_POINT('',(25.1264105117007,-8.79867386802755,5.03530767405345));
#10235=CARTESIAN_POINT('',(24.8528210234014,-8.7362288526615,5.01745053119631));
#10236=CARTESIAN_POINT('',(24.6334192886147,-8.56126180769444,4.99959338833917));
#10237=CARTESIAN_POINT('',(24.414017553828,-8.38629476272739,4.98173624548202));
#10238=CARTESIAN_POINT('',(24.292258776914,-8.13346005724504,4.96387910262488));
#10239=CARTESIAN_POINT('',(24.1705,-7.88062535176269,4.94602195976774));
#10240=CARTESIAN_POINT('',(24.1705,-7.6,4.92816481691059));
#10241=CARTESIAN_POINT('',(24.1705,-7.31937464823731,4.91030767405345));
#10242=CARTESIAN_POINT('',(24.292258776914,-7.06653994275496,4.89245053119631));
#10243=CARTESIAN_POINT('',(24.414017553828,-6.81370523727261,4.87459338833917));
#10244=CARTESIAN_POINT('',(24.6334192886147,-6.63873819230556,4.85673624548202));
#10245=CARTESIAN_POINT('',(24.8528210234014,-6.4637711473385,4.83887910262488));
#10246=CARTESIAN_POINT('',(25.1264105117007,-6.40132613197245,4.82102195976774));
#10247=CARTESIAN_POINT('',(25.4,-6.33888111660639,4.80316481691059));
#10248=CARTESIAN_POINT('',(25.6735894882993,-6.40132613197245,4.78530767405345));
#10249=CARTESIAN_POINT('',(25.9471789765986,-6.4637711473385,4.76745053119631));
#10250=CARTESIAN_POINT('',(26.1665807113853,-6.63873819230556,4.74959338833917));
#10251=CARTESIAN_POINT('',(26.3859824461721,-6.81370523727261,4.73173624548202));
#10252=CARTESIAN_POINT('',(26.507741223086,-7.06653994275496,4.71387910262488));
#10253=CARTESIAN_POINT('',(26.6295,-7.31937464823731,4.69602195976774));
#10254=CARTESIAN_POINT('',(26.6295,-7.6,4.67816481691059));
#10255=CARTESIAN_POINT('',(26.6295,-7.88062535176269,4.66030767405345));
#10256=CARTESIAN_POINT('',(26.507741223086,-8.13346005724504,4.64245053119631));
#10257=CARTESIAN_POINT('',(26.3859824461721,-8.38629476272739,4.62459338833917));
#10258=CARTESIAN_POINT('',(26.1665807113853,-8.56126180769444,4.60673624548202));
#10259=CARTESIAN_POINT('',(25.9471789765986,-8.7362288526615,4.58887910262488));
#10260=CARTESIAN_POINT('',(25.6735894882993,-8.79867386802755,4.57102195976774));
#10261=CARTESIAN_POINT('',(25.4,-8.86111888339361,4.55316481691059));
#10262=CARTESIAN_POINT('',(25.1264105117007,-8.79867386802755,4.53530767405345));
#10263=CARTESIAN_POINT('',(25.1183391477426,-8.79683163187468,4.53478085739778));
#10264=CARTESIAN_POINT('',(25.1102933242366,-8.79488086938326,4.53425246926221));
#10265=CARTESIAN_POINT('',(26.6125405148246,-6.71674220431993,7.57198512525059));
#10266=CARTESIAN_POINT('',(26.6925863426166,-6.82662949851108,7.56471940610532));
#10267=CARTESIAN_POINT('',(26.751573075468,-6.94911671139097,7.55762910262488));
#10268=CARTESIAN_POINT('',(26.9001329386826,-7.25760444602797,7.53977195976774));
#10269=CARTESIAN_POINT('',(26.9001329386826,-7.6,7.52191481691059));
#10270=CARTESIAN_POINT('',(26.9001329386826,-7.94239555397203,7.50405767405345));
#10271=CARTESIAN_POINT('',(26.751573075468,-8.25088328860903,7.48620053119631));
#10272=CARTESIAN_POINT('',(26.6030132122534,-8.55937102324603,7.46834338833917));
#10273=CARTESIAN_POINT('',(26.335317588701,-8.77285115934937,7.45048624548202));
#10274=CARTESIAN_POINT('',(26.0676219651486,-8.9863312954527,7.43262910262488));
#10275=CARTESIAN_POINT('',(25.7338109825743,-9.06252147390505,7.41477195976774));
#10276=CARTESIAN_POINT('',(25.4,-9.13871165235739,7.39691481691059));
#10277=CARTESIAN_POINT('',(25.0661890174257,-9.06252147390505,7.37905767405345));
#10278=CARTESIAN_POINT('',(24.7323780348514,-8.9863312954527,7.36120053119631));
#10279=CARTESIAN_POINT('',(24.464682411299,-8.77285115934937,7.34334338833917));
#10280=CARTESIAN_POINT('',(24.1969867877466,-8.55937102324603,7.32548624548202));
#10281=CARTESIAN_POINT('',(24.048426924532,-8.25088328860903,7.30762910262488));
#10282=CARTESIAN_POINT('',(23.8998670613174,-7.94239555397203,7.28977195976774));
#10283=CARTESIAN_POINT('',(23.8998670613174,-7.6,7.2719148169106));
#10284=CARTESIAN_POINT('',(23.8998670613174,-7.25760444602797,7.25405767405345));
#10285=CARTESIAN_POINT('',(24.048426924532,-6.94911671139097,7.23620053119631));
#10286=CARTESIAN_POINT('',(24.1969867877466,-6.64062897675397,7.21834338833917));
#10287=CARTESIAN_POINT('',(24.464682411299,-6.42714884065063,7.20048624548202));
#10288=CARTESIAN_POINT('',(24.7323780348514,-6.2136687045473,7.18262910262488));
#10289=CARTESIAN_POINT('',(25.0661890174257,-6.13747852609495,7.16477195976774));
#10290=CARTESIAN_POINT('',(25.4,-6.06128834764261,7.1469148169106));
#10291=CARTESIAN_POINT('',(25.7338109825743,-6.13747852609495,7.12905767405345));
#10292=CARTESIAN_POINT('',(26.0676219651486,-6.2136687045473,7.11120053119631));
#10293=CARTESIAN_POINT('',(26.335317588701,-6.42714884065063,7.09334338833917));
#10294=CARTESIAN_POINT('',(26.6030132122534,-6.64062897675397,7.07548624548202));
#10295=CARTESIAN_POINT('',(26.751573075468,-6.94911671139097,7.05762910262488));
#10296=CARTESIAN_POINT('',(26.9001329386826,-7.25760444602797,7.03977195976774));
#10297=CARTESIAN_POINT('',(26.9001329386826,-7.6,7.02191481691059));
#10298=CARTESIAN_POINT('',(26.9001329386826,-7.94239555397203,7.00405767405345));
#10299=CARTESIAN_POINT('',(26.751573075468,-8.25088328860903,6.98620053119631));
#10300=CARTESIAN_POINT('',(26.6030132122534,-8.55937102324603,6.96834338833917));
#10301=CARTESIAN_POINT('',(26.335317588701,-8.77285115934937,6.95048624548202));
#10302=CARTESIAN_POINT('',(26.0676219651486,-8.9863312954527,6.93262910262488));
#10303=CARTESIAN_POINT('',(25.7338109825743,-9.06252147390505,6.91477195976774));
#10304=CARTESIAN_POINT('',(25.4,-9.13871165235739,6.89691481691059));
#10305=CARTESIAN_POINT('',(25.0661890174257,-9.06252147390505,6.87905767405345));
#10306=CARTESIAN_POINT('',(24.7323780348514,-8.9863312954527,6.86120053119631));
#10307=CARTESIAN_POINT('',(24.464682411299,-8.77285115934937,6.84334338833917));
#10308=CARTESIAN_POINT('',(24.1969867877466,-8.55937102324603,6.82548624548202));
#10309=CARTESIAN_POINT('',(24.048426924532,-8.25088328860903,6.80762910262488));
#10310=CARTESIAN_POINT('',(23.8998670613174,-7.94239555397203,6.78977195976774));
#10311=CARTESIAN_POINT('',(23.8998670613174,-7.6,6.77191481691059));
#10312=CARTESIAN_POINT('',(23.8998670613174,-7.25760444602797,6.75405767405345));
#10313=CARTESIAN_POINT('',(24.048426924532,-6.94911671139097,6.73620053119631));
#10314=CARTESIAN_POINT('',(24.1969867877466,-6.64062897675397,6.71834338833917));
#10315=CARTESIAN_POINT('',(24.464682411299,-6.42714884065063,6.70048624548202));
#10316=CARTESIAN_POINT('',(24.7323780348514,-6.2136687045473,6.68262910262488));
#10317=CARTESIAN_POINT('',(25.0661890174257,-6.13747852609495,6.66477195976774));
#10318=CARTESIAN_POINT('',(25.4,-6.06128834764261,6.64691481691059));
#10319=CARTESIAN_POINT('',(25.7338109825743,-6.13747852609495,6.62905767405345));
#10320=CARTESIAN_POINT('',(26.0676219651486,-6.2136687045473,6.61120053119631));
#10321=CARTESIAN_POINT('',(26.335317588701,-6.42714884065063,6.59334338833917));
#10322=CARTESIAN_POINT('',(26.6030132122534,-6.64062897675397,6.57548624548202));
#10323=CARTESIAN_POINT('',(26.751573075468,-6.94911671139097,6.55762910262488));
#10324=CARTESIAN_POINT('',(26.9001329386826,-7.25760444602797,6.53977195976774));
#10325=CARTESIAN_POINT('',(26.9001329386826,-7.6,6.52191481691059));
#10326=CARTESIAN_POINT('',(26.9001329386826,-7.94239555397203,6.50405767405345));
#10327=CARTESIAN_POINT('',(26.751573075468,-8.25088328860903,6.48620053119631));
#10328=CARTESIAN_POINT('',(26.6030132122534,-8.55937102324603,6.46834338833917));
#10329=CARTESIAN_POINT('',(26.335317588701,-8.77285115934937,6.45048624548202));
#10330=CARTESIAN_POINT('',(26.0676219651486,-8.9863312954527,6.43262910262488));
#10331=CARTESIAN_POINT('',(25.7338109825743,-9.06252147390505,6.41477195976774));
#10332=CARTESIAN_POINT('',(25.4,-9.13871165235739,6.39691481691059));
#10333=CARTESIAN_POINT('',(25.0661890174257,-9.06252147390505,6.37905767405345));
#10334=CARTESIAN_POINT('',(24.7323780348514,-8.9863312954527,6.36120053119631));
#10335=CARTESIAN_POINT('',(24.464682411299,-8.77285115934937,6.34334338833917));
#10336=CARTESIAN_POINT('',(24.1969867877466,-8.55937102324603,6.32548624548202));
#10337=CARTESIAN_POINT('',(24.048426924532,-8.25088328860903,6.30762910262488));
#10338=CARTESIAN_POINT('',(23.8998670613174,-7.94239555397203,6.28977195976774));
#10339=CARTESIAN_POINT('',(23.8998670613174,-7.6,6.27191481691059));
#10340=CARTESIAN_POINT('',(23.8998670613174,-7.25760444602797,6.25405767405345));
#10341=CARTESIAN_POINT('',(24.048426924532,-6.94911671139097,6.23620053119631));
#10342=CARTESIAN_POINT('',(24.1969867877466,-6.64062897675397,6.21834338833917));
#10343=CARTESIAN_POINT('',(24.464682411299,-6.42714884065063,6.20048624548202));
#10344=CARTESIAN_POINT('',(24.7323780348514,-6.2136687045473,6.18262910262488));
#10345=CARTESIAN_POINT('',(25.0661890174257,-6.13747852609495,6.16477195976774));
#10346=CARTESIAN_POINT('',(25.4,-6.06128834764261,6.14691481691059));
#10347=CARTESIAN_POINT('',(25.7338109825743,-6.13747852609495,6.12905767405345));
#10348=CARTESIAN_POINT('',(26.0676219651486,-6.2136687045473,6.11120053119631));
#10349=CARTESIAN_POINT('',(26.335317588701,-6.42714884065063,6.09334338833917));
#10350=CARTESIAN_POINT('',(26.6030132122534,-6.64062897675397,6.07548624548202));
#10351=CARTESIAN_POINT('',(26.751573075468,-6.94911671139097,6.05762910262488));
#10352=CARTESIAN_POINT('',(26.9001329386826,-7.25760444602797,6.03977195976774));
#10353=CARTESIAN_POINT('',(26.9001329386826,-7.6,6.02191481691059));
#10354=CARTESIAN_POINT('',(26.9001329386826,-7.94239555397203,6.00405767405345));
#10355=CARTESIAN_POINT('',(26.751573075468,-8.25088328860903,5.98620053119631));
#10356=CARTESIAN_POINT('',(26.6030132122534,-8.55937102324603,5.96834338833917));
#10357=CARTESIAN_POINT('',(26.335317588701,-8.77285115934937,5.95048624548202));
#10358=CARTESIAN_POINT('',(26.0676219651486,-8.9863312954527,5.93262910262488));
#10359=CARTESIAN_POINT('',(25.7338109825743,-9.06252147390505,5.91477195976774));
#10360=CARTESIAN_POINT('',(25.4,-9.13871165235739,5.89691481691059));
#10361=CARTESIAN_POINT('',(25.0661890174257,-9.06252147390505,5.87905767405345));
#10362=CARTESIAN_POINT('',(24.7323780348514,-8.9863312954527,5.86120053119631));
#10363=CARTESIAN_POINT('',(24.464682411299,-8.77285115934937,5.84334338833917));
#10364=CARTESIAN_POINT('',(24.1969867877466,-8.55937102324603,5.82548624548202));
#10365=CARTESIAN_POINT('',(24.048426924532,-8.25088328860903,5.80762910262488));
#10366=CARTESIAN_POINT('',(23.8998670613174,-7.94239555397203,5.78977195976774));
#10367=CARTESIAN_POINT('',(23.8998670613174,-7.6,5.77191481691059));
#10368=CARTESIAN_POINT('',(23.8998670613174,-7.25760444602797,5.75405767405345));
#10369=CARTESIAN_POINT('',(24.048426924532,-6.94911671139097,5.73620053119631));
#10370=CARTESIAN_POINT('',(24.1969867877466,-6.64062897675397,5.71834338833917));
#10371=CARTESIAN_POINT('',(24.464682411299,-6.42714884065063,5.70048624548202));
#10372=CARTESIAN_POINT('',(24.7323780348514,-6.2136687045473,5.68262910262488));
#10373=CARTESIAN_POINT('',(25.0661890174257,-6.13747852609495,5.66477195976774));
#10374=CARTESIAN_POINT('',(25.4,-6.06128834764261,5.64691481691059));
#10375=CARTESIAN_POINT('',(25.7338109825743,-6.13747852609495,5.62905767405345));
#10376=CARTESIAN_POINT('',(26.0676219651486,-6.2136687045473,5.61120053119631));
#10377=CARTESIAN_POINT('',(26.335317588701,-6.42714884065063,5.59334338833917));
#10378=CARTESIAN_POINT('',(26.6030132122534,-6.64062897675397,5.57548624548202));
#10379=CARTESIAN_POINT('',(26.751573075468,-6.94911671139097,5.55762910262488));
#10380=CARTESIAN_POINT('',(26.9001329386826,-7.25760444602797,5.53977195976774));
#10381=CARTESIAN_POINT('',(26.9001329386826,-7.6,5.52191481691059));
#10382=CARTESIAN_POINT('',(26.9001329386826,-7.94239555397203,5.50405767405345));
#10383=CARTESIAN_POINT('',(26.751573075468,-8.25088328860903,5.48620053119631));
#10384=CARTESIAN_POINT('',(26.6030132122534,-8.55937102324603,5.46834338833917));
#10385=CARTESIAN_POINT('',(26.335317588701,-8.77285115934937,5.45048624548202));
#10386=CARTESIAN_POINT('',(26.0676219651486,-8.9863312954527,5.43262910262488));
#10387=CARTESIAN_POINT('',(25.7338109825743,-9.06252147390505,5.41477195976774));
#10388=CARTESIAN_POINT('',(25.4,-9.13871165235739,5.39691481691059));
#10389=CARTESIAN_POINT('',(25.0661890174257,-9.06252147390505,5.37905767405345));
#10390=CARTESIAN_POINT('',(24.7323780348514,-8.9863312954527,5.36120053119631));
#10391=CARTESIAN_POINT('',(24.464682411299,-8.77285115934937,5.34334338833917));
#10392=CARTESIAN_POINT('',(24.1969867877466,-8.55937102324603,5.32548624548202));
#10393=CARTESIAN_POINT('',(24.048426924532,-8.25088328860903,5.30762910262488));
#10394=CARTESIAN_POINT('',(23.8998670613174,-7.94239555397203,5.28977195976774));
#10395=CARTESIAN_POINT('',(23.8998670613174,-7.6,5.2719148169106));
#10396=CARTESIAN_POINT('',(23.8998670613174,-7.25760444602797,5.25405767405345));
#10397=CARTESIAN_POINT('',(24.048426924532,-6.94911671139097,5.23620053119631));
#10398=CARTESIAN_POINT('',(24.1969867877466,-6.64062897675397,5.21834338833917));
#10399=CARTESIAN_POINT('',(24.464682411299,-6.42714884065063,5.20048624548202));
#10400=CARTESIAN_POINT('',(24.7323780348514,-6.2136687045473,5.18262910262488));
#10401=CARTESIAN_POINT('',(25.0661890174257,-6.13747852609495,5.16477195976774));
#10402=CARTESIAN_POINT('',(25.4,-6.06128834764261,5.1469148169106));
#10403=CARTESIAN_POINT('',(25.7338109825743,-6.13747852609495,5.12905767405345));
#10404=CARTESIAN_POINT('',(26.0676219651486,-6.2136687045473,5.11120053119631));
#10405=CARTESIAN_POINT('',(26.335317588701,-6.42714884065063,5.09334338833917));
#10406=CARTESIAN_POINT('',(26.6030132122534,-6.64062897675397,5.07548624548202));
#10407=CARTESIAN_POINT('',(26.751573075468,-6.94911671139097,5.05762910262488));
#10408=CARTESIAN_POINT('',(26.9001329386826,-7.25760444602797,5.03977195976774));
#10409=CARTESIAN_POINT('',(26.9001329386826,-7.6,5.02191481691059));
#10410=CARTESIAN_POINT('',(26.9001329386826,-7.94239555397203,5.00405767405345));
#10411=CARTESIAN_POINT('',(26.751573075468,-8.25088328860903,4.98620053119631));
#10412=CARTESIAN_POINT('',(26.6030132122534,-8.55937102324603,4.96834338833917));
#10413=CARTESIAN_POINT('',(26.335317588701,-8.77285115934937,4.95048624548202));
#10414=CARTESIAN_POINT('',(26.0676219651486,-8.9863312954527,4.93262910262488));
#10415=CARTESIAN_POINT('',(25.7338109825743,-9.06252147390505,4.91477195976774));
#10416=CARTESIAN_POINT('',(25.4,-9.13871165235739,4.89691481691059));
#10417=CARTESIAN_POINT('',(25.0661890174257,-9.06252147390505,4.87905767405345));
#10418=CARTESIAN_POINT('',(24.7323780348514,-8.9863312954527,4.86120053119631));
#10419=CARTESIAN_POINT('',(24.464682411299,-8.77285115934937,4.84334338833917));
#10420=CARTESIAN_POINT('',(24.1969867877466,-8.55937102324603,4.82548624548202));
#10421=CARTESIAN_POINT('',(24.048426924532,-8.25088328860903,4.80762910262488));
#10422=CARTESIAN_POINT('',(23.8998670613174,-7.94239555397203,4.78977195976774));
#10423=CARTESIAN_POINT('',(23.8998670613174,-7.6,4.77191481691059));
#10424=CARTESIAN_POINT('',(23.8998670613174,-7.25760444602797,4.75405767405345));
#10425=CARTESIAN_POINT('',(24.048426924532,-6.94911671139097,4.73620053119631));
#10426=CARTESIAN_POINT('',(24.1969867877466,-6.64062897675397,4.71834338833917));
#10427=CARTESIAN_POINT('',(24.464682411299,-6.42714884065063,4.70048624548202));
#10428=CARTESIAN_POINT('',(24.7323780348514,-6.2136687045473,4.68262910262488));
#10429=CARTESIAN_POINT('',(25.0661890174257,-6.13747852609495,4.66477195976774));
#10430=CARTESIAN_POINT('',(25.4,-6.06128834764261,4.64691481691059));
#10431=CARTESIAN_POINT('',(25.7338109825743,-6.13747852609495,4.62905767405345));
#10432=CARTESIAN_POINT('',(26.0676219651486,-6.2136687045473,4.61120053119631));
#10433=CARTESIAN_POINT('',(26.335317588701,-6.42714884065063,4.59334338833917));
#10434=CARTESIAN_POINT('',(26.6030132122534,-6.64062897675397,4.57548624548202));
#10435=CARTESIAN_POINT('',(26.751573075468,-6.94911671139097,4.55762910262488));
#10436=CARTESIAN_POINT('',(26.9001329386826,-7.25760444602797,4.53977195976774));
#10437=CARTESIAN_POINT('',(26.9001329386826,-7.6,4.52191481691059));
#10438=CARTESIAN_POINT('',(26.9001329386826,-7.94239555397203,4.50405767405345));
#10439=CARTESIAN_POINT('',(26.751573075468,-8.25088328860903,4.48620053119631));
#10440=CARTESIAN_POINT('',(26.6030132122534,-8.55937102324603,4.46834338833917));
#10441=CARTESIAN_POINT('',(26.335317588701,-8.77285115934937,4.45048624548202));
#10442=CARTESIAN_POINT('',(26.0676219651486,-8.9863312954527,4.43262910262488));
#10443=CARTESIAN_POINT('',(25.7338109825743,-9.06252147390505,4.41477195976774));
#10444=CARTESIAN_POINT('',(25.4,-9.13871165235739,4.39691481691059));
#10445=CARTESIAN_POINT('',(25.0661890174257,-9.06252147390505,4.37905767405345));
#10446=CARTESIAN_POINT('',(25.0563410150396,-9.06027373162464,4.37853085739778));
#10447=CARTESIAN_POINT('',(25.0465241749744,-9.05789357459421,4.37800246926221));
#10448=CARTESIAN_POINT('',(23.8998670613174,-7.6,7.77191481691059));
#10449=CARTESIAN_POINT('',(23.8998670613174,-7.25760444602797,7.75405767405345));
#10450=CARTESIAN_POINT('',(24.048426924532,-6.94911671139097,7.73620053119631));
#10451=CARTESIAN_POINT('',(24.1969867877466,-6.64062897675397,7.71834338833917));
#10452=CARTESIAN_POINT('',(24.464682411299,-6.42714884065063,7.70048624548202));
#10453=CARTESIAN_POINT('',(24.7323780348514,-6.2136687045473,7.68262910262488));
#10454=CARTESIAN_POINT('',(25.0661890174257,-6.13747852609495,7.66477195976774));
#10455=CARTESIAN_POINT('',(25.4,-6.06128834764261,7.64691481691059));
#10456=CARTESIAN_POINT('',(25.7338109825743,-6.13747852609495,7.62905767405345));
#10457=CARTESIAN_POINT('',(26.0676219651486,-6.2136687045473,7.61120053119631));
#10458=CARTESIAN_POINT('',(26.335317588701,-6.42714884065063,7.59334338833917));
#10459=CARTESIAN_POINT('',(26.6030132122534,-6.64062897675397,7.57548624548202));
#10460=CARTESIAN_POINT('',(26.751573075468,-6.94911671139097,7.55762910262488));
#10461=CARTESIAN_POINT('',(26.9001329386826,-7.25760444602797,7.53977195976774));
#10462=CARTESIAN_POINT('',(26.9001329386826,-7.6,7.52191481691059));
#10463=CARTESIAN_POINT('',(26.9001329386826,-7.94239555397203,7.50405767405345));
#10464=CARTESIAN_POINT('',(26.751573075468,-8.25088328860903,7.48620053119631));
#10465=CARTESIAN_POINT('',(26.6030132122534,-8.55937102324603,7.46834338833917));
#10466=CARTESIAN_POINT('',(26.335317588701,-8.77285115934937,7.45048624548202));
#10467=CARTESIAN_POINT('',(26.0676219651486,-8.9863312954527,7.43262910262488));
#10468=CARTESIAN_POINT('',(25.7338109825743,-9.06252147390505,7.41477195976774));
#10469=CARTESIAN_POINT('',(25.4,-9.13871165235739,7.39691481691059));
#10470=CARTESIAN_POINT('',(25.0661890174257,-9.06252147390505,7.37905767405345));
#10471=CARTESIAN_POINT('',(24.7323780348514,-8.9863312954527,7.36120053119631));
#10472=CARTESIAN_POINT('',(24.464682411299,-8.77285115934937,7.34334338833917));
#10473=CARTESIAN_POINT('',(24.1969867877466,-8.55937102324603,7.32548624548202));
#10474=CARTESIAN_POINT('',(24.048426924532,-8.25088328860903,7.30762910262488));
#10475=CARTESIAN_POINT('',(23.8998670613174,-7.94239555397203,7.28977195976774));
#10476=CARTESIAN_POINT('',(23.8998670613174,-7.6,7.27191481691059));
#10477=CARTESIAN_POINT('',(23.8998670613174,-7.25760444602797,7.25405767405345));
#10478=CARTESIAN_POINT('',(24.048426924532,-6.94911671139097,7.23620053119631));
#10479=CARTESIAN_POINT('',(24.1969867877466,-6.64062897675397,7.21834338833917));
#10480=CARTESIAN_POINT('',(24.464682411299,-6.42714884065063,7.20048624548202));
#10481=CARTESIAN_POINT('',(24.7323780348514,-6.2136687045473,7.18262910262488));
#10482=CARTESIAN_POINT('',(25.0661890174257,-6.13747852609495,7.16477195976774));
#10483=CARTESIAN_POINT('',(25.4,-6.06128834764261,7.14691481691059));
#10484=CARTESIAN_POINT('',(25.7338109825743,-6.13747852609495,7.12905767405345));
#10485=CARTESIAN_POINT('',(26.0676219651486,-6.2136687045473,7.11120053119631));
#10486=CARTESIAN_POINT('',(26.335317588701,-6.42714884065063,7.09334338833917));
#10487=CARTESIAN_POINT('',(26.6030132122534,-6.64062897675397,7.07548624548202));
#10488=CARTESIAN_POINT('',(26.751573075468,-6.94911671139097,7.05762910262488));
#10489=CARTESIAN_POINT('',(26.9001329386826,-7.25760444602797,7.03977195976774));
#10490=CARTESIAN_POINT('',(26.9001329386826,-7.6,7.02191481691059));
#10491=CARTESIAN_POINT('',(26.9001329386826,-7.94239555397203,7.00405767405345));
#10492=CARTESIAN_POINT('',(26.751573075468,-8.25088328860903,6.98620053119631));
#10493=CARTESIAN_POINT('',(26.6030132122534,-8.55937102324603,6.96834338833917));
#10494=CARTESIAN_POINT('',(26.335317588701,-8.77285115934937,6.95048624548202));
#10495=CARTESIAN_POINT('',(26.0676219651486,-8.9863312954527,6.93262910262488));
#10496=CARTESIAN_POINT('',(25.7338109825743,-9.06252147390505,6.91477195976774));
#10497=CARTESIAN_POINT('',(25.4,-9.13871165235739,6.89691481691059));
#10498=CARTESIAN_POINT('',(25.0661890174257,-9.06252147390505,6.87905767405345));
#10499=CARTESIAN_POINT('',(24.7323780348514,-8.9863312954527,6.86120053119631));
#10500=CARTESIAN_POINT('',(24.464682411299,-8.77285115934937,6.84334338833917));
#10501=CARTESIAN_POINT('',(24.1969867877466,-8.55937102324603,6.82548624548202));
#10502=CARTESIAN_POINT('',(24.048426924532,-8.25088328860903,6.80762910262488));
#10503=CARTESIAN_POINT('',(23.8998670613174,-7.94239555397203,6.78977195976774));
#10504=CARTESIAN_POINT('',(23.8998670613174,-7.6,6.77191481691059));
#10505=CARTESIAN_POINT('',(23.8998670613174,-7.25760444602797,6.75405767405345));
#10506=CARTESIAN_POINT('',(24.048426924532,-6.94911671139097,6.73620053119631));
#10507=CARTESIAN_POINT('',(24.1969867877466,-6.64062897675397,6.71834338833917));
#10508=CARTESIAN_POINT('',(24.464682411299,-6.42714884065063,6.70048624548202));
#10509=CARTESIAN_POINT('',(24.7323780348514,-6.2136687045473,6.68262910262488));
#10510=CARTESIAN_POINT('',(25.0661890174257,-6.13747852609495,6.66477195976774));
#10511=CARTESIAN_POINT('',(25.4,-6.06128834764261,6.64691481691059));
#10512=CARTESIAN_POINT('',(25.7338109825743,-6.13747852609495,6.62905767405345));
#10513=CARTESIAN_POINT('',(26.0676219651486,-6.2136687045473,6.61120053119631));
#10514=CARTESIAN_POINT('',(26.335317588701,-6.42714884065063,6.59334338833917));
#10515=CARTESIAN_POINT('',(26.6030132122534,-6.64062897675396,6.57548624548202));
#10516=CARTESIAN_POINT('',(26.751573075468,-6.94911671139097,6.55762910262488));
#10517=CARTESIAN_POINT('',(26.9001329386826,-7.25760444602797,6.53977195976774));
#10518=CARTESIAN_POINT('',(26.9001329386826,-7.6,6.52191481691059));
#10519=CARTESIAN_POINT('',(26.9001329386826,-7.94239555397203,6.50405767405345));
#10520=CARTESIAN_POINT('',(26.751573075468,-8.25088328860903,6.48620053119631));
#10521=CARTESIAN_POINT('',(26.6030132122534,-8.55937102324603,6.46834338833917));
#10522=CARTESIAN_POINT('',(26.335317588701,-8.77285115934937,6.45048624548202));
#10523=CARTESIAN_POINT('',(26.0676219651486,-8.9863312954527,6.43262910262488));
#10524=CARTESIAN_POINT('',(25.7338109825743,-9.06252147390505,6.41477195976774));
#10525=CARTESIAN_POINT('',(25.4,-9.13871165235739,6.39691481691059));
#10526=CARTESIAN_POINT('',(25.0661890174257,-9.06252147390505,6.37905767405345));
#10527=CARTESIAN_POINT('',(24.7323780348514,-8.9863312954527,6.36120053119631));
#10528=CARTESIAN_POINT('',(24.464682411299,-8.77285115934937,6.34334338833917));
#10529=CARTESIAN_POINT('',(24.1969867877466,-8.55937102324604,6.32548624548202));
#10530=CARTESIAN_POINT('',(24.048426924532,-8.25088328860903,6.30762910262488));
#10531=CARTESIAN_POINT('',(23.8998670613174,-7.94239555397203,6.28977195976774));
#10532=CARTESIAN_POINT('',(23.8998670613174,-7.6,6.27191481691059));
#10533=CARTESIAN_POINT('',(23.8998670613174,-7.25760444602797,6.25405767405345));
#10534=CARTESIAN_POINT('',(24.048426924532,-6.94911671139097,6.23620053119631));
#10535=CARTESIAN_POINT('',(24.1969867877466,-6.64062897675396,6.21834338833917));
#10536=CARTESIAN_POINT('',(24.464682411299,-6.42714884065063,6.20048624548202));
#10537=CARTESIAN_POINT('',(24.7323780348514,-6.2136687045473,6.18262910262488));
#10538=CARTESIAN_POINT('',(25.0661890174257,-6.13747852609495,6.16477195976774));
#10539=CARTESIAN_POINT('',(25.4,-6.06128834764261,6.14691481691059));
#10540=CARTESIAN_POINT('',(25.7338109825743,-6.13747852609495,6.12905767405345));
#10541=CARTESIAN_POINT('',(26.0676219651486,-6.2136687045473,6.11120053119631));
#10542=CARTESIAN_POINT('',(26.335317588701,-6.42714884065063,6.09334338833917));
#10543=CARTESIAN_POINT('',(26.6030132122534,-6.64062897675397,6.07548624548202));
#10544=CARTESIAN_POINT('',(26.751573075468,-6.94911671139097,6.05762910262488));
#10545=CARTESIAN_POINT('',(26.9001329386826,-7.25760444602797,6.03977195976774));
#10546=CARTESIAN_POINT('',(26.9001329386826,-7.6,6.02191481691059));
#10547=CARTESIAN_POINT('',(26.9001329386826,-7.94239555397203,6.00405767405345));
#10548=CARTESIAN_POINT('',(26.751573075468,-8.25088328860903,5.98620053119631));
#10549=CARTESIAN_POINT('',(26.6030132122534,-8.55937102324603,5.96834338833917));
#10550=CARTESIAN_POINT('',(26.335317588701,-8.77285115934937,5.95048624548202));
#10551=CARTESIAN_POINT('',(26.0676219651486,-8.9863312954527,5.93262910262488));
#10552=CARTESIAN_POINT('',(25.7338109825743,-9.06252147390505,5.91477195976774));
#10553=CARTESIAN_POINT('',(25.4,-9.13871165235739,5.89691481691059));
#10554=CARTESIAN_POINT('',(25.0661890174257,-9.06252147390505,5.87905767405345));
#10555=CARTESIAN_POINT('',(24.7323780348514,-8.9863312954527,5.86120053119631));
#10556=CARTESIAN_POINT('',(24.464682411299,-8.77285115934937,5.84334338833917));
#10557=CARTESIAN_POINT('',(24.1969867877466,-8.55937102324604,5.82548624548202));
#10558=CARTESIAN_POINT('',(24.048426924532,-8.25088328860904,5.80762910262488));
#10559=CARTESIAN_POINT('',(23.8998670613174,-7.94239555397203,5.78977195976774));
#10560=CARTESIAN_POINT('',(23.8998670613174,-7.6,5.77191481691059));
#10561=CARTESIAN_POINT('',(23.8998670613174,-7.25760444602797,5.75405767405345));
#10562=CARTESIAN_POINT('',(24.048426924532,-6.94911671139097,5.73620053119631));
#10563=CARTESIAN_POINT('',(24.1969867877466,-6.64062897675396,5.71834338833917));
#10564=CARTESIAN_POINT('',(24.464682411299,-6.42714884065063,5.70048624548202));
#10565=CARTESIAN_POINT('',(24.7323780348514,-6.2136687045473,5.68262910262488));
#10566=CARTESIAN_POINT('',(25.0661890174257,-6.13747852609495,5.66477195976774));
#10567=CARTESIAN_POINT('',(25.4,-6.06128834764261,5.64691481691059));
#10568=CARTESIAN_POINT('',(25.7338109825743,-6.13747852609495,5.62905767405345));
#10569=CARTESIAN_POINT('',(26.0676219651486,-6.2136687045473,5.61120053119631));
#10570=CARTESIAN_POINT('',(26.335317588701,-6.42714884065063,5.59334338833917));
#10571=CARTESIAN_POINT('',(26.6030132122534,-6.64062897675397,5.57548624548202));
#10572=CARTESIAN_POINT('',(26.751573075468,-6.94911671139096,5.55762910262488));
#10573=CARTESIAN_POINT('',(26.9001329386826,-7.25760444602797,5.53977195976774));
#10574=CARTESIAN_POINT('',(26.9001329386826,-7.6,5.52191481691059));
#10575=CARTESIAN_POINT('',(26.9001329386826,-7.94239555397203,5.50405767405345));
#10576=CARTESIAN_POINT('',(26.751573075468,-8.25088328860903,5.48620053119631));
#10577=CARTESIAN_POINT('',(26.6030132122534,-8.55937102324603,5.46834338833917));
#10578=CARTESIAN_POINT('',(26.335317588701,-8.77285115934937,5.45048624548202));
#10579=CARTESIAN_POINT('',(26.0676219651486,-8.9863312954527,5.43262910262488));
#10580=CARTESIAN_POINT('',(25.7338109825743,-9.06252147390505,5.41477195976774));
#10581=CARTESIAN_POINT('',(25.4,-9.13871165235739,5.39691481691059));
#10582=CARTESIAN_POINT('',(25.0661890174257,-9.06252147390505,5.37905767405345));
#10583=CARTESIAN_POINT('',(24.7323780348514,-8.9863312954527,5.36120053119631));
#10584=CARTESIAN_POINT('',(24.464682411299,-8.77285115934937,5.34334338833917));
#10585=CARTESIAN_POINT('',(24.1969867877466,-8.55937102324604,5.32548624548202));
#10586=CARTESIAN_POINT('',(24.048426924532,-8.25088328860904,5.30762910262488));
#10587=CARTESIAN_POINT('',(23.8998670613174,-7.94239555397203,5.28977195976774));
#10588=CARTESIAN_POINT('',(23.8998670613174,-7.6,5.27191481691059));
#10589=CARTESIAN_POINT('',(23.8998670613174,-7.25760444602797,5.25405767405345));
#10590=CARTESIAN_POINT('',(24.048426924532,-6.94911671139097,5.23620053119631));
#10591=CARTESIAN_POINT('',(24.1969867877466,-6.64062897675397,5.21834338833917));
#10592=CARTESIAN_POINT('',(24.464682411299,-6.42714884065063,5.20048624548202));
#10593=CARTESIAN_POINT('',(24.7323780348514,-6.2136687045473,5.18262910262488));
#10594=CARTESIAN_POINT('',(25.0661890174257,-6.13747852609496,5.16477195976774));
#10595=CARTESIAN_POINT('',(25.4,-6.06128834764261,5.14691481691059));
#10596=CARTESIAN_POINT('',(25.7338109825743,-6.13747852609495,5.12905767405345));
#10597=CARTESIAN_POINT('',(26.0676219651486,-6.2136687045473,5.11120053119631));
#10598=CARTESIAN_POINT('',(26.335317588701,-6.42714884065064,5.09334338833917));
#10599=CARTESIAN_POINT('',(26.6030132122534,-6.64062897675397,5.07548624548202));
#10600=CARTESIAN_POINT('',(26.751573075468,-6.94911671139096,5.05762910262488));
#10601=CARTESIAN_POINT('',(26.9001329386826,-7.25760444602796,5.03977195976774));
#10602=CARTESIAN_POINT('',(26.9001329386826,-7.59999999999999,5.02191481691059));
#10603=CARTESIAN_POINT('',(26.9001329386826,-7.94239555397203,5.00405767405345));
#10604=CARTESIAN_POINT('',(26.751573075468,-8.25088328860903,4.98620053119631));
#10605=CARTESIAN_POINT('',(26.6030132122534,-8.55937102324603,4.96834338833917));
#10606=CARTESIAN_POINT('',(26.335317588701,-8.77285115934937,4.95048624548202));
#10607=CARTESIAN_POINT('',(26.0676219651486,-8.9863312954527,4.93262910262488));
#10608=CARTESIAN_POINT('',(25.7338109825743,-9.06252147390505,4.91477195976774));
#10609=CARTESIAN_POINT('',(25.4,-9.13871165235739,4.89691481691059));
#10610=CARTESIAN_POINT('',(25.0661890174257,-9.06252147390505,4.87905767405345));
#10611=CARTESIAN_POINT('',(24.7323780348514,-8.9863312954527,4.86120053119631));
#10612=CARTESIAN_POINT('',(24.464682411299,-8.77285115934937,4.84334338833917));
#10613=CARTESIAN_POINT('',(24.1969867877466,-8.55937102324604,4.82548624548202));
#10614=CARTESIAN_POINT('',(24.048426924532,-8.25088328860903,4.80762910262488));
#10615=CARTESIAN_POINT('',(23.8998670613174,-7.94239555397203,4.78977195976774));
#10616=CARTESIAN_POINT('',(23.8998670613174,-7.6,4.77191481691059));
#10617=CARTESIAN_POINT('',(23.8998670613174,-7.25760444602797,4.75405767405345));
#10618=CARTESIAN_POINT('',(24.048426924532,-6.94911671139097,4.73620053119631));
#10619=CARTESIAN_POINT('',(24.1969867877466,-6.64062897675397,4.71834338833917));
#10620=CARTESIAN_POINT('',(24.464682411299,-6.42714884065063,4.70048624548202));
#10621=CARTESIAN_POINT('',(24.7323780348514,-6.2136687045473,4.68262910262488));
#10622=CARTESIAN_POINT('',(25.0661890174257,-6.13747852609495,4.66477195976774));
#10623=CARTESIAN_POINT('',(25.4,-6.06128834764261,4.64691481691059));
#10624=CARTESIAN_POINT('',(25.7338109825743,-6.13747852609495,4.62905767405345));
#10625=CARTESIAN_POINT('',(26.0676219651486,-6.2136687045473,4.61120053119631));
#10626=CARTESIAN_POINT('',(26.335317588701,-6.42714884065063,4.59334338833917));
#10627=CARTESIAN_POINT('',(26.6030132122534,-6.64062897675397,4.57548624548202));
#10628=CARTESIAN_POINT('',(26.751573075468,-6.94911671139096,4.55762910262488));
#10629=CARTESIAN_POINT('',(26.9001329386826,-7.25760444602796,4.53977195976774));
#10630=CARTESIAN_POINT('',(26.9001329386826,-7.6,4.52191481691059));
#10631=CARTESIAN_POINT('',(26.9001329386826,-7.94239555397203,4.50405767405345));
#10632=CARTESIAN_POINT('',(26.751573075468,-8.25088328860903,4.48620053119631));
#10633=CARTESIAN_POINT('',(26.6030132122534,-8.55937102324603,4.46834338833917));
#10634=CARTESIAN_POINT('',(26.335317588701,-8.77285115934936,4.45048624548202));
#10635=CARTESIAN_POINT('',(26.0676219651486,-8.9863312954527,4.43262910262488));
#10636=CARTESIAN_POINT('',(25.7338109825743,-9.06252147390505,4.41477195976774));
#10637=CARTESIAN_POINT('',(25.4,-9.13871165235739,4.39691481691059));
#10638=CARTESIAN_POINT('',(25.0661890174257,-9.06252147390505,4.37905767405345));
#10639=CARTESIAN_POINT('',(24.7323780348514,-8.9863312954527,4.36120053119631));
#10640=CARTESIAN_POINT('',(24.464682411299,-8.77285115934937,4.34334338833917));
#10641=CARTESIAN_POINT('',(24.1969867877466,-8.55937102324604,4.32548624548202));
#10642=CARTESIAN_POINT('',(24.048426924532,-8.25088328860904,4.30762910262488));
#10643=CARTESIAN_POINT('',(23.8998670613174,-7.94239555397203,4.28977195976774));
#10644=CARTESIAN_POINT('',(23.8998670613174,-7.6,4.27191481691059));
#10645=CARTESIAN_POINT('',(23.8998670613174,-7.25760444602797,4.25405767405345));
#10646=CARTESIAN_POINT('',(24.048426924532,-6.94911671139096,4.23620053119631));
#10647=CARTESIAN_POINT('',(24.1969867877466,-6.64062897675397,4.21834338833917));
#10648=CARTESIAN_POINT('',(24.464682411299,-6.42714884065063,4.20048624548202));
#10649=CARTESIAN_POINT('',(24.7323780348514,-6.2136687045473,4.18262910262488));
#10650=CARTESIAN_POINT('',(25.0661890174257,-6.13747852609496,4.16477195976774));
#10651=CARTESIAN_POINT('',(25.4,-6.06128834764261,4.14691481691059));
#10652=CARTESIAN_POINT('',(25.7338109825743,-6.13747852609495,4.12905767405345));
#10653=CARTESIAN_POINT('',(26.0676219651486,-6.2136687045473,4.11120053119631));
#10654=CARTESIAN_POINT('',(26.335317588701,-6.42714884065063,4.09334338833917));
#10655=CARTESIAN_POINT('',(26.6030132122534,-6.64062897675397,4.07548624548202));
#10656=CARTESIAN_POINT('',(26.751573075468,-6.94911671139096,4.05762910262488));
#10657=CARTESIAN_POINT('',(26.9001329386826,-7.25760444602796,4.03977195976774));
#10658=CARTESIAN_POINT('',(26.9001329386826,-7.59999999999999,4.02191481691059));
#10659=CARTESIAN_POINT('',(26.9001329386826,-7.94239555397203,4.00405767405345));
#10660=CARTESIAN_POINT('',(26.751573075468,-8.25088328860903,3.98620053119631));
#10661=CARTESIAN_POINT('',(26.6030132122534,-8.55937102324603,3.96834338833917));
#10662=CARTESIAN_POINT('',(26.335317588701,-8.77285115934937,3.95048624548202));
#10663=CARTESIAN_POINT('',(26.0676219651486,-8.9863312954527,3.93262910262488));
#10664=CARTESIAN_POINT('',(25.7338109825743,-9.06252147390505,3.91477195976774));
#10665=CARTESIAN_POINT('',(25.4,-9.13871165235739,3.89691481691059));
#10666=CARTESIAN_POINT('',(25.0661890174257,-9.06252147390505,3.87905767405345));
#10667=CARTESIAN_POINT('',(24.7323780348514,-8.9863312954527,3.86120053119631));
#10668=CARTESIAN_POINT('',(24.464682411299,-8.77285115934937,3.84334338833917));
#10669=CARTESIAN_POINT('',(24.1969867877466,-8.55937102324604,3.82548624548202));
#10670=CARTESIAN_POINT('',(24.048426924532,-8.25088328860903,3.80762910262488));
#10671=CARTESIAN_POINT('',(23.8998670613174,-7.94239555397203,3.78977195976774));
#10672=CARTESIAN_POINT('',(23.8998670613174,-7.6,3.77191481691059));
#10673=CARTESIAN_POINT('',(23.8998670613174,-7.25760444602797,3.75405767405345));
#10674=CARTESIAN_POINT('',(24.048426924532,-6.94911671139097,3.73620053119631));
#10675=CARTESIAN_POINT('',(24.1969867877466,-6.64062897675397,3.71834338833917));
#10676=CARTESIAN_POINT('',(24.464682411299,-6.42714884065063,3.70048624548202));
#10677=CARTESIAN_POINT('',(24.7323780348514,-6.2136687045473,3.68262910262488));
#10678=CARTESIAN_POINT('',(25.0661890174257,-6.13747852609495,3.66477195976774));
#10679=CARTESIAN_POINT('',(25.4,-6.06128834764261,3.64691481691059));
#10680=CARTESIAN_POINT('',(25.7338109825743,-6.13747852609495,3.62905767405345));
#10681=CARTESIAN_POINT('',(26.0676219651486,-6.2136687045473,3.61120053119631));
#10682=CARTESIAN_POINT('',(26.335317588701,-6.42714884065063,3.59334338833917));
#10683=CARTESIAN_POINT('',(26.6030132122534,-6.64062897675397,3.57548624548202));
#10684=CARTESIAN_POINT('',(26.751573075468,-6.94911671139096,3.55762910262488));
#10685=CARTESIAN_POINT('',(26.9001329386826,-7.25760444602796,3.53977195976774));
#10686=CARTESIAN_POINT('',(26.9001329386826,-7.6,3.52191481691059));
#10687=CARTESIAN_POINT('',(26.9001329386826,-7.94239555397203,3.50405767405345));
#10688=CARTESIAN_POINT('',(26.751573075468,-8.25088328860903,3.48620053119631));
#10689=CARTESIAN_POINT('',(26.6030132122534,-8.55937102324603,3.46834338833917));
#10690=CARTESIAN_POINT('',(26.335317588701,-8.77285115934936,3.45048624548202));
#10691=CARTESIAN_POINT('',(26.0676219651486,-8.9863312954527,3.43262910262488));
#10692=CARTESIAN_POINT('',(25.7338109825743,-9.06252147390505,3.41477195976774));
#10693=CARTESIAN_POINT('',(25.4,-9.13871165235739,3.39691481691059));
#10694=CARTESIAN_POINT('',(25.0661890174257,-9.06252147390505,3.37905767405345));
#10695=CARTESIAN_POINT('',(24.7323780348514,-8.9863312954527,3.36120053119631));
#10696=CARTESIAN_POINT('',(24.464682411299,-8.77285115934937,3.34334338833917));
#10697=CARTESIAN_POINT('',(24.1969867877466,-8.55937102324604,3.32548624548202));
#10698=CARTESIAN_POINT('',(24.048426924532,-8.25088328860904,3.30762910262488));
#10699=CARTESIAN_POINT('',(23.8998670613174,-7.94239555397203,3.28977195976774));
#10700=CARTESIAN_POINT('',(23.8998670613174,-7.6,3.27191481691059));
#10701=CARTESIAN_POINT('',(23.8998670613174,-7.25760444602797,3.25405767405345));
#10702=CARTESIAN_POINT('',(24.048426924532,-6.94911671139096,3.23620053119631));
#10703=CARTESIAN_POINT('',(24.1969867877466,-6.64062897675397,3.21834338833917));
#10704=CARTESIAN_POINT('',(24.464682411299,-6.42714884065064,3.20048624548202));
#10705=CARTESIAN_POINT('',(24.7323780348514,-6.2136687045473,3.18262910262488));
#10706=CARTESIAN_POINT('',(25.0661890174257,-6.13747852609496,3.16477195976774));
#10707=CARTESIAN_POINT('',(25.4,-6.06128834764261,3.14691481691059));
#10708=CARTESIAN_POINT('',(25.7338109825743,-6.13747852609495,3.12905767405345));
#10709=CARTESIAN_POINT('',(26.0676219651486,-6.2136687045473,3.11120053119631));
#10710=CARTESIAN_POINT('',(26.335317588701,-6.42714884065063,3.09334338833917));
#10711=CARTESIAN_POINT('',(26.6030132122534,-6.64062897675397,3.07548624548202));
#10712=CARTESIAN_POINT('',(26.751573075468,-6.94911671139096,3.05762910262488));
#10713=CARTESIAN_POINT('',(26.9001329386826,-7.25760444602796,3.03977195976774));
#10714=CARTESIAN_POINT('',(26.9001329386826,-7.59999999999999,3.02191481691059));
#10715=CARTESIAN_POINT('',(26.9001329386826,-7.94239555397203,3.00405767405345));
#10716=CARTESIAN_POINT('',(26.751573075468,-8.25088328860903,2.98620053119631));
#10717=CARTESIAN_POINT('',(26.6030132122534,-8.55937102324603,2.96834338833917));
#10718=CARTESIAN_POINT('',(26.335317588701,-8.77285115934937,2.95048624548202));
#10719=CARTESIAN_POINT('',(26.0676219651486,-8.9863312954527,2.93262910262488));
#10720=CARTESIAN_POINT('',(25.7338109825743,-9.06252147390505,2.91477195976774));
#10721=CARTESIAN_POINT('',(25.4,-9.13871165235739,2.89691481691059));
#10722=CARTESIAN_POINT('',(25.0661890174257,-9.06252147390505,2.87905767405345));
#10723=CARTESIAN_POINT('',(24.7323780348514,-8.9863312954527,2.86120053119631));
#10724=CARTESIAN_POINT('',(24.464682411299,-8.77285115934937,2.84334338833917));
#10725=CARTESIAN_POINT('',(24.1969867877466,-8.55937102324604,2.82548624548202));
#10726=CARTESIAN_POINT('',(24.048426924532,-8.25088328860903,2.80762910262488));
#10727=CARTESIAN_POINT('',(23.8998670613174,-7.94239555397203,2.78977195976774));
#10728=CARTESIAN_POINT('',(23.8998670613174,-7.6,2.77191481691059));
#10729=CARTESIAN_POINT('',(25.4,-7.6,8.55316481691059));
#10730=CARTESIAN_POINT('',(23.8998670613174,-7.6,7.70941481691059));
#10731=CARTESIAN_POINT('',(23.8998670613174,-7.25760444602797,7.69155767405345));
#10732=CARTESIAN_POINT('',(24.048426924532,-6.94911671139097,7.67370053119631));
#10733=CARTESIAN_POINT('',(24.1969867877466,-6.64062897675397,7.65584338833917));
#10734=CARTESIAN_POINT('',(24.464682411299,-6.42714884065063,7.63798624548202));
#10735=CARTESIAN_POINT('',(24.7323780348514,-6.2136687045473,7.62012910262488));
#10736=CARTESIAN_POINT('',(25.0661890174257,-6.13747852609495,7.60227195976774));
#10737=CARTESIAN_POINT('',(25.4,-6.06128834764261,7.58441481691059));
#10738=CARTESIAN_POINT('',(25.7338109825743,-6.13747852609495,7.56655767405345));
#10739=CARTESIAN_POINT('',(26.0676219651486,-6.2136687045473,7.54870053119631));
#10740=CARTESIAN_POINT('',(26.335317588701,-6.42714884065063,7.53084338833917));
#10741=CARTESIAN_POINT('',(26.6030132122534,-6.64062897675397,7.51298624548202));
#10742=CARTESIAN_POINT('',(26.751573075468,-6.94911671139097,7.49512910262488));
#10743=CARTESIAN_POINT('',(26.9001329386826,-7.25760444602797,7.47727195976774));
#10744=CARTESIAN_POINT('',(26.9001329386826,-7.6,7.45941481691059));
#10745=CARTESIAN_POINT('',(26.9001329386826,-7.94239555397203,7.44155767405345));
#10746=CARTESIAN_POINT('',(26.751573075468,-8.25088328860903,7.42370053119631));
#10747=CARTESIAN_POINT('',(26.6030132122534,-8.55937102324603,7.40584338833917));
#10748=CARTESIAN_POINT('',(26.335317588701,-8.77285115934937,7.38798624548202));
#10749=CARTESIAN_POINT('',(26.0676219651486,-8.9863312954527,7.37012910262488));
#10750=CARTESIAN_POINT('',(25.7338109825743,-9.06252147390505,7.35227195976774));
#10751=CARTESIAN_POINT('',(25.4,-9.13871165235739,7.33441481691059));
#10752=CARTESIAN_POINT('',(25.0661890174257,-9.06252147390505,7.31655767405345));
#10753=CARTESIAN_POINT('',(24.7323780348514,-8.9863312954527,7.29870053119631));
#10754=CARTESIAN_POINT('',(24.464682411299,-8.77285115934937,7.28084338833917));
#10755=CARTESIAN_POINT('',(24.1969867877466,-8.55937102324603,7.26298624548202));
#10756=CARTESIAN_POINT('',(24.048426924532,-8.25088328860903,7.24512910262488));
#10757=CARTESIAN_POINT('',(23.8998670613174,-7.94239555397203,7.22727195976774));
#10758=CARTESIAN_POINT('',(23.8998670613174,-7.6,7.20941481691059));
#10759=CARTESIAN_POINT('',(23.8998670613174,-7.25760444602797,7.19155767405345));
#10760=CARTESIAN_POINT('',(24.048426924532,-6.94911671139097,7.17370053119631));
#10761=CARTESIAN_POINT('',(24.1969867877466,-6.64062897675397,7.15584338833917));
#10762=CARTESIAN_POINT('',(24.464682411299,-6.42714884065063,7.13798624548202));
#10763=CARTESIAN_POINT('',(24.7323780348514,-6.2136687045473,7.12012910262488));
#10764=CARTESIAN_POINT('',(25.0661890174257,-6.13747852609495,7.10227195976774));
#10765=CARTESIAN_POINT('',(25.4,-6.06128834764261,7.08441481691059));
#10766=CARTESIAN_POINT('',(25.7338109825743,-6.13747852609495,7.06655767405345));
#10767=CARTESIAN_POINT('',(26.0676219651486,-6.2136687045473,7.04870053119631));
#10768=CARTESIAN_POINT('',(26.335317588701,-6.42714884065063,7.03084338833917));
#10769=CARTESIAN_POINT('',(26.6030132122534,-6.64062897675397,7.01298624548202));
#10770=CARTESIAN_POINT('',(26.751573075468,-6.94911671139097,6.99512910262488));
#10771=CARTESIAN_POINT('',(26.9001329386826,-7.25760444602797,6.97727195976774));
#10772=CARTESIAN_POINT('',(26.9001329386826,-7.6,6.95941481691059));
#10773=CARTESIAN_POINT('',(26.9001329386826,-7.94239555397203,6.94155767405345));
#10774=CARTESIAN_POINT('',(26.751573075468,-8.25088328860903,6.92370053119631));
#10775=CARTESIAN_POINT('',(26.6030132122534,-8.55937102324603,6.90584338833917));
#10776=CARTESIAN_POINT('',(26.335317588701,-8.77285115934937,6.88798624548202));
#10777=CARTESIAN_POINT('',(26.0676219651486,-8.9863312954527,6.87012910262488));
#10778=CARTESIAN_POINT('',(25.7338109825743,-9.06252147390505,6.85227195976774));
#10779=CARTESIAN_POINT('',(25.4,-9.13871165235739,6.83441481691059));
#10780=CARTESIAN_POINT('',(25.0661890174257,-9.06252147390505,6.81655767405345));
#10781=CARTESIAN_POINT('',(24.7323780348514,-8.9863312954527,6.79870053119631));
#10782=CARTESIAN_POINT('',(24.464682411299,-8.77285115934937,6.78084338833917));
#10783=CARTESIAN_POINT('',(24.1969867877466,-8.55937102324603,6.76298624548202));
#10784=CARTESIAN_POINT('',(24.048426924532,-8.25088328860903,6.74512910262488));
#10785=CARTESIAN_POINT('',(23.8998670613174,-7.94239555397203,6.72727195976774));
#10786=CARTESIAN_POINT('',(23.8998670613174,-7.6,6.70941481691059));
#10787=CARTESIAN_POINT('',(23.8998670613174,-7.25760444602797,6.69155767405345));
#10788=CARTESIAN_POINT('',(24.048426924532,-6.94911671139097,6.67370053119631));
#10789=CARTESIAN_POINT('',(24.1969867877466,-6.64062897675397,6.65584338833916));
#10790=CARTESIAN_POINT('',(24.464682411299,-6.42714884065063,6.63798624548202));
#10791=CARTESIAN_POINT('',(24.7323780348514,-6.2136687045473,6.62012910262488));
#10792=CARTESIAN_POINT('',(25.0661890174257,-6.13747852609495,6.60227195976774));
#10793=CARTESIAN_POINT('',(25.4,-6.06128834764261,6.58441481691059));
#10794=CARTESIAN_POINT('',(25.7338109825743,-6.13747852609495,6.56655767405345));
#10795=CARTESIAN_POINT('',(26.0676219651486,-6.2136687045473,6.54870053119631));
#10796=CARTESIAN_POINT('',(26.335317588701,-6.42714884065063,6.53084338833917));
#10797=CARTESIAN_POINT('',(26.6030132122534,-6.64062897675396,6.51298624548202));
#10798=CARTESIAN_POINT('',(26.751573075468,-6.94911671139097,6.49512910262488));
#10799=CARTESIAN_POINT('',(26.9001329386826,-7.25760444602797,6.47727195976774));
#10800=CARTESIAN_POINT('',(26.9001329386826,-7.6,6.45941481691059));
#10801=CARTESIAN_POINT('',(26.9001329386826,-7.94239555397203,6.44155767405345));
#10802=CARTESIAN_POINT('',(26.751573075468,-8.25088328860903,6.42370053119631));
#10803=CARTESIAN_POINT('',(26.6030132122534,-8.55937102324603,6.40584338833917));
#10804=CARTESIAN_POINT('',(26.335317588701,-8.77285115934937,6.38798624548202));
#10805=CARTESIAN_POINT('',(26.0676219651486,-8.9863312954527,6.37012910262488));
#10806=CARTESIAN_POINT('',(25.7338109825743,-9.06252147390505,6.35227195976774));
#10807=CARTESIAN_POINT('',(25.4,-9.13871165235739,6.33441481691059));
#10808=CARTESIAN_POINT('',(25.0661890174257,-9.06252147390505,6.31655767405345));
#10809=CARTESIAN_POINT('',(24.7323780348514,-8.9863312954527,6.29870053119631));
#10810=CARTESIAN_POINT('',(24.464682411299,-8.77285115934937,6.28084338833917));
#10811=CARTESIAN_POINT('',(24.1969867877466,-8.55937102324604,6.26298624548202));
#10812=CARTESIAN_POINT('',(24.048426924532,-8.25088328860903,6.24512910262488));
#10813=CARTESIAN_POINT('',(23.8998670613174,-7.94239555397203,6.22727195976774));
#10814=CARTESIAN_POINT('',(23.8998670613174,-7.6,6.20941481691059));
#10815=CARTESIAN_POINT('',(23.8998670613174,-7.25760444602797,6.19155767405345));
#10816=CARTESIAN_POINT('',(24.048426924532,-6.94911671139097,6.17370053119631));
#10817=CARTESIAN_POINT('',(24.1969867877466,-6.64062897675396,6.15584338833917));
#10818=CARTESIAN_POINT('',(24.464682411299,-6.42714884065063,6.13798624548202));
#10819=CARTESIAN_POINT('',(24.7323780348514,-6.2136687045473,6.12012910262488));
#10820=CARTESIAN_POINT('',(25.0661890174257,-6.13747852609495,6.10227195976774));
#10821=CARTESIAN_POINT('',(25.4,-6.06128834764261,6.08441481691059));
#10822=CARTESIAN_POINT('',(25.7338109825743,-6.13747852609495,6.06655767405345));
#10823=CARTESIAN_POINT('',(26.0676219651486,-6.2136687045473,6.04870053119631));
#10824=CARTESIAN_POINT('',(26.335317588701,-6.42714884065063,6.03084338833917));
#10825=CARTESIAN_POINT('',(26.6030132122534,-6.64062897675397,6.01298624548202));
#10826=CARTESIAN_POINT('',(26.751573075468,-6.94911671139097,5.99512910262488));
#10827=CARTESIAN_POINT('',(26.9001329386826,-7.25760444602797,5.97727195976774));
#10828=CARTESIAN_POINT('',(26.9001329386826,-7.6,5.95941481691059));
#10829=CARTESIAN_POINT('',(26.9001329386826,-7.94239555397203,5.94155767405345));
#10830=CARTESIAN_POINT('',(26.751573075468,-8.25088328860903,5.92370053119631));
#10831=CARTESIAN_POINT('',(26.6030132122534,-8.55937102324603,5.90584338833917));
#10832=CARTESIAN_POINT('',(26.335317588701,-8.77285115934937,5.88798624548202));
#10833=CARTESIAN_POINT('',(26.0676219651486,-8.9863312954527,5.87012910262488));
#10834=CARTESIAN_POINT('',(25.7338109825743,-9.06252147390505,5.85227195976774));
#10835=CARTESIAN_POINT('',(25.4,-9.13871165235739,5.83441481691059));
#10836=CARTESIAN_POINT('',(25.0661890174257,-9.06252147390505,5.81655767405345));
#10837=CARTESIAN_POINT('',(24.7323780348514,-8.9863312954527,5.79870053119631));
#10838=CARTESIAN_POINT('',(24.464682411299,-8.77285115934937,5.78084338833917));
#10839=CARTESIAN_POINT('',(24.1969867877466,-8.55937102324604,5.76298624548202));
#10840=CARTESIAN_POINT('',(24.048426924532,-8.25088328860904,5.74512910262488));
#10841=CARTESIAN_POINT('',(23.8998670613174,-7.94239555397203,5.72727195976774));
#10842=CARTESIAN_POINT('',(23.8998670613174,-7.6,5.70941481691059));
#10843=CARTESIAN_POINT('',(23.8998670613174,-7.25760444602797,5.69155767405345));
#10844=CARTESIAN_POINT('',(24.048426924532,-6.94911671139097,5.67370053119631));
#10845=CARTESIAN_POINT('',(24.1969867877466,-6.64062897675396,5.65584338833917));
#10846=CARTESIAN_POINT('',(24.464682411299,-6.42714884065063,5.63798624548202));
#10847=CARTESIAN_POINT('',(24.7323780348514,-6.2136687045473,5.62012910262488));
#10848=CARTESIAN_POINT('',(25.0661890174257,-6.13747852609495,5.60227195976774));
#10849=CARTESIAN_POINT('',(25.4,-6.06128834764261,5.58441481691059));
#10850=CARTESIAN_POINT('',(25.7338109825743,-6.13747852609495,5.56655767405345));
#10851=CARTESIAN_POINT('',(26.0676219651486,-6.2136687045473,5.54870053119631));
#10852=CARTESIAN_POINT('',(26.335317588701,-6.42714884065063,5.53084338833917));
#10853=CARTESIAN_POINT('',(26.6030132122534,-6.64062897675397,5.51298624548202));
#10854=CARTESIAN_POINT('',(26.751573075468,-6.94911671139096,5.49512910262488));
#10855=CARTESIAN_POINT('',(26.9001329386826,-7.25760444602797,5.47727195976774));
#10856=CARTESIAN_POINT('',(26.9001329386826,-7.6,5.45941481691059));
#10857=CARTESIAN_POINT('',(26.9001329386826,-7.94239555397203,5.44155767405345));
#10858=CARTESIAN_POINT('',(26.751573075468,-8.25088328860903,5.42370053119631));
#10859=CARTESIAN_POINT('',(26.6030132122534,-8.55937102324603,5.40584338833917));
#10860=CARTESIAN_POINT('',(26.335317588701,-8.77285115934937,5.38798624548202));
#10861=CARTESIAN_POINT('',(26.0676219651486,-8.9863312954527,5.37012910262488));
#10862=CARTESIAN_POINT('',(25.7338109825743,-9.06252147390505,5.35227195976774));
#10863=CARTESIAN_POINT('',(25.4,-9.13871165235739,5.33441481691059));
#10864=CARTESIAN_POINT('',(25.0661890174257,-9.06252147390505,5.31655767405345));
#10865=CARTESIAN_POINT('',(24.7323780348514,-8.9863312954527,5.29870053119631));
#10866=CARTESIAN_POINT('',(24.464682411299,-8.77285115934937,5.28084338833917));
#10867=CARTESIAN_POINT('',(24.1969867877466,-8.55937102324604,5.26298624548202));
#10868=CARTESIAN_POINT('',(24.048426924532,-8.25088328860904,5.24512910262488));
#10869=CARTESIAN_POINT('',(23.8998670613174,-7.94239555397203,5.22727195976774));
#10870=CARTESIAN_POINT('',(23.8998670613174,-7.6,5.20941481691059));
#10871=CARTESIAN_POINT('',(23.8998670613174,-7.25760444602797,5.19155767405345));
#10872=CARTESIAN_POINT('',(24.048426924532,-6.94911671139097,5.17370053119631));
#10873=CARTESIAN_POINT('',(24.1969867877466,-6.64062897675397,5.15584338833917));
#10874=CARTESIAN_POINT('',(24.464682411299,-6.42714884065063,5.13798624548202));
#10875=CARTESIAN_POINT('',(24.7323780348514,-6.2136687045473,5.12012910262488));
#10876=CARTESIAN_POINT('',(25.0661890174257,-6.13747852609496,5.10227195976774));
#10877=CARTESIAN_POINT('',(25.4,-6.06128834764261,5.08441481691059));
#10878=CARTESIAN_POINT('',(25.7338109825743,-6.13747852609495,5.06655767405345));
#10879=CARTESIAN_POINT('',(26.0676219651486,-6.2136687045473,5.04870053119631));
#10880=CARTESIAN_POINT('',(26.335317588701,-6.42714884065064,5.03084338833917));
#10881=CARTESIAN_POINT('',(26.6030132122534,-6.64062897675397,5.01298624548202));
#10882=CARTESIAN_POINT('',(26.751573075468,-6.94911671139096,4.99512910262488));
#10883=CARTESIAN_POINT('',(26.9001329386826,-7.25760444602796,4.97727195976774));
#10884=CARTESIAN_POINT('',(26.9001329386826,-7.59999999999999,4.95941481691059));
#10885=CARTESIAN_POINT('',(26.9001329386826,-7.94239555397203,4.94155767405345));
#10886=CARTESIAN_POINT('',(26.751573075468,-8.25088328860903,4.92370053119631));
#10887=CARTESIAN_POINT('',(26.6030132122534,-8.55937102324603,4.90584338833917));
#10888=CARTESIAN_POINT('',(26.335317588701,-8.77285115934937,4.88798624548202));
#10889=CARTESIAN_POINT('',(26.0676219651486,-8.9863312954527,4.87012910262488));
#10890=CARTESIAN_POINT('',(25.7338109825743,-9.06252147390505,4.85227195976774));
#10891=CARTESIAN_POINT('',(25.4,-9.13871165235739,4.83441481691059));
#10892=CARTESIAN_POINT('',(25.0661890174257,-9.06252147390505,4.81655767405345));
#10893=CARTESIAN_POINT('',(24.7323780348514,-8.9863312954527,4.79870053119631));
#10894=CARTESIAN_POINT('',(24.464682411299,-8.77285115934937,4.78084338833917));
#10895=CARTESIAN_POINT('',(24.1969867877466,-8.55937102324604,4.76298624548202));
#10896=CARTESIAN_POINT('',(24.048426924532,-8.25088328860903,4.74512910262488));
#10897=CARTESIAN_POINT('',(23.8998670613174,-7.94239555397203,4.72727195976774));
#10898=CARTESIAN_POINT('',(23.8998670613174,-7.6,4.70941481691059));
#10899=CARTESIAN_POINT('',(23.8998670613174,-7.25760444602797,4.69155767405345));
#10900=CARTESIAN_POINT('',(24.048426924532,-6.94911671139097,4.67370053119631));
#10901=CARTESIAN_POINT('',(24.1969867877466,-6.64062897675397,4.65584338833917));
#10902=CARTESIAN_POINT('',(24.464682411299,-6.42714884065063,4.63798624548202));
#10903=CARTESIAN_POINT('',(24.7323780348514,-6.2136687045473,4.62012910262488));
#10904=CARTESIAN_POINT('',(25.0661890174257,-6.13747852609495,4.60227195976774));
#10905=CARTESIAN_POINT('',(25.4,-6.06128834764261,4.58441481691059));
#10906=CARTESIAN_POINT('',(25.7338109825743,-6.13747852609495,4.56655767405345));
#10907=CARTESIAN_POINT('',(26.0676219651486,-6.2136687045473,4.54870053119631));
#10908=CARTESIAN_POINT('',(26.335317588701,-6.42714884065063,4.53084338833917));
#10909=CARTESIAN_POINT('',(26.6030132122534,-6.64062897675397,4.51298624548202));
#10910=CARTESIAN_POINT('',(26.751573075468,-6.94911671139096,4.49512910262488));
#10911=CARTESIAN_POINT('',(26.9001329386826,-7.25760444602796,4.47727195976774));
#10912=CARTESIAN_POINT('',(26.9001329386826,-7.6,4.45941481691059));
#10913=CARTESIAN_POINT('',(26.9001329386826,-7.94239555397203,4.44155767405345));
#10914=CARTESIAN_POINT('',(26.751573075468,-8.25088328860903,4.42370053119631));
#10915=CARTESIAN_POINT('',(26.6030132122534,-8.55937102324603,4.40584338833917));
#10916=CARTESIAN_POINT('',(26.335317588701,-8.77285115934936,4.38798624548202));
#10917=CARTESIAN_POINT('',(26.0676219651486,-8.9863312954527,4.37012910262488));
#10918=CARTESIAN_POINT('',(25.7338109825743,-9.06252147390505,4.35227195976774));
#10919=CARTESIAN_POINT('',(25.4,-9.13871165235739,4.33441481691059));
#10920=CARTESIAN_POINT('',(25.0661890174257,-9.06252147390505,4.31655767405345));
#10921=CARTESIAN_POINT('',(24.7323780348514,-8.9863312954527,4.29870053119631));
#10922=CARTESIAN_POINT('',(24.464682411299,-8.77285115934937,4.28084338833917));
#10923=CARTESIAN_POINT('',(24.1969867877466,-8.55937102324604,4.26298624548202));
#10924=CARTESIAN_POINT('',(24.048426924532,-8.25088328860904,4.24512910262488));
#10925=CARTESIAN_POINT('',(23.8998670613174,-7.94239555397203,4.22727195976774));
#10926=CARTESIAN_POINT('',(23.8998670613174,-7.6,4.20941481691059));
#10927=CARTESIAN_POINT('',(23.8998670613174,-7.25760444602797,4.19155767405345));
#10928=CARTESIAN_POINT('',(24.048426924532,-6.94911671139096,4.17370053119631));
#10929=CARTESIAN_POINT('',(24.1969867877466,-6.64062897675397,4.15584338833917));
#10930=CARTESIAN_POINT('',(24.464682411299,-6.42714884065063,4.13798624548202));
#10931=CARTESIAN_POINT('',(24.7323780348514,-6.2136687045473,4.12012910262488));
#10932=CARTESIAN_POINT('',(25.0661890174257,-6.13747852609496,4.10227195976774));
#10933=CARTESIAN_POINT('',(25.4,-6.06128834764261,4.08441481691059));
#10934=CARTESIAN_POINT('',(25.7338109825743,-6.13747852609495,4.06655767405345));
#10935=CARTESIAN_POINT('',(26.0676219651486,-6.2136687045473,4.04870053119631));
#10936=CARTESIAN_POINT('',(26.335317588701,-6.42714884065063,4.03084338833917));
#10937=CARTESIAN_POINT('',(26.6030132122534,-6.64062897675397,4.01298624548202));
#10938=CARTESIAN_POINT('',(26.751573075468,-6.94911671139096,3.99512910262488));
#10939=CARTESIAN_POINT('',(26.9001329386826,-7.25760444602796,3.97727195976774));
#10940=CARTESIAN_POINT('',(26.9001329386826,-7.59999999999999,3.95941481691059));
#10941=CARTESIAN_POINT('',(26.9001329386826,-7.94239555397203,3.94155767405345));
#10942=CARTESIAN_POINT('',(26.751573075468,-8.25088328860903,3.92370053119631));
#10943=CARTESIAN_POINT('',(26.6030132122534,-8.55937102324603,3.90584338833917));
#10944=CARTESIAN_POINT('',(26.335317588701,-8.77285115934937,3.88798624548202));
#10945=CARTESIAN_POINT('',(26.0676219651486,-8.9863312954527,3.87012910262488));
#10946=CARTESIAN_POINT('',(25.7338109825743,-9.06252147390505,3.85227195976774));
#10947=CARTESIAN_POINT('',(25.4,-9.13871165235739,3.83441481691059));
#10948=CARTESIAN_POINT('',(25.0661890174257,-9.06252147390505,3.81655767405345));
#10949=CARTESIAN_POINT('',(24.7323780348514,-8.9863312954527,3.79870053119631));
#10950=CARTESIAN_POINT('',(24.464682411299,-8.77285115934937,3.78084338833917));
#10951=CARTESIAN_POINT('',(24.1969867877466,-8.55937102324604,3.76298624548202));
#10952=CARTESIAN_POINT('',(24.048426924532,-8.25088328860903,3.74512910262488));
#10953=CARTESIAN_POINT('',(23.8998670613174,-7.94239555397203,3.72727195976774));
#10954=CARTESIAN_POINT('',(23.8998670613174,-7.6,3.70941481691059));
#10955=CARTESIAN_POINT('',(23.8998670613174,-7.25760444602797,3.69155767405345));
#10956=CARTESIAN_POINT('',(24.048426924532,-6.94911671139097,3.67370053119631));
#10957=CARTESIAN_POINT('',(24.1969867877466,-6.64062897675397,3.65584338833917));
#10958=CARTESIAN_POINT('',(24.464682411299,-6.42714884065063,3.63798624548202));
#10959=CARTESIAN_POINT('',(24.7323780348514,-6.2136687045473,3.62012910262488));
#10960=CARTESIAN_POINT('',(25.0661890174257,-6.13747852609495,3.60227195976774));
#10961=CARTESIAN_POINT('',(25.4,-6.06128834764261,3.58441481691059));
#10962=CARTESIAN_POINT('',(25.7338109825743,-6.13747852609495,3.56655767405345));
#10963=CARTESIAN_POINT('',(26.0676219651486,-6.2136687045473,3.54870053119631));
#10964=CARTESIAN_POINT('',(26.335317588701,-6.42714884065063,3.53084338833917));
#10965=CARTESIAN_POINT('',(26.6030132122534,-6.64062897675397,3.51298624548202));
#10966=CARTESIAN_POINT('',(26.751573075468,-6.94911671139096,3.49512910262488));
#10967=CARTESIAN_POINT('',(26.9001329386826,-7.25760444602796,3.47727195976774));
#10968=CARTESIAN_POINT('',(26.9001329386826,-7.6,3.45941481691059));
#10969=CARTESIAN_POINT('',(26.9001329386826,-7.94239555397203,3.44155767405345));
#10970=CARTESIAN_POINT('',(26.751573075468,-8.25088328860903,3.42370053119631));
#10971=CARTESIAN_POINT('',(26.6030132122534,-8.55937102324603,3.40584338833917));
#10972=CARTESIAN_POINT('',(26.335317588701,-8.77285115934936,3.38798624548202));
#10973=CARTESIAN_POINT('',(26.0676219651486,-8.9863312954527,3.37012910262488));
#10974=CARTESIAN_POINT('',(25.7338109825743,-9.06252147390505,3.35227195976774));
#10975=CARTESIAN_POINT('',(25.4,-9.13871165235739,3.33441481691059));
#10976=CARTESIAN_POINT('',(25.0661890174257,-9.06252147390505,3.31655767405345));
#10977=CARTESIAN_POINT('',(24.7323780348514,-8.9863312954527,3.29870053119631));
#10978=CARTESIAN_POINT('',(24.464682411299,-8.77285115934937,3.28084338833916));
#10979=CARTESIAN_POINT('',(24.1969867877466,-8.55937102324604,3.26298624548202));
#10980=CARTESIAN_POINT('',(24.048426924532,-8.25088328860904,3.24512910262488));
#10981=CARTESIAN_POINT('',(23.8998670613174,-7.94239555397203,3.22727195976774));
#10982=CARTESIAN_POINT('',(23.8998670613174,-7.6,3.20941481691059));
#10983=CARTESIAN_POINT('',(23.8998670613174,-7.25760444602797,3.19155767405345));
#10984=CARTESIAN_POINT('',(24.048426924532,-6.94911671139096,3.17370053119631));
#10985=CARTESIAN_POINT('',(24.1969867877466,-6.64062897675397,3.15584338833917));
#10986=CARTESIAN_POINT('',(24.464682411299,-6.42714884065064,3.13798624548202));
#10987=CARTESIAN_POINT('',(24.7323780348514,-6.2136687045473,3.12012910262488));
#10988=CARTESIAN_POINT('',(25.0661890174257,-6.13747852609496,3.10227195976774));
#10989=CARTESIAN_POINT('',(25.4,-6.06128834764261,3.08441481691059));
#10990=CARTESIAN_POINT('',(25.7338109825743,-6.13747852609495,3.06655767405345));
#10991=CARTESIAN_POINT('',(26.0676219651486,-6.2136687045473,3.04870053119631));
#10992=CARTESIAN_POINT('',(26.335317588701,-6.42714884065063,3.03084338833917));
#10993=CARTESIAN_POINT('',(26.6030132122534,-6.64062897675397,3.01298624548202));
#10994=CARTESIAN_POINT('',(26.751573075468,-6.94911671139096,2.99512910262488));
#10995=CARTESIAN_POINT('',(26.9001329386826,-7.25760444602796,2.97727195976774));
#10996=CARTESIAN_POINT('',(26.9001329386826,-7.59999999999999,2.95941481691059));
#10997=CARTESIAN_POINT('',(26.9001329386826,-7.94239555397203,2.94155767405345));
#10998=CARTESIAN_POINT('',(26.751573075468,-8.25088328860903,2.92370053119631));
#10999=CARTESIAN_POINT('',(26.6030132122534,-8.55937102324603,2.90584338833917));
#11000=CARTESIAN_POINT('',(26.335317588701,-8.77285115934937,2.88798624548202));
#11001=CARTESIAN_POINT('',(26.0676219651486,-8.9863312954527,2.87012910262488));
#11002=CARTESIAN_POINT('',(25.7338109825743,-9.06252147390505,2.85227195976774));
#11003=CARTESIAN_POINT('',(25.4,-9.13871165235739,2.83441481691059));
#11004=CARTESIAN_POINT('',(25.0661890174257,-9.06252147390505,2.81655767405345));
#11005=CARTESIAN_POINT('',(24.7323780348514,-8.9863312954527,2.79870053119631));
#11006=CARTESIAN_POINT('',(24.464682411299,-8.77285115934937,2.78084338833917));
#11007=CARTESIAN_POINT('',(24.1969867877466,-8.55937102324604,2.76298624548202));
#11008=CARTESIAN_POINT('',(24.048426924532,-8.25088328860903,2.74512910262488));
#11009=CARTESIAN_POINT('',(23.8998670613174,-7.94239555397203,2.72727195976774));
#11010=CARTESIAN_POINT('',(23.8998670613174,-7.6,2.70941481691059));
#11011=CARTESIAN_POINT('',(23.8998670613174,-7.6,7.70941481691059));
#11012=CARTESIAN_POINT('',(23.8998670613174,-7.25760444602797,7.69155767405345));
#11013=CARTESIAN_POINT('',(24.048426924532,-6.94911671139097,7.67370053119631));
#11014=CARTESIAN_POINT('',(24.1969867877466,-6.64062897675397,7.65584338833917));
#11015=CARTESIAN_POINT('',(24.464682411299,-6.42714884065063,7.63798624548202));
#11016=CARTESIAN_POINT('',(24.7323780348514,-6.2136687045473,7.62012910262488));
#11017=CARTESIAN_POINT('',(25.0661890174257,-6.13747852609495,7.60227195976774));
#11018=CARTESIAN_POINT('',(25.4,-6.06128834764261,7.58441481691059));
#11019=CARTESIAN_POINT('',(25.7338109825743,-6.13747852609495,7.56655767405345));
#11020=CARTESIAN_POINT('',(26.0676219651486,-6.2136687045473,7.54870053119631));
#11021=CARTESIAN_POINT('',(26.335317588701,-6.42714884065063,7.53084338833917));
#11022=CARTESIAN_POINT('',(26.6030132122534,-6.64062897675397,7.51298624548202));
#11023=CARTESIAN_POINT('',(26.751573075468,-6.94911671139097,7.49512910262488));
#11024=CARTESIAN_POINT('',(26.9001329386826,-7.25760444602797,7.47727195976774));
#11025=CARTESIAN_POINT('',(26.9001329386826,-7.6,7.45941481691059));
#11026=CARTESIAN_POINT('',(26.9001329386826,-7.94239555397203,7.44155767405345));
#11027=CARTESIAN_POINT('',(26.751573075468,-8.25088328860903,7.42370053119631));
#11028=CARTESIAN_POINT('',(26.6030132122534,-8.55937102324603,7.40584338833917));
#11029=CARTESIAN_POINT('',(26.335317588701,-8.77285115934937,7.38798624548202));
#11030=CARTESIAN_POINT('',(26.0676219651486,-8.9863312954527,7.37012910262488));
#11031=CARTESIAN_POINT('',(25.7338109825743,-9.06252147390505,7.35227195976774));
#11032=CARTESIAN_POINT('',(25.4,-9.13871165235739,7.33441481691059));
#11033=CARTESIAN_POINT('',(25.0661890174257,-9.06252147390505,7.31655767405345));
#11034=CARTESIAN_POINT('',(24.7323780348514,-8.9863312954527,7.29870053119631));
#11035=CARTESIAN_POINT('',(24.464682411299,-8.77285115934937,7.28084338833917));
#11036=CARTESIAN_POINT('',(24.1969867877466,-8.55937102324603,7.26298624548202));
#11037=CARTESIAN_POINT('',(24.048426924532,-8.25088328860903,7.24512910262488));
#11038=CARTESIAN_POINT('',(23.8998670613174,-7.94239555397203,7.22727195976774));
#11039=CARTESIAN_POINT('',(23.8998670613174,-7.6,7.20941481691059));
#11040=CARTESIAN_POINT('',(23.8998670613174,-7.25760444602797,7.19155767405345));
#11041=CARTESIAN_POINT('',(24.048426924532,-6.94911671139097,7.17370053119631));
#11042=CARTESIAN_POINT('',(24.1969867877466,-6.64062897675397,7.15584338833917));
#11043=CARTESIAN_POINT('',(24.464682411299,-6.42714884065063,7.13798624548202));
#11044=CARTESIAN_POINT('',(24.7323780348514,-6.2136687045473,7.12012910262488));
#11045=CARTESIAN_POINT('',(25.0661890174257,-6.13747852609495,7.10227195976774));
#11046=CARTESIAN_POINT('',(25.4,-6.06128834764261,7.08441481691059));
#11047=CARTESIAN_POINT('',(25.7338109825743,-6.13747852609495,7.06655767405345));
#11048=CARTESIAN_POINT('',(26.0676219651486,-6.2136687045473,7.04870053119631));
#11049=CARTESIAN_POINT('',(26.335317588701,-6.42714884065063,7.03084338833917));
#11050=CARTESIAN_POINT('',(26.6030132122534,-6.64062897675397,7.01298624548202));
#11051=CARTESIAN_POINT('',(26.751573075468,-6.94911671139097,6.99512910262488));
#11052=CARTESIAN_POINT('',(26.9001329386826,-7.25760444602797,6.97727195976774));
#11053=CARTESIAN_POINT('',(26.9001329386826,-7.6,6.95941481691059));
#11054=CARTESIAN_POINT('',(26.9001329386826,-7.94239555397203,6.94155767405345));
#11055=CARTESIAN_POINT('',(26.751573075468,-8.25088328860903,6.92370053119631));
#11056=CARTESIAN_POINT('',(26.6030132122534,-8.55937102324603,6.90584338833917));
#11057=CARTESIAN_POINT('',(26.335317588701,-8.77285115934937,6.88798624548202));
#11058=CARTESIAN_POINT('',(26.0676219651486,-8.9863312954527,6.87012910262488));
#11059=CARTESIAN_POINT('',(25.7338109825743,-9.06252147390505,6.85227195976774));
#11060=CARTESIAN_POINT('',(25.4,-9.13871165235739,6.83441481691059));
#11061=CARTESIAN_POINT('',(25.0661890174257,-9.06252147390505,6.81655767405345));
#11062=CARTESIAN_POINT('',(24.7323780348514,-8.9863312954527,6.79870053119631));
#11063=CARTESIAN_POINT('',(24.464682411299,-8.77285115934937,6.78084338833917));
#11064=CARTESIAN_POINT('',(24.1969867877466,-8.55937102324603,6.76298624548202));
#11065=CARTESIAN_POINT('',(24.048426924532,-8.25088328860903,6.74512910262488));
#11066=CARTESIAN_POINT('',(23.8998670613174,-7.94239555397203,6.72727195976774));
#11067=CARTESIAN_POINT('',(23.8998670613174,-7.6,6.70941481691059));
#11068=CARTESIAN_POINT('',(23.8998670613174,-7.25760444602797,6.69155767405345));
#11069=CARTESIAN_POINT('',(24.048426924532,-6.94911671139097,6.67370053119631));
#11070=CARTESIAN_POINT('',(24.1969867877466,-6.64062897675397,6.65584338833916));
#11071=CARTESIAN_POINT('',(24.464682411299,-6.42714884065063,6.63798624548202));
#11072=CARTESIAN_POINT('',(24.7323780348514,-6.2136687045473,6.62012910262488));
#11073=CARTESIAN_POINT('',(25.0661890174257,-6.13747852609495,6.60227195976774));
#11074=CARTESIAN_POINT('',(25.4,-6.06128834764261,6.58441481691059));
#11075=CARTESIAN_POINT('',(25.7338109825743,-6.13747852609495,6.56655767405345));
#11076=CARTESIAN_POINT('',(26.0676219651486,-6.2136687045473,6.54870053119631));
#11077=CARTESIAN_POINT('',(26.335317588701,-6.42714884065063,6.53084338833917));
#11078=CARTESIAN_POINT('',(26.6030132122534,-6.64062897675397,6.51298624548202));
#11079=CARTESIAN_POINT('',(26.751573075468,-6.94911671139097,6.49512910262488));
#11080=CARTESIAN_POINT('',(26.9001329386826,-7.25760444602797,6.47727195976774));
#11081=CARTESIAN_POINT('',(26.9001329386826,-7.6,6.45941481691059));
#11082=CARTESIAN_POINT('',(26.9001329386826,-7.94239555397203,6.44155767405345));
#11083=CARTESIAN_POINT('',(26.751573075468,-8.25088328860903,6.42370053119631));
#11084=CARTESIAN_POINT('',(26.6030132122534,-8.55937102324603,6.40584338833917));
#11085=CARTESIAN_POINT('',(26.335317588701,-8.77285115934937,6.38798624548202));
#11086=CARTESIAN_POINT('',(26.0676219651486,-8.9863312954527,6.37012910262488));
#11087=CARTESIAN_POINT('',(25.7338109825743,-9.06252147390505,6.35227195976774));
#11088=CARTESIAN_POINT('',(25.4,-9.13871165235739,6.33441481691059));
#11089=CARTESIAN_POINT('',(25.0661890174257,-9.06252147390505,6.31655767405345));
#11090=CARTESIAN_POINT('',(24.7323780348514,-8.9863312954527,6.29870053119631));
#11091=CARTESIAN_POINT('',(24.464682411299,-8.77285115934937,6.28084338833917));
#11092=CARTESIAN_POINT('',(24.1969867877466,-8.55937102324603,6.26298624548202));
#11093=CARTESIAN_POINT('',(24.048426924532,-8.25088328860903,6.24512910262488));
#11094=CARTESIAN_POINT('',(23.8998670613174,-7.94239555397203,6.22727195976774));
#11095=CARTESIAN_POINT('',(23.8998670613174,-7.6,6.20941481691059));
#11096=CARTESIAN_POINT('',(23.8998670613174,-7.25760444602797,6.19155767405345));
#11097=CARTESIAN_POINT('',(24.048426924532,-6.94911671139097,6.17370053119631));
#11098=CARTESIAN_POINT('',(24.1969867877466,-6.64062897675397,6.15584338833917));
#11099=CARTESIAN_POINT('',(24.464682411299,-6.42714884065063,6.13798624548202));
#11100=CARTESIAN_POINT('',(24.7323780348514,-6.2136687045473,6.12012910262488));
#11101=CARTESIAN_POINT('',(25.0661890174257,-6.13747852609495,6.10227195976774));
#11102=CARTESIAN_POINT('',(25.4,-6.06128834764261,6.08441481691059));
#11103=CARTESIAN_POINT('',(25.7338109825743,-6.13747852609495,6.06655767405345));
#11104=CARTESIAN_POINT('',(26.0676219651486,-6.2136687045473,6.04870053119631));
#11105=CARTESIAN_POINT('',(26.335317588701,-6.42714884065063,6.03084338833917));
#11106=CARTESIAN_POINT('',(26.6030132122534,-6.64062897675397,6.01298624548202));
#11107=CARTESIAN_POINT('',(26.751573075468,-6.94911671139097,5.99512910262488));
#11108=CARTESIAN_POINT('',(26.9001329386826,-7.25760444602797,5.97727195976774));
#11109=CARTESIAN_POINT('',(26.9001329386826,-7.6,5.95941481691059));
#11110=CARTESIAN_POINT('',(26.9001329386826,-7.94239555397203,5.94155767405345));
#11111=CARTESIAN_POINT('',(26.751573075468,-8.25088328860903,5.92370053119631));
#11112=CARTESIAN_POINT('',(26.6030132122534,-8.55937102324603,5.90584338833917));
#11113=CARTESIAN_POINT('',(26.335317588701,-8.77285115934937,5.88798624548202));
#11114=CARTESIAN_POINT('',(26.0676219651486,-8.9863312954527,5.87012910262488));
#11115=CARTESIAN_POINT('',(25.7338109825743,-9.06252147390505,5.85227195976774));
#11116=CARTESIAN_POINT('',(25.4,-9.13871165235739,5.83441481691059));
#11117=CARTESIAN_POINT('',(25.0661890174257,-9.06252147390505,5.81655767405345));
#11118=CARTESIAN_POINT('',(24.7323780348514,-8.9863312954527,5.79870053119631));
#11119=CARTESIAN_POINT('',(24.464682411299,-8.77285115934937,5.78084338833917));
#11120=CARTESIAN_POINT('',(24.1969867877466,-8.55937102324603,5.76298624548202));
#11121=CARTESIAN_POINT('',(24.048426924532,-8.25088328860903,5.74512910262488));
#11122=CARTESIAN_POINT('',(23.8998670613174,-7.94239555397203,5.72727195976774));
#11123=CARTESIAN_POINT('',(23.8998670613174,-7.6,5.70941481691059));
#11124=CARTESIAN_POINT('',(23.8998670613174,-7.25760444602797,5.69155767405345));
#11125=CARTESIAN_POINT('',(24.048426924532,-6.94911671139097,5.67370053119631));
#11126=CARTESIAN_POINT('',(24.1969867877466,-6.64062897675397,5.65584338833917));
#11127=CARTESIAN_POINT('',(24.464682411299,-6.42714884065063,5.63798624548202));
#11128=CARTESIAN_POINT('',(24.7323780348514,-6.2136687045473,5.62012910262488));
#11129=CARTESIAN_POINT('',(25.0661890174257,-6.13747852609495,5.60227195976774));
#11130=CARTESIAN_POINT('',(25.4,-6.06128834764261,5.58441481691059));
#11131=CARTESIAN_POINT('',(25.7338109825743,-6.13747852609495,5.56655767405345));
#11132=CARTESIAN_POINT('',(26.0676219651486,-6.2136687045473,5.54870053119631));
#11133=CARTESIAN_POINT('',(26.335317588701,-6.42714884065063,5.53084338833917));
#11134=CARTESIAN_POINT('',(26.6030132122534,-6.64062897675397,5.51298624548202));
#11135=CARTESIAN_POINT('',(26.751573075468,-6.94911671139097,5.49512910262488));
#11136=CARTESIAN_POINT('',(26.9001329386826,-7.25760444602797,5.47727195976774));
#11137=CARTESIAN_POINT('',(26.9001329386826,-7.6,5.45941481691059));
#11138=CARTESIAN_POINT('',(26.9001329386826,-7.94239555397203,5.44155767405345));
#11139=CARTESIAN_POINT('',(26.751573075468,-8.25088328860903,5.42370053119631));
#11140=CARTESIAN_POINT('',(26.6030132122534,-8.55937102324603,5.40584338833917));
#11141=CARTESIAN_POINT('',(26.335317588701,-8.77285115934937,5.38798624548202));
#11142=CARTESIAN_POINT('',(26.0676219651486,-8.9863312954527,5.37012910262488));
#11143=CARTESIAN_POINT('',(25.7338109825743,-9.06252147390505,5.35227195976774));
#11144=CARTESIAN_POINT('',(25.4,-9.13871165235739,5.33441481691059));
#11145=CARTESIAN_POINT('',(25.0661890174257,-9.06252147390505,5.31655767405345));
#11146=CARTESIAN_POINT('',(24.7323780348514,-8.9863312954527,5.29870053119631));
#11147=CARTESIAN_POINT('',(24.464682411299,-8.77285115934937,5.28084338833917));
#11148=CARTESIAN_POINT('',(24.1969867877466,-8.55937102324603,5.26298624548202));
#11149=CARTESIAN_POINT('',(24.048426924532,-8.25088328860903,5.24512910262488));
#11150=CARTESIAN_POINT('',(23.8998670613174,-7.94239555397203,5.22727195976774));
#11151=CARTESIAN_POINT('',(23.8998670613174,-7.6,5.20941481691059));
#11152=CARTESIAN_POINT('',(23.8998670613174,-7.25760444602797,5.19155767405345));
#11153=CARTESIAN_POINT('',(24.048426924532,-6.94911671139097,5.17370053119631));
#11154=CARTESIAN_POINT('',(24.1969867877466,-6.64062897675397,5.15584338833917));
#11155=CARTESIAN_POINT('',(24.464682411299,-6.42714884065063,5.13798624548202));
#11156=CARTESIAN_POINT('',(24.7323780348514,-6.2136687045473,5.12012910262488));
#11157=CARTESIAN_POINT('',(25.0661890174257,-6.13747852609495,5.10227195976774));
#11158=CARTESIAN_POINT('',(25.4,-6.06128834764261,5.08441481691059));
#11159=CARTESIAN_POINT('',(25.7338109825743,-6.13747852609495,5.06655767405345));
#11160=CARTESIAN_POINT('',(26.0676219651486,-6.2136687045473,5.04870053119631));
#11161=CARTESIAN_POINT('',(26.335317588701,-6.42714884065063,5.03084338833917));
#11162=CARTESIAN_POINT('',(26.6030132122534,-6.64062897675397,5.01298624548202));
#11163=CARTESIAN_POINT('',(26.751573075468,-6.94911671139097,4.99512910262488));
#11164=CARTESIAN_POINT('',(26.9001329386826,-7.25760444602797,4.97727195976774));
#11165=CARTESIAN_POINT('',(26.9001329386826,-7.6,4.95941481691059));
#11166=CARTESIAN_POINT('',(26.9001329386826,-7.94239555397203,4.94155767405345));
#11167=CARTESIAN_POINT('',(26.751573075468,-8.25088328860903,4.92370053119631));
#11168=CARTESIAN_POINT('',(26.6030132122534,-8.55937102324603,4.90584338833917));
#11169=CARTESIAN_POINT('',(26.335317588701,-8.77285115934937,4.88798624548202));
#11170=CARTESIAN_POINT('',(26.0676219651486,-8.9863312954527,4.87012910262488));
#11171=CARTESIAN_POINT('',(25.7338109825743,-9.06252147390505,4.85227195976774));
#11172=CARTESIAN_POINT('',(25.4,-9.13871165235739,4.83441481691059));
#11173=CARTESIAN_POINT('',(25.0661890174257,-9.06252147390505,4.81655767405345));
#11174=CARTESIAN_POINT('',(24.7323780348514,-8.9863312954527,4.79870053119631));
#11175=CARTESIAN_POINT('',(24.464682411299,-8.77285115934937,4.78084338833917));
#11176=CARTESIAN_POINT('',(24.1969867877466,-8.55937102324603,4.76298624548202));
#11177=CARTESIAN_POINT('',(24.048426924532,-8.25088328860903,4.74512910262488));
#11178=CARTESIAN_POINT('',(23.8998670613174,-7.94239555397203,4.72727195976774));
#11179=CARTESIAN_POINT('',(23.8998670613174,-7.6,4.70941481691059));
#11180=CARTESIAN_POINT('',(23.8998670613174,-7.25760444602797,4.69155767405345));
#11181=CARTESIAN_POINT('',(24.048426924532,-6.94911671139097,4.67370053119631));
#11182=CARTESIAN_POINT('',(24.1969867877466,-6.64062897675397,4.65584338833917));
#11183=CARTESIAN_POINT('',(24.464682411299,-6.42714884065063,4.63798624548202));
#11184=CARTESIAN_POINT('',(24.7323780348514,-6.2136687045473,4.62012910262488));
#11185=CARTESIAN_POINT('',(25.0661890174257,-6.13747852609495,4.60227195976774));
#11186=CARTESIAN_POINT('',(25.4,-6.06128834764261,4.58441481691059));
#11187=CARTESIAN_POINT('',(25.7338109825743,-6.13747852609495,4.56655767405345));
#11188=CARTESIAN_POINT('',(26.0357632127797,-6.20639715221689,4.55040480793374));
#11189=CARTESIAN_POINT('',(26.2857315348806,-6.38926531319257,4.53411258967235));
#11190=CARTESIAN_POINT('',(24.1705,-7.6,7.55316481691059));
#11191=CARTESIAN_POINT('',(24.1705,-7.31937464823731,7.53530767405345));
#11192=CARTESIAN_POINT('',(24.292258776914,-7.06653994275496,7.51745053119631));
#11193=CARTESIAN_POINT('',(24.414017553828,-6.81370523727261,7.49959338833917));
#11194=CARTESIAN_POINT('',(24.6334192886147,-6.63873819230556,7.48173624548202));
#11195=CARTESIAN_POINT('',(24.8528210234014,-6.4637711473385,7.46387910262488));
#11196=CARTESIAN_POINT('',(25.1264105117007,-6.40132613197245,7.44602195976774));
#11197=CARTESIAN_POINT('',(25.4,-6.33888111660639,7.42816481691059));
#11198=CARTESIAN_POINT('',(25.6735894882993,-6.40132613197245,7.41030767405345));
#11199=CARTESIAN_POINT('',(25.9471789765986,-6.4637711473385,7.39245053119631));
#11200=CARTESIAN_POINT('',(26.1665807113853,-6.63873819230556,7.37459338833917));
#11201=CARTESIAN_POINT('',(26.3859824461721,-6.81370523727261,7.35673624548202));
#11202=CARTESIAN_POINT('',(26.507741223086,-7.06653994275496,7.33887910262488));
#11203=CARTESIAN_POINT('',(26.6295,-7.31937464823731,7.32102195976774));
#11204=CARTESIAN_POINT('',(26.6295,-7.6,7.30316481691059));
#11205=CARTESIAN_POINT('',(26.6295,-7.88062535176269,7.28530767405345));
#11206=CARTESIAN_POINT('',(26.507741223086,-8.13346005724504,7.26745053119631));
#11207=CARTESIAN_POINT('',(26.3859824461721,-8.38629476272739,7.24959338833917));
#11208=CARTESIAN_POINT('',(26.1665807113853,-8.56126180769444,7.23173624548202));
#11209=CARTESIAN_POINT('',(25.9471789765986,-8.7362288526615,7.21387910262488));
#11210=CARTESIAN_POINT('',(25.6735894882993,-8.79867386802755,7.19602195976774));
#11211=CARTESIAN_POINT('',(25.4,-8.86111888339361,7.17816481691059));
#11212=CARTESIAN_POINT('',(25.1264105117007,-8.79867386802755,7.16030767405345));
#11213=CARTESIAN_POINT('',(24.8528210234014,-8.7362288526615,7.14245053119631));
#11214=CARTESIAN_POINT('',(24.6334192886147,-8.56126180769444,7.12459338833917));
#11215=CARTESIAN_POINT('',(24.414017553828,-8.38629476272739,7.10673624548202));
#11216=CARTESIAN_POINT('',(24.292258776914,-8.13346005724504,7.08887910262488));
#11217=CARTESIAN_POINT('',(24.1705,-7.88062535176269,7.07102195976774));
#11218=CARTESIAN_POINT('',(24.1705,-7.6,7.05316481691059));
#11219=CARTESIAN_POINT('',(24.1705,-7.31937464823731,7.03530767405345));
#11220=CARTESIAN_POINT('',(24.292258776914,-7.06653994275496,7.01745053119631));
#11221=CARTESIAN_POINT('',(24.414017553828,-6.81370523727261,6.99959338833917));
#11222=CARTESIAN_POINT('',(24.6334192886147,-6.63873819230556,6.98173624548202));
#11223=CARTESIAN_POINT('',(24.8528210234014,-6.4637711473385,6.96387910262488));
#11224=CARTESIAN_POINT('',(25.1264105117007,-6.40132613197245,6.94602195976774));
#11225=CARTESIAN_POINT('',(25.4,-6.33888111660639,6.92816481691059));
#11226=CARTESIAN_POINT('',(25.6735894882993,-6.40132613197245,6.91030767405345));
#11227=CARTESIAN_POINT('',(25.9471789765986,-6.4637711473385,6.89245053119631));
#11228=CARTESIAN_POINT('',(26.1665807113853,-6.63873819230556,6.87459338833917));
#11229=CARTESIAN_POINT('',(26.3859824461721,-6.81370523727261,6.85673624548202));
#11230=CARTESIAN_POINT('',(26.507741223086,-7.06653994275496,6.83887910262488));
#11231=CARTESIAN_POINT('',(26.6295,-7.31937464823731,6.82102195976774));
#11232=CARTESIAN_POINT('',(26.6295,-7.6,6.80316481691059));
#11233=CARTESIAN_POINT('',(26.6295,-7.88062535176269,6.78530767405345));
#11234=CARTESIAN_POINT('',(26.507741223086,-8.13346005724504,6.76745053119631));
#11235=CARTESIAN_POINT('',(26.3859824461721,-8.38629476272739,6.74959338833917));
#11236=CARTESIAN_POINT('',(26.1665807113853,-8.56126180769444,6.73173624548202));
#11237=CARTESIAN_POINT('',(25.9471789765986,-8.7362288526615,6.71387910262488));
#11238=CARTESIAN_POINT('',(25.6735894882993,-8.79867386802755,6.69602195976774));
#11239=CARTESIAN_POINT('',(25.4,-8.86111888339361,6.67816481691059));
#11240=CARTESIAN_POINT('',(25.1264105117007,-8.79867386802755,6.66030767405345));
#11241=CARTESIAN_POINT('',(24.8528210234014,-8.7362288526615,6.64245053119631));
#11242=CARTESIAN_POINT('',(24.6334192886147,-8.56126180769444,6.62459338833917));
#11243=CARTESIAN_POINT('',(24.414017553828,-8.38629476272739,6.60673624548202));
#11244=CARTESIAN_POINT('',(24.292258776914,-8.13346005724504,6.58887910262488));
#11245=CARTESIAN_POINT('',(24.1705,-7.88062535176269,6.57102195976774));
#11246=CARTESIAN_POINT('',(24.1705,-7.6,6.55316481691059));
#11247=CARTESIAN_POINT('',(24.1705,-7.31937464823731,6.53530767405345));
#11248=CARTESIAN_POINT('',(24.292258776914,-7.06653994275496,6.51745053119631));
#11249=CARTESIAN_POINT('',(24.414017553828,-6.81370523727261,6.49959338833917));
#11250=CARTESIAN_POINT('',(24.6334192886147,-6.63873819230556,6.48173624548202));
#11251=CARTESIAN_POINT('',(24.8528210234014,-6.4637711473385,6.46387910262488));
#11252=CARTESIAN_POINT('',(25.1264105117007,-6.40132613197245,6.44602195976774));
#11253=CARTESIAN_POINT('',(25.4,-6.33888111660639,6.42816481691059));
#11254=CARTESIAN_POINT('',(25.6735894882993,-6.40132613197245,6.41030767405345));
#11255=CARTESIAN_POINT('',(25.9471789765986,-6.4637711473385,6.39245053119631));
#11256=CARTESIAN_POINT('',(26.1665807113853,-6.63873819230556,6.37459338833917));
#11257=CARTESIAN_POINT('',(26.3859824461721,-6.81370523727261,6.35673624548202));
#11258=CARTESIAN_POINT('',(26.507741223086,-7.06653994275496,6.33887910262488));
#11259=CARTESIAN_POINT('',(26.6295,-7.31937464823731,6.32102195976774));
#11260=CARTESIAN_POINT('',(26.6295,-7.6,6.30316481691059));
#11261=CARTESIAN_POINT('',(26.6295,-7.88062535176269,6.28530767405345));
#11262=CARTESIAN_POINT('',(26.507741223086,-8.13346005724504,6.26745053119631));
#11263=CARTESIAN_POINT('',(26.3859824461721,-8.38629476272739,6.24959338833917));
#11264=CARTESIAN_POINT('',(26.1665807113853,-8.56126180769444,6.23173624548202));
#11265=CARTESIAN_POINT('',(25.9471789765986,-8.7362288526615,6.21387910262488));
#11266=CARTESIAN_POINT('',(25.6735894882993,-8.79867386802755,6.19602195976774));
#11267=CARTESIAN_POINT('',(25.4,-8.86111888339361,6.17816481691059));
#11268=CARTESIAN_POINT('',(25.1264105117007,-8.79867386802755,6.16030767405345));
#11269=CARTESIAN_POINT('',(24.8528210234014,-8.7362288526615,6.14245053119631));
#11270=CARTESIAN_POINT('',(24.6334192886147,-8.56126180769444,6.12459338833917));
#11271=CARTESIAN_POINT('',(24.414017553828,-8.38629476272739,6.10673624548202));
#11272=CARTESIAN_POINT('',(24.292258776914,-8.13346005724504,6.08887910262488));
#11273=CARTESIAN_POINT('',(24.1705,-7.88062535176269,6.07102195976774));
#11274=CARTESIAN_POINT('',(24.1705,-7.6,6.05316481691059));
#11275=CARTESIAN_POINT('',(24.1705,-7.31937464823731,6.03530767405345));
#11276=CARTESIAN_POINT('',(24.292258776914,-7.06653994275496,6.01745053119631));
#11277=CARTESIAN_POINT('',(24.414017553828,-6.81370523727261,5.99959338833917));
#11278=CARTESIAN_POINT('',(24.6334192886147,-6.63873819230556,5.98173624548202));
#11279=CARTESIAN_POINT('',(24.8528210234014,-6.4637711473385,5.96387910262488));
#11280=CARTESIAN_POINT('',(25.1264105117007,-6.40132613197245,5.94602195976774));
#11281=CARTESIAN_POINT('',(25.4,-6.33888111660639,5.92816481691059));
#11282=CARTESIAN_POINT('',(25.6735894882993,-6.40132613197245,5.91030767405345));
#11283=CARTESIAN_POINT('',(25.9471789765986,-6.4637711473385,5.89245053119631));
#11284=CARTESIAN_POINT('',(26.1665807113853,-6.63873819230556,5.87459338833917));
#11285=CARTESIAN_POINT('',(26.3859824461721,-6.81370523727261,5.85673624548202));
#11286=CARTESIAN_POINT('',(26.507741223086,-7.06653994275496,5.83887910262488));
#11287=CARTESIAN_POINT('',(26.6295,-7.31937464823731,5.82102195976774));
#11288=CARTESIAN_POINT('',(26.6295,-7.6,5.80316481691059));
#11289=CARTESIAN_POINT('',(26.6295,-7.88062535176269,5.78530767405345));
#11290=CARTESIAN_POINT('',(26.507741223086,-8.13346005724504,5.76745053119631));
#11291=CARTESIAN_POINT('',(26.3859824461721,-8.38629476272739,5.74959338833917));
#11292=CARTESIAN_POINT('',(26.1665807113853,-8.56126180769444,5.73173624548202));
#11293=CARTESIAN_POINT('',(25.9471789765986,-8.7362288526615,5.71387910262488));
#11294=CARTESIAN_POINT('',(25.6735894882993,-8.79867386802755,5.69602195976774));
#11295=CARTESIAN_POINT('',(25.4,-8.86111888339361,5.67816481691059));
#11296=CARTESIAN_POINT('',(25.1264105117007,-8.79867386802755,5.66030767405345));
#11297=CARTESIAN_POINT('',(24.8528210234014,-8.7362288526615,5.64245053119631));
#11298=CARTESIAN_POINT('',(24.6334192886147,-8.56126180769444,5.62459338833917));
#11299=CARTESIAN_POINT('',(24.414017553828,-8.38629476272739,5.60673624548202));
#11300=CARTESIAN_POINT('',(24.292258776914,-8.13346005724504,5.58887910262488));
#11301=CARTESIAN_POINT('',(24.1705,-7.88062535176269,5.57102195976774));
#11302=CARTESIAN_POINT('',(24.1705,-7.6,5.55316481691059));
#11303=CARTESIAN_POINT('',(24.1705,-7.31937464823731,5.53530767405345));
#11304=CARTESIAN_POINT('',(24.292258776914,-7.06653994275496,5.51745053119631));
#11305=CARTESIAN_POINT('',(24.414017553828,-6.81370523727261,5.49959338833917));
#11306=CARTESIAN_POINT('',(24.6334192886147,-6.63873819230556,5.48173624548202));
#11307=CARTESIAN_POINT('',(24.8528210234014,-6.4637711473385,5.46387910262488));
#11308=CARTESIAN_POINT('',(25.1264105117007,-6.40132613197245,5.44602195976774));
#11309=CARTESIAN_POINT('',(25.4,-6.33888111660639,5.42816481691059));
#11310=CARTESIAN_POINT('',(25.6735894882993,-6.40132613197245,5.41030767405345));
#11311=CARTESIAN_POINT('',(25.9471789765986,-6.4637711473385,5.39245053119631));
#11312=CARTESIAN_POINT('',(26.1665807113853,-6.63873819230556,5.37459338833917));
#11313=CARTESIAN_POINT('',(26.3859824461721,-6.81370523727261,5.35673624548202));
#11314=CARTESIAN_POINT('',(26.507741223086,-7.06653994275496,5.33887910262488));
#11315=CARTESIAN_POINT('',(26.6295,-7.31937464823731,5.32102195976774));
#11316=CARTESIAN_POINT('',(26.6295,-7.6,5.30316481691059));
#11317=CARTESIAN_POINT('',(26.6295,-7.88062535176269,5.28530767405345));
#11318=CARTESIAN_POINT('',(26.507741223086,-8.13346005724504,5.26745053119631));
#11319=CARTESIAN_POINT('',(26.3859824461721,-8.38629476272739,5.24959338833917));
#11320=CARTESIAN_POINT('',(26.1665807113853,-8.56126180769444,5.23173624548202));
#11321=CARTESIAN_POINT('',(25.9471789765986,-8.7362288526615,5.21387910262488));
#11322=CARTESIAN_POINT('',(25.6735894882993,-8.79867386802755,5.19602195976774));
#11323=CARTESIAN_POINT('',(25.4,-8.86111888339361,5.17816481691059));
#11324=CARTESIAN_POINT('',(25.1264105117007,-8.79867386802755,5.16030767405345));
#11325=CARTESIAN_POINT('',(24.8528210234014,-8.7362288526615,5.14245053119631));
#11326=CARTESIAN_POINT('',(24.6334192886147,-8.56126180769444,5.12459338833917));
#11327=CARTESIAN_POINT('',(24.414017553828,-8.38629476272739,5.10673624548202));
#11328=CARTESIAN_POINT('',(24.292258776914,-8.13346005724504,5.08887910262488));
#11329=CARTESIAN_POINT('',(24.1705,-7.88062535176269,5.07102195976774));
#11330=CARTESIAN_POINT('',(24.1705,-7.6,5.05316481691059));
#11331=CARTESIAN_POINT('',(24.1705,-7.31937464823731,5.03530767405345));
#11332=CARTESIAN_POINT('',(24.292258776914,-7.06653994275496,5.01745053119631));
#11333=CARTESIAN_POINT('',(24.414017553828,-6.81370523727261,4.99959338833917));
#11334=CARTESIAN_POINT('',(24.6334192886147,-6.63873819230556,4.98173624548202));
#11335=CARTESIAN_POINT('',(24.8528210234014,-6.4637711473385,4.96387910262488));
#11336=CARTESIAN_POINT('',(25.1264105117007,-6.40132613197245,4.94602195976774));
#11337=CARTESIAN_POINT('',(25.4,-6.33888111660639,4.92816481691059));
#11338=CARTESIAN_POINT('',(25.6735894882993,-6.40132613197245,4.91030767405345));
#11339=CARTESIAN_POINT('',(25.9471789765986,-6.4637711473385,4.89245053119631));
#11340=CARTESIAN_POINT('',(26.1665807113853,-6.63873819230556,4.87459338833917));
#11341=CARTESIAN_POINT('',(26.3859824461721,-6.81370523727261,4.85673624548202));
#11342=CARTESIAN_POINT('',(26.507741223086,-7.06653994275496,4.83887910262488));
#11343=CARTESIAN_POINT('',(26.6295,-7.31937464823731,4.82102195976774));
#11344=CARTESIAN_POINT('',(26.6295,-7.6,4.80316481691059));
#11345=CARTESIAN_POINT('',(26.6295,-7.88062535176269,4.78530767405345));
#11346=CARTESIAN_POINT('',(26.507741223086,-8.13346005724504,4.76745053119631));
#11347=CARTESIAN_POINT('',(26.3859824461721,-8.38629476272739,4.74959338833917));
#11348=CARTESIAN_POINT('',(26.1665807113853,-8.56126180769444,4.73173624548202));
#11349=CARTESIAN_POINT('',(25.9471789765986,-8.7362288526615,4.71387910262488));
#11350=CARTESIAN_POINT('',(25.6735894882993,-8.79867386802755,4.69602195976774));
#11351=CARTESIAN_POINT('',(25.4,-8.86111888339361,4.67816481691059));
#11352=CARTESIAN_POINT('',(25.1264105117007,-8.79867386802755,4.66030767405345));
#11353=CARTESIAN_POINT('',(24.8528210234014,-8.7362288526615,4.64245053119631));
#11354=CARTESIAN_POINT('',(24.6334192886147,-8.56126180769444,4.62459338833917));
#11355=CARTESIAN_POINT('',(24.414017553828,-8.38629476272739,4.60673624548202));
#11356=CARTESIAN_POINT('',(24.292258776914,-8.13346005724504,4.58887910262488));
#11357=CARTESIAN_POINT('',(24.1705,-7.88062535176269,4.57102195976774));
#11358=CARTESIAN_POINT('',(24.1705,-7.6,4.55316481691059));
#11359=CARTESIAN_POINT('',(24.1705,-7.31937464823731,4.53530767405345));
#11360=CARTESIAN_POINT('',(24.292258776914,-7.06653994275496,4.51745053119631));
#11361=CARTESIAN_POINT('',(24.414017553828,-6.81370523727261,4.49959338833917));
#11362=CARTESIAN_POINT('',(24.6334192886147,-6.63873819230556,4.48173624548202));
#11363=CARTESIAN_POINT('',(24.8528210234014,-6.4637711473385,4.46387910262488));
#11364=CARTESIAN_POINT('',(25.1264105117007,-6.40132613197245,4.44602195976774));
#11365=CARTESIAN_POINT('',(25.4,-6.33888111660639,4.42816481691059));
#11366=CARTESIAN_POINT('',(25.6735894882993,-6.40132613197245,4.41030767405345));
#11367=CARTESIAN_POINT('',(25.9210677333697,-6.4578114264633,4.39415480793374));
#11368=CARTESIAN_POINT('',(26.1259402777277,-6.60768907938454,4.37786258967235));
#11369=CARTESIAN_POINT('',(0.,-11.1,7.25316481691059));
#11370=CARTESIAN_POINT('',(29.2,11.1,4.65316481691059));
#11371=CARTESIAN_POINT('',(0.,11.1,7.25316481691059));
#11372=CARTESIAN_POINT('',(-29.2,-11.1,4.65316481691059));
#11373=MECHANICAL_DESIGN_GEOMETRIC_PRESENTATION_REPRESENTATION('',(#1757,
#1758,#1759,#1760,#1761,#1762,#1763,#1764,#1765,#1766,#1767,#1768,#1769,
#1770,#1771,#1772,#1773,#1774,#1775,#1776,#1777,#1778,#1779,#1780,#1781,
#1782,#1783,#1784,#1785,#1786,#1787,#1788,#1789,#1790,#1791,#1792,#1793,
#1794,#1795,#1796,#1797,#1798,#1799,#1800,#1801,#1802,#1803,#1804,#1805,
#1806,#1807,#1808,#1809,#1810,#1811,#1812,#1813,#1814,#1815,#1816,#1817,
#1818,#1819,#1820,#1821,#1822,#1823,#1824,#1825,#1826,#1827,#1828,#1829,
#1830,#1831,#1832,#1833,#1834,#1835,#1836,#1837,#1838,#1839,#1840,#1841,
#1842,#1843,#1844,#1845,#1846,#1847,#1848,#1849,#1850,#1851,#1852,#1853,
#1854,#1855,#1856,#1857,#1858,#1859,#1860,#1861,#1862,#1863,#1864,#1865,
#1866,#1867,#1868,#1869,#1870,#1871,#1872,#1873,#1874,#1875,#1876,#1877,
#1878,#1879),#11374);
#11374=(
GEOMETRIC_REPRESENTATION_CONTEXT(3)
GLOBAL_UNCERTAINTY_ASSIGNED_CONTEXT((#11375))
GLOBAL_UNIT_ASSIGNED_CONTEXT((#11378,#11377,#11376))
REPRESENTATION_CONTEXT('E48SC12030NRFH','TOP_LEVEL_ASSEMBLY_PART')
);
#11375=UNCERTAINTY_MEASURE_WITH_UNIT(LENGTH_MEASURE(0.005),#11378,
'DISTANCE_ACCURACY_VALUE','Maximum Tolerance applied to model');
#11376=(
NAMED_UNIT(*)
SI_UNIT($,.STERADIAN.)
SOLID_ANGLE_UNIT()
);
#11377=(
NAMED_UNIT(*)
PLANE_ANGLE_UNIT()
SI_UNIT($,.RADIAN.)
);
#11378=(
LENGTH_UNIT()
NAMED_UNIT(*)
SI_UNIT(.MILLI.,.METRE.)
);
#11379=PRODUCT_DEFINITION_SHAPE('','',#11380);
#11380=PRODUCT_DEFINITION('','',#11382,#11381);
#11381=PRODUCT_DEFINITION_CONTEXT('',#11388,'design');
#11382=PRODUCT_DEFINITION_FORMATION_WITH_SPECIFIED_SOURCE('','',#11384,
 .NOT_KNOWN.);
#11383=PRODUCT_RELATED_PRODUCT_CATEGORY('','',(#11384));
#11384=PRODUCT('E48SC12030NRFH','E48SC12030NRFH','E48SC12030NRFH',(#11386));
#11385=PRODUCT_CATEGORY('','');
#11386=PRODUCT_CONTEXT('',#11388,'mechanical');
#11387=APPLICATION_PROTOCOL_DEFINITION('international standard',
'automotive_design',2010,#11388);
#11388=APPLICATION_CONTEXT(
'core data for automotive mechanical design processes');
ENDSEC;
END-ISO-10303-21;
